trial,incumbent,candidate,design,resample,n_tasks,horizon_pairs,success_shift,mean_pairs_available,min_pairs_available,method,alpha_scheme,alpha_win,alpha_guard,alpha_harm,delta,min_n,reps,p_deploy,p_harm_stop,p_any_decision,se_p_deploy,se_p_harm,p_deploy_retained_variant,p_win_gate_ever,p_guard_gate_ever,p_harm_gate_ever,stop_pair_q25_given_stop,stop_pair_median_given_stop,stop_pair_q75_given_stop,stop_pair_q25_censored,stop_pair_median_censored,stop_pair_q75_censored,deploy_pair_median,harm_pair_median,mean_frac_arrivals_after_decision,exp_frac_arrivals_saved_from_inferior,exp_frac_of_inferior_exposures_avoided,exp_frac_latency_saved,median_arrivals_started_at_decision_given_stop
T1,self_test_repair,single_shot,pair_coin,perm,591,295,none,295.0,295,betting,nosplit_iut,0.05,0.05,0.05,0.03,10,20000,0.02265,0.0,0.02265,0.0010520688546858,0.0,0.02265,1.0,0.02265,0.0,50.0,116.0,198.0,,,,116.0,,0.0126197123519458,0.0063061759729272,0.0126121300065108,0.0079811455536168,235.0
T1,self_test_repair,single_shot,pair_coin,perm,591,295,none,295.0,295,betting,nosplit_iut,0.05,0.05,0.05,0.03,20,20000,0.02235,0.0,0.02235,0.0010452386689172,0.0,0.02235,1.0,0.02235,0.0,55.0,119.0,198.5,,,,119.0,,0.012327157360406,0.006160067681895,0.0123199185665768,0.007794883720964,239.0
T1,self_test_repair,single_shot,pair_coin,perm,591,295,none,295.0,295,betting,nosplit_iut,0.05,0.05,0.05,0.05,10,20000,0.0618,0.0,0.0618,0.001702656160239,0.0,0.0618,1.0,0.0618,0.0,81.0,159.0,229.0,,,,159.0,,0.0288882402707275,0.0144287648054145,0.0288570218053692,0.0182752645764611,321.5
T1,self_test_repair,single_shot,pair_coin,perm,591,295,none,295.0,295,betting,nosplit_iut,0.05,0.05,0.05,0.05,20,20000,0.06135,0.0,0.06135,0.0016968526379741,0.0,0.06135,1.0,0.06135,0.0,83.0,160.0,231.0,,,,160.0,,0.0283499153976311,0.0141598138747884,0.028319129409567,0.0179333765425949,323.0
T1,self_test_repair,single_shot,pair_coin,perm,591,295,none,295.0,295,betting,nosplit_iut,0.05,0.05,0.05,0.1,10,20000,0.40805,0.0,0.40805,0.0034752352258516,0.0,0.40815,1.0,0.40815,0.0,113.0,179.0,239.0,206.0,,,179.0,,0.1672045685279187,0.083503130287648,0.167003321768957,0.1057580894665236,361.0
T1,self_test_repair,single_shot,pair_coin,perm,591,295,none,295.0,295,betting,nosplit_iut,0.05,0.05,0.05,0.1,20,20000,0.4074,0.0,0.4074,0.0034743721735012,0.0,0.4074,1.0,0.4074,0.0,114.0,180.0,239.0,206.0,,,180.0,,0.1662589678510998,0.0830297800338409,0.1660566379204156,0.1051576846512358,361.0
T1,self_test_repair,single_shot,pair_coin,perm,591,295,none,295.0,295,betting,nosplit_iut,0.05,0.05,0.05,0.15,10,20000,0.87825,0.0,0.87825,0.0023122168745599,0.0,0.87825,1.0,0.87825,0.0,88.0,142.0,202.0,96.0,158.0,233.0,142.0,,0.4404267343485617,0.2199976311336717,0.4399875196781647,0.2785752251044017,287.0
T1,self_test_repair,single_shot,pair_coin,perm,591,295,none,295.0,295,betting,nosplit_iut,0.05,0.05,0.05,0.15,20,20000,0.87805,0.0,0.87805,0.0023138517400646,0.0,0.87805,1.0,0.87805,0.0,89.0,143.0,202.0,96.0,159.0,233.0,143.0,,0.4382382402707276,0.2189029610829103,0.4377982181024225,0.2771869509794469,289.0
T1,self_test_repair,single_shot,pair_coin,perm,591,295,none,295.0,295,betting,deploy_bonf2,0.025,0.025,0.05,0.03,10,20000,0.01035,0.0,0.01035,0.0007156422814507,0.0,0.01035,1.0,0.01035,0.0,61.0,136.0,218.5,,,,136.0,,0.005360067681895,0.0026791878172588,0.0053582813432724,0.0033949832248418,273.0
T1,self_test_repair,single_shot,pair_coin,perm,591,295,none,295.0,295,betting,deploy_bonf2,0.025,0.025,0.05,0.03,20,20000,0.0103,0.0,0.0103,0.0007139296183798,0.0,0.0103,1.0,0.0103,0.0,61.25,136.5,218.75,,,,136.5,,0.0053049915397631,0.0026516920473773,0.0053032907711945,0.0033598763029393,274.5
T1,self_test_repair,single_shot,pair_coin,perm,591,295,none,295.0,295,betting,deploy_bonf2,0.025,0.025,0.05,0.05,10,20000,0.03485,0.0,0.03485,0.0012968322462832,0.0,0.03485,1.0,0.03485,0.0,94.0,171.0,234.0,,,,171.0,,0.0153183587140439,0.0076539763113367,0.0153076832488903,0.0096886032924449,344.0
T1,self_test_repair,single_shot,pair_coin,perm,591,295,none,295.0,295,betting,deploy_bonf2,0.025,0.025,0.05,0.05,20,20000,0.0346,0.0,0.0346,0.0012923397386136,0.0,0.0346,1.0,0.0346,0.0,94.75,172.5,235.0,,,,172.5,,0.0150732656514382,0.007531641285956,0.0150630175035836,0.0095331840019257,347.0
T1,self_test_repair,single_shot,pair_coin,perm,591,295,none,295.0,295,betting,deploy_bonf2,0.025,0.025,0.05,0.1,10,20000,0.30365,0.0,0.30365,0.0032515125518748,0.0,0.30365,1.0,0.30365,0.0,128.0,190.0,247.0,262.0,,,190.0,,0.1142919627749576,0.0570718274111675,0.1141416462383741,0.0722939031265007,384.0
T1,self_test_repair,single_shot,pair_coin,perm,591,295,none,295.0,295,betting,deploy_bonf2,0.025,0.025,0.05,0.1,20,20000,0.3035,0.0,0.3035,0.0032510594427047,0.0,0.3035,1.0,0.3035,0.0,128.0,190.0,247.0,262.0,,,190.0,,0.1139346869712352,0.0568930626057529,0.1137841229189875,0.0720661215388015,384.0
T1,self_test_repair,single_shot,pair_coin,perm,591,295,none,295.0,295,betting,deploy_bonf2,0.025,0.025,0.05,0.15,10,20000,0.8169,0.0,0.8169,0.002734724757631,0.0,0.8169,1.0,0.8169,0.0,105.0,161.0,219.0,119.0,186.0,266.0,161.0,,0.3672077834179357,0.1834071912013536,0.3668079275762321,0.2322132904084651,324.0
T1,self_test_repair,single_shot,pair_coin,perm,591,295,none,295.0,295,betting,deploy_bonf2,0.025,0.025,0.05,0.15,20,20000,0.81655,0.0,0.81655,0.0027367507878869,0.0,0.81655,1.0,0.81655,0.0,106.0,161.0,219.0,119.0,186.0,266.0,161.0,,0.3660726734348561,0.1828392554991539,0.3656720761597427,0.2314940620853486,325.0
T1,self_test_repair,single_shot,pair_coin,perm,591,295,none,295.0,295,betting,twosided_equal,0.025,0.025,0.025,0.03,10,20000,0.01035,0.0,0.01035,0.0007156422814507,0.0,0.01035,1.0,0.01035,0.0,61.0,136.0,218.5,,,,136.0,,0.005360067681895,0.0026791878172588,0.0053582813432724,0.0033949832248418,273.0
T1,self_test_repair,single_shot,pair_coin,perm,591,295,none,295.0,295,betting,twosided_equal,0.025,0.025,0.025,0.03,20,20000,0.0103,0.0,0.0103,0.0007139296183798,0.0,0.0103,1.0,0.0103,0.0,61.25,136.5,218.75,,,,136.5,,0.0053049915397631,0.0026516920473773,0.0053032907711945,0.0033598763029393,274.5
T1,self_test_repair,single_shot,pair_coin,perm,591,295,none,295.0,295,betting,twosided_equal,0.025,0.025,0.025,0.05,10,20000,0.03485,0.0,0.03485,0.0012968322462832,0.0,0.03485,1.0,0.03485,0.0,94.0,171.0,234.0,,,,171.0,,0.0153183587140439,0.0076539763113367,0.0153076832488903,0.0096886032924449,344.0
T1,self_test_repair,single_shot,pair_coin,perm,591,295,none,295.0,295,betting,twosided_equal,0.025,0.025,0.025,0.05,20,20000,0.0346,0.0,0.0346,0.0012923397386136,0.0,0.0346,1.0,0.0346,0.0,94.75,172.5,235.0,,,,172.5,,0.0150732656514382,0.007531641285956,0.0150630175035836,0.0095331840019257,347.0
T1,self_test_repair,single_shot,pair_coin,perm,591,295,none,295.0,295,betting,twosided_equal,0.025,0.025,0.025,0.1,10,20000,0.30365,0.0,0.30365,0.0032515125518748,0.0,0.30365,1.0,0.30365,0.0,128.0,190.0,247.0,262.0,,,190.0,,0.1142919627749576,0.0570718274111675,0.1141416462383741,0.0722939031265007,384.0
T1,self_test_repair,single_shot,pair_coin,perm,591,295,none,295.0,295,betting,twosided_equal,0.025,0.025,0.025,0.1,20,20000,0.3035,0.0,0.3035,0.0032510594427047,0.0,0.3035,1.0,0.3035,0.0,128.0,190.0,247.0,262.0,,,190.0,,0.1139346869712352,0.0568930626057529,0.1137841229189875,0.0720661215388015,384.0
T1,self_test_repair,single_shot,pair_coin,perm,591,295,none,295.0,295,betting,twosided_equal,0.025,0.025,0.025,0.15,10,20000,0.8169,0.0,0.8169,0.002734724757631,0.0,0.8169,1.0,0.8169,0.0,105.0,161.0,219.0,119.0,186.0,266.0,161.0,,0.3672077834179357,0.1834071912013536,0.3668079275762321,0.2322132904084651,324.0
T1,self_test_repair,single_shot,pair_coin,perm,591,295,none,295.0,295,betting,twosided_equal,0.025,0.025,0.025,0.15,20,20000,0.81655,0.0,0.81655,0.0027367507878869,0.0,0.81655,1.0,0.81655,0.0,106.0,161.0,219.0,119.0,186.0,266.0,161.0,,0.3660726734348561,0.1828392554991539,0.3656720761597427,0.2314940620853486,325.0
T1,self_test_repair,single_shot,pair_coin,perm,591,295,none,295.0,295,betting,bonf3,0.0166666666666666,0.0166666666666666,0.0166666666666666,0.03,10,20000,0.00665,0.0,0.00665,0.0005747076430673,0.0,0.00665,1.0,0.00665,0.0,55.0,134.0,219.0,,,,134.0,,0.0034391708967851,0.0017178510998307,0.0034356417416681,0.0021834904194314,269.0
T1,self_test_repair,single_shot,pair_coin,perm,591,295,none,295.0,295,betting,bonf3,0.0166666666666666,0.0166666666666666,0.0166666666666666,0.03,20,20000,0.0066,0.0,0.0066,0.0005725574207011,0.0,0.0066,1.0,0.0066,0.0,57.25,134.5,221.0,,,,134.5,,0.0033818950930626,0.0016892554991539,0.0033784515467071,0.0021471725749532,274.0
T1,self_test_repair,single_shot,pair_coin,perm,591,295,none,295.0,295,betting,bonf3,0.0166666666666666,0.0166666666666666,0.0166666666666666,0.05,10,20000,0.0242,0.0,0.0242,0.00108660848515,0.0,0.0242,1.0,0.0242,0.0,101.75,176.0,239.0,,,,176.0,,0.0102098138747884,0.0051003384094754,0.0102004973178136,0.0064580212429367,353.0
T1,self_test_repair,single_shot,pair_coin,perm,591,295,none,295.0,295,betting,bonf3,0.0166666666666666,0.0166666666666666,0.0166666666666666,0.05,20,20000,0.02415,0.0,0.02415,0.001085513185088,0.0,0.02415,1.0,0.02415,0.0,102.5,176.0,239.0,,,,176.0,,0.0101555837563451,0.0050732656514382,0.0101463527545369,0.0064234066434408,353.0
T1,self_test_repair,single_shot,pair_coin,perm,591,295,none,295.0,295,betting,bonf3,0.0166666666666666,0.0166666666666666,0.0166666666666666,0.1,10,20000,0.2547,0.0,0.2547,0.0030808108510585,0.0,0.2547,1.0,0.2547,0.0,135.0,197.0,250.0,292.0,,,197.0,,0.0918110829103214,0.0458430626057529,0.0916845118123132,0.0580491267904674,395.0
T1,self_test_repair,single_shot,pair_coin,perm,591,295,none,295.0,295,betting,bonf3,0.0166666666666666,0.0166666666666666,0.0166666666666666,0.1,20,20000,0.2546,0.0,0.2546,0.0030804126346968,0.0,0.2546,1.0,0.2546,0.0,135.0,197.0,250.0,292.0,,,197.0,,0.0915950930626057,0.0457349407783417,0.0914682719627268,0.0579121134549136,395.0
T1,self_test_repair,single_shot,pair_coin,perm,591,295,none,295.0,295,betting,bonf3,0.0166666666666666,0.0166666666666666,0.0166666666666666,0.15,10,20000,0.7756,0.0,0.7756,0.0029499545759214,0.0,0.7756,1.0,0.7756,0.0,115.0,171.0,226.0,132.0,202.0,284.0,171.0,,0.3291496615905245,0.1643945008460237,0.3287832159975526,0.2081433041358328,343.0
T1,self_test_repair,single_shot,pair_coin,perm,591,295,none,295.0,295,betting,bonf3,0.0166666666666666,0.0166666666666666,0.0166666666666666,0.15,20,20000,0.77545,0.0,0.77545,0.0029506549908452,0.0,0.77545,1.0,0.77545,0.0,115.0,171.0,226.0,132.0,202.0,285.0,171.0,,0.3286060067681895,0.1641219120135363,0.3282380479260601,0.2077952251487056,343.0
T1,self_test_repair,single_shot,pair_coin,perm,591,295,none,295.0,295,normal_mixture,nosplit_iut,0.05,0.05,0.05,0.03,10,20000,0.0,0.0,0.0,0.0,0.0,0.0,1.0,0.0,0.0,,,,,,,,,0.0,0.0,0.0,0.0,
T1,self_test_repair,single_shot,pair_coin,perm,591,295,none,295.0,295,normal_mixture,nosplit_iut,0.05,0.05,0.05,0.03,20,20000,0.0,0.0,0.0,0.0,0.0,0.0,1.0,0.0,0.0,,,,,,,,,0.0,0.0,0.0,0.0,
T1,self_test_repair,single_shot,pair_coin,perm,591,295,none,295.0,295,normal_mixture,nosplit_iut,0.05,0.05,0.05,0.05,10,20000,5e-05,0.0,5e-05,4.999874998437461e-05,0.0,5e-05,1.0,5e-05,0.0,194.0,194.0,194.0,,,,194.0,,1.6751269035532997e-05,8.375634517766498e-06,1.6750974263735463e-05,1.0260425825858732e-05,393.0
T1,self_test_repair,single_shot,pair_coin,perm,591,295,none,295.0,295,normal_mixture,nosplit_iut,0.05,0.05,0.05,0.05,20,20000,5e-05,0.0,5e-05,4.999874998437461e-05,0.0,5e-05,1.0,5e-05,0.0,194.0,194.0,194.0,,,,194.0,,1.6751269035532997e-05,8.375634517766498e-06,1.6750974263735463e-05,1.0260425825858732e-05,393.0
T1,self_test_repair,single_shot,pair_coin,perm,591,295,none,295.0,295,normal_mixture,nosplit_iut,0.05,0.05,0.05,0.1,10,20000,0.0111,0.0,0.0111,0.0007408370266124,0.0,0.0111,1.0,0.0111,0.0,227.25,267.5,278.75,,,,267.5,,0.0015757191201353,0.0007862944162436,0.0015725611596682,0.0009850113313258,536.5
T1,self_test_repair,single_shot,pair_coin,perm,591,295,none,295.0,295,normal_mixture,nosplit_iut,0.05,0.05,0.05,0.1,20,20000,0.0111,0.0,0.0111,0.0007408370266124,0.0,0.0111,1.0,0.0111,0.0,227.25,267.5,278.75,,,,267.5,,0.0015757191201353,0.0007862944162436,0.0015725611596682,0.0009850113313258,536.5
T1,self_test_repair,single_shot,pair_coin,perm,591,295,none,295.0,295,normal_mixture,nosplit_iut,0.05,0.05,0.05,0.15,10,20000,0.20705,0.0,0.20705,0.002865137845724,0.0,0.20705,1.0,0.20705,0.0,215.0,248.0,277.0,,,,248.0,,0.0377060067681895,0.0188003384094754,0.0376000151604777,0.0237116173143963,499.0
T1,self_test_repair,single_shot,pair_coin,perm,591,295,none,295.0,295,normal_mixture,nosplit_iut,0.05,0.05,0.05,0.15,20,20000,0.20705,0.0,0.20705,0.002865137845724,0.0,0.20705,1.0,0.20705,0.0,215.0,248.0,277.0,,,,248.0,,0.0377060067681895,0.0188003384094754,0.0376000151604777,0.0237116173143963,499.0
T1,self_test_repair,single_shot,pair_coin,perm,591,295,none,295.0,295,normal_mixture,deploy_bonf2,0.025,0.025,0.05,0.03,10,20000,0.0,0.0,0.0,0.0,0.0,0.0,1.0,0.0,0.0,,,,,,,,,0.0,0.0,0.0,0.0,
T1,self_test_repair,single_shot,pair_coin,perm,591,295,none,295.0,295,normal_mixture,deploy_bonf2,0.025,0.025,0.05,0.03,20,20000,0.0,0.0,0.0,0.0,0.0,0.0,1.0,0.0,0.0,,,,,,,,,0.0,0.0,0.0,0.0,
T1,self_test_repair,single_shot,pair_coin,perm,591,295,none,295.0,295,normal_mixture,deploy_bonf2,0.025,0.025,0.05,0.05,10,20000,0.0,0.0,0.0,0.0,0.0,0.0,1.0,0.0,0.0,,,,,,,,,0.0,0.0,0.0,0.0,
T1,self_test_repair,single_shot,pair_coin,perm,591,295,none,295.0,295,normal_mixture,deploy_bonf2,0.025,0.025,0.05,0.05,20,20000,0.0,0.0,0.0,0.0,0.0,0.0,1.0,0.0,0.0,,,,,,,,,0.0,0.0,0.0,0.0,
T1,self_test_repair,single_shot,pair_coin,perm,591,295,none,295.0,295,normal_mixture,deploy_bonf2,0.025,0.025,0.05,0.1,10,20000,0.00255,0.0,0.00255,0.000356615864762,0.0,0.00255,1.0,0.00255,0.0,245.5,263.0,285.5,,,,263.0,,0.0002895939086294,0.0001440778341793,0.0002881505976882,0.0001790018096931,527.0
T1,self_test_repair,single_shot,pair_coin,perm,591,295,none,295.0,295,normal_mixture,deploy_bonf2,0.025,0.025,0.05,0.1,20,20000,0.00255,0.0,0.00255,0.000356615864762,0.0,0.00255,1.0,0.00255,0.0,245.5,263.0,285.5,,,,263.0,,0.0002895939086294,0.0001440778341793,0.0002881505976882,0.0001790018096931,527.0
T1,self_test_repair,single_shot,pair_coin,perm,591,295,none,295.0,295,normal_mixture,deploy_bonf2,0.025,0.025,0.05,0.15,10,20000,0.09105,0.0,0.09105,0.0020342062026746,0.0,0.09105,1.0,0.09105,0.0,225.0,258.0,277.0,,,,258.0,,0.0138851099830795,0.0069232656514382,0.0138462876456996,0.0087240002716352,518.0
T1,self_test_repair,single_shot,pair_coin,perm,591,295,none,295.0,295,normal_mixture,deploy_bonf2,0.025,0.025,0.05,0.15,20,20000,0.09105,0.0,0.09105,0.0020342062026746,0.0,0.09105,1.0,0.09105,0.0,225.0,258.0,277.0,,,,258.0,,0.0138851099830795,0.0069232656514382,0.0138462876456996,0.0087240002716352,518.0
T1,self_test_repair,single_shot,pair_coin,perm,591,295,none,295.0,295,normal_mixture,twosided_equal,0.025,0.025,0.025,0.03,10,20000,0.0,0.0,0.0,0.0,0.0,0.0,1.0,0.0,0.0,,,,,,,,,0.0,0.0,0.0,0.0,
T1,self_test_repair,single_shot,pair_coin,perm,591,295,none,295.0,295,normal_mixture,twosided_equal,0.025,0.025,0.025,0.03,20,20000,0.0,0.0,0.0,0.0,0.0,0.0,1.0,0.0,0.0,,,,,,,,,0.0,0.0,0.0,0.0,
T1,self_test_repair,single_shot,pair_coin,perm,591,295,none,295.0,295,normal_mixture,twosided_equal,0.025,0.025,0.025,0.05,10,20000,0.0,0.0,0.0,0.0,0.0,0.0,1.0,0.0,0.0,,,,,,,,,0.0,0.0,0.0,0.0,
T1,self_test_repair,single_shot,pair_coin,perm,591,295,none,295.0,295,normal_mixture,twosided_equal,0.025,0.025,0.025,0.05,20,20000,0.0,0.0,0.0,0.0,0.0,0.0,1.0,0.0,0.0,,,,,,,,,0.0,0.0,0.0,0.0,
T1,self_test_repair,single_shot,pair_coin,perm,591,295,none,295.0,295,normal_mixture,twosided_equal,0.025,0.025,0.025,0.1,10,20000,0.00255,0.0,0.00255,0.000356615864762,0.0,0.00255,1.0,0.00255,0.0,245.5,263.0,285.5,,,,263.0,,0.0002895939086294,0.0001440778341793,0.0002881505976882,0.0001790018096931,527.0
T1,self_test_repair,single_shot,pair_coin,perm,591,295,none,295.0,295,normal_mixture,twosided_equal,0.025,0.025,0.025,0.1,20,20000,0.00255,0.0,0.00255,0.000356615864762,0.0,0.00255,1.0,0.00255,0.0,245.5,263.0,285.5,,,,263.0,,0.0002895939086294,0.0001440778341793,0.0002881505976882,0.0001790018096931,527.0
T1,self_test_repair,single_shot,pair_coin,perm,591,295,none,295.0,295,normal_mixture,twosided_equal,0.025,0.025,0.025,0.15,10,20000,0.09105,0.0,0.09105,0.0020342062026746,0.0,0.09105,1.0,0.09105,0.0,225.0,258.0,277.0,,,,258.0,,0.0138851099830795,0.0069232656514382,0.0138462876456996,0.0087240002716352,518.0
T1,self_test_repair,single_shot,pair_coin,perm,591,295,none,295.0,295,normal_mixture,twosided_equal,0.025,0.025,0.025,0.15,20,20000,0.09105,0.0,0.09105,0.0020342062026746,0.0,0.09105,1.0,0.09105,0.0,225.0,258.0,277.0,,,,258.0,,0.0138851099830795,0.0069232656514382,0.0138462876456996,0.0087240002716352,518.0
T1,self_test_repair,single_shot,pair_coin,perm,591,295,none,295.0,295,normal_mixture,bonf3,0.0166666666666666,0.0166666666666666,0.0166666666666666,0.03,10,20000,0.0,0.0,0.0,0.0,0.0,0.0,1.0,0.0,0.0,,,,,,,,,0.0,0.0,0.0,0.0,
T1,self_test_repair,single_shot,pair_coin,perm,591,295,none,295.0,295,normal_mixture,bonf3,0.0166666666666666,0.0166666666666666,0.0166666666666666,0.03,20,20000,0.0,0.0,0.0,0.0,0.0,0.0,1.0,0.0,0.0,,,,,,,,,0.0,0.0,0.0,0.0,
T1,self_test_repair,single_shot,pair_coin,perm,591,295,none,295.0,295,normal_mixture,bonf3,0.0166666666666666,0.0166666666666666,0.0166666666666666,0.05,10,20000,0.0,0.0,0.0,0.0,0.0,0.0,1.0,0.0,0.0,,,,,,,,,0.0,0.0,0.0,0.0,
T1,self_test_repair,single_shot,pair_coin,perm,591,295,none,295.0,295,normal_mixture,bonf3,0.0166666666666666,0.0166666666666666,0.0166666666666666,0.05,20,20000,0.0,0.0,0.0,0.0,0.0,0.0,1.0,0.0,0.0,,,,,,,,,0.0,0.0,0.0,0.0,
T1,self_test_repair,single_shot,pair_coin,perm,591,295,none,295.0,295,normal_mixture,bonf3,0.0166666666666666,0.0166666666666666,0.0166666666666666,0.1,10,20000,0.001,0.0,0.001,0.0002234949663862,0.0,0.001,1.0,0.001,0.0,244.25,266.5,283.0,,,,266.5,,0.0001174280879864,5.8714043993231815e-05,0.0001174260216063,6.940038810099303e-05,535.5
T1,self_test_repair,single_shot,pair_coin,perm,591,295,none,295.0,295,normal_mixture,bonf3,0.0166666666666666,0.0166666666666666,0.0166666666666666,0.1,20,20000,0.001,0.0,0.001,0.0002234949663862,0.0,0.001,1.0,0.001,0.0,244.25,266.5,283.0,,,,266.5,,0.0001174280879864,5.8714043993231815e-05,0.0001174260216063,6.940038810099303e-05,535.5
T1,self_test_repair,single_shot,pair_coin,perm,591,295,none,295.0,295,normal_mixture,bonf3,0.0166666666666666,0.0166666666666666,0.0166666666666666,0.15,10,20000,0.05475,0.0,0.05475,0.0016086086767763,0.0,0.05475,1.0,0.05475,0.0,233.0,262.0,283.0,,,,262.0,,0.0075494077834179,0.0037598984771573,0.007519664628575,0.0047373331799493,526.0
T1,self_test_repair,single_shot,pair_coin,perm,591,295,none,295.0,295,normal_mixture,bonf3,0.0166666666666666,0.0166666666666666,0.0166666666666666,0.15,20,20000,0.05475,0.0,0.05475,0.0016086086767763,0.0,0.05475,1.0,0.05475,0.0,233.0,262.0,283.0,,,,262.0,,0.0075494077834179,0.0037598984771573,0.007519664628575,0.0047373331799493,526.0
T1,self_test_repair,single_shot,pair_coin,boot,591,295,none,295.0,295,betting,nosplit_iut,0.05,0.05,0.05,0.03,10,20000,0.03045,0.0,0.03045,0.0012149649686307,0.0,0.03045,1.0,0.03045,0.0,67.0,141.0,216.0,,,,141.0,,0.0156200507614213,0.0078033840947546,0.0156070164229346,0.009871402914392,284.0
T1,self_test_repair,single_shot,pair_coin,boot,591,295,none,295.0,295,betting,nosplit_iut,0.05,0.05,0.05,0.03,20,20000,0.0303,0.0,0.0303,0.0012120624983885,0.0,0.0303,1.0,0.0303,0.0,68.25,141.5,216.0,,,,141.5,,0.0154553299492385,0.0077211505922165,0.0154425468019288,0.0097634368371738,285.0
T1,self_test_repair,single_shot,pair_coin,boot,591,295,none,295.0,295,betting,nosplit_iut,0.05,0.05,0.05,0.05,10,20000,0.0757,0.0,0.0757,0.0018704212092467,0.0,0.07575,1.0,0.07575,0.0,90.0,161.0,229.0,,,,161.0,,0.0349381556683587,0.0174513536379018,0.0349032624207559,0.0220705336660012,324.0
T1,self_test_repair,single_shot,pair_coin,boot,591,295,none,295.0,295,betting,nosplit_iut,0.05,0.05,0.05,0.05,20,20000,0.0752,0.0,0.0752,0.001864738051309,0.0,0.0752,1.0,0.0752,0.0,91.0,162.0,229.25,,,,162.0,,0.0344049069373942,0.017184771573604,0.0343700898119191,0.0217295615401262,326.0
T1,self_test_repair,single_shot,pair_coin,boot,591,295,none,295.0,295,betting,nosplit_iut,0.05,0.05,0.05,0.1,10,20000,0.41815,0.0,0.41815,0.0034878401447027,0.0,0.4182,1.0,0.4182,0.0,110.0,178.0,237.0,202.0,,,178.0,,0.1747598984771573,0.087267681895093,0.174538139862123,0.110618014664208,358.0
T1,self_test_repair,single_shot,pair_coin,boot,591,295,none,295.0,295,betting,nosplit_iut,0.05,0.05,0.05,0.1,20,20000,0.41755,0.0,0.41755,0.0034871334753633,0.0,0.41755,1.0,0.41755,0.0,110.0,178.0,237.0,202.0,,,178.0,,0.1734153976311336,0.0865954314720812,0.1731936176311433,0.1097564449962901,359.0
T1,self_test_repair,single_shot,pair_coin,boot,591,295,none,295.0,295,betting,nosplit_iut,0.05,0.05,0.05,0.15,10,20000,0.85895,0.0,0.85895,0.0024612486414419,0.0,0.85895,1.0,0.85895,0.0,86.0,139.0,199.0,95.0,158.0,238.0,139.0,,0.4374099830795262,0.2184919627749577,0.4369908759970125,0.2769728426686105,281.0
T1,self_test_repair,single_shot,pair_coin,boot,591,295,none,295.0,295,betting,nosplit_iut,0.05,0.05,0.05,0.15,20,20000,0.85885,0.0,0.85885,0.0024619776349512,0.0,0.85885,1.0,0.85885,0.0,86.0,140.0,199.0,96.0,158.0,238.0,140.0,,0.4353833333333333,0.2174797800338409,0.4349664783162372,0.2756866219084903,282.0
T1,self_test_repair,single_shot,pair_coin,boot,591,295,none,295.0,295,betting,deploy_bonf2,0.025,0.025,0.05,0.03,10,20000,0.0165,0.0,0.0165,0.0009007705035135,0.0,0.0165,1.0,0.0165,0.0,79.25,157.0,229.0,,,,157.0,,0.0078857868020304,0.0039402707275803,0.0078806667990996,0.0049963755117631,316.0
T1,self_test_repair,single_shot,pair_coin,boot,591,295,none,295.0,295,betting,deploy_bonf2,0.025,0.025,0.05,0.03,20,20000,0.0164,0.0,0.0164,0.0008980824015645,0.0,0.0164,1.0,0.0164,0.0,80.0,158.0,229.25,,,,158.0,,0.0077877326565143,0.0038914551607445,0.0077830341125561,0.0049322953045237,318.0
T1,self_test_repair,single_shot,pair_coin,boot,591,295,none,295.0,295,betting,deploy_bonf2,0.025,0.025,0.05,0.05,10,20000,0.0444,0.0,0.0444,0.0014565136456621,0.0,0.0444,1.0,0.0444,0.0,98.75,172.0,239.0,,,,172.0,,0.0191750423011844,0.0095785109983079,0.0191573266985972,0.012115223933666,345.5
T1,self_test_repair,single_shot,pair_coin,boot,591,295,none,295.0,295,betting,deploy_bonf2,0.025,0.025,0.05,0.05,20,20000,0.04425,0.0,0.04425,0.00145416535339,0.0,0.04425,1.0,0.04425,0.0,100.0,172.0,239.0,,,,172.0,,0.0190124365482233,0.0094973773265651,0.0189950567741686,0.0120081690155982,346.0
T1,self_test_repair,single_shot,pair_coin,boot,591,295,none,295.0,295,betting,deploy_bonf2,0.025,0.025,0.05,0.1,10,20000,0.3223,0.0,0.3223,0.0033047141328714,0.0,0.3223,1.0,0.3223,0.0,124.0,191.0,246.0,251.0,,,191.0,,0.1229206429780034,0.0613733502538071,0.1227486528550538,0.077744168508641,384.0
T1,self_test_repair,single_shot,pair_coin,boot,591,295,none,295.0,295,betting,deploy_bonf2,0.025,0.025,0.05,0.1,20,20000,0.322,0.0,0.322,0.0033039067783459,0.0,0.322,1.0,0.322,0.0,125.0,191.0,246.0,251.0,,,191.0,,0.1224818104906937,0.0611539763113367,0.1223098979916093,0.077463302718797,384.0
T1,self_test_repair,single_shot,pair_coin,boot,591,295,none,295.0,295,betting,deploy_bonf2,0.025,0.025,0.05,0.15,10,20000,0.79605,0.0,0.79605,0.00284916125816,0.0,0.79605,1.0,0.79605,0.0,102.0,158.0,215.0,118.0,186.0,274.0,158.0,,0.3660739424703892,0.1828363790186125,0.3656785742446665,0.2317960355387255,317.0
T1,self_test_repair,single_shot,pair_coin,boot,591,295,none,295.0,295,betting,deploy_bonf2,0.025,0.025,0.05,0.15,20,20000,0.796,0.0,0.796,0.0028494209938161,0.0,0.796,1.0,0.796,0.0,102.0,158.0,215.0,118.0,186.0,274.0,158.0,,0.3651023688663282,0.1823505076142132,0.3647068159798142,0.2311723677925985,318.0
T1,self_test_repair,single_shot,pair_coin,boot,591,295,none,295.0,295,betting,twosided_equal,0.025,0.025,0.025,0.03,10,20000,0.0165,0.0,0.0165,0.0009007705035135,0.0,0.0165,1.0,0.0165,0.0,79.25,157.0,229.0,,,,157.0,,0.0078857868020304,0.0039402707275803,0.0078806667990996,0.0049963755117631,316.0
T1,self_test_repair,single_shot,pair_coin,boot,591,295,none,295.0,295,betting,twosided_equal,0.025,0.025,0.025,0.03,20,20000,0.0164,0.0,0.0164,0.0008980824015645,0.0,0.0164,1.0,0.0164,0.0,80.0,158.0,229.25,,,,158.0,,0.0077877326565143,0.0038914551607445,0.0077830341125561,0.0049322953045237,318.0
T1,self_test_repair,single_shot,pair_coin,boot,591,295,none,295.0,295,betting,twosided_equal,0.025,0.025,0.025,0.05,10,20000,0.0444,0.0,0.0444,0.0014565136456621,0.0,0.0444,1.0,0.0444,0.0,98.75,172.0,239.0,,,,172.0,,0.0191750423011844,0.0095785109983079,0.0191573266985972,0.012115223933666,345.5
T1,self_test_repair,single_shot,pair_coin,boot,591,295,none,295.0,295,betting,twosided_equal,0.025,0.025,0.025,0.05,20,20000,0.04425,0.0,0.04425,0.00145416535339,0.0,0.04425,1.0,0.04425,0.0,100.0,172.0,239.0,,,,172.0,,0.0190124365482233,0.0094973773265651,0.0189950567741686,0.0120081690155982,346.0
T1,self_test_repair,single_shot,pair_coin,boot,591,295,none,295.0,295,betting,twosided_equal,0.025,0.025,0.025,0.1,10,20000,0.3223,0.0,0.3223,0.0033047141328714,0.0,0.3223,1.0,0.3223,0.0,124.0,191.0,246.0,251.0,,,191.0,,0.1229206429780034,0.0613733502538071,0.1227486528550538,0.077744168508641,384.0
T1,self_test_repair,single_shot,pair_coin,boot,591,295,none,295.0,295,betting,twosided_equal,0.025,0.025,0.025,0.1,20,20000,0.322,0.0,0.322,0.0033039067783459,0.0,0.322,1.0,0.322,0.0,125.0,191.0,246.0,251.0,,,191.0,,0.1224818104906937,0.0611539763113367,0.1223098979916093,0.077463302718797,384.0
T1,self_test_repair,single_shot,pair_coin,boot,591,295,none,295.0,295,betting,twosided_equal,0.025,0.025,0.025,0.15,10,20000,0.79605,0.0,0.79605,0.00284916125816,0.0,0.79605,1.0,0.79605,0.0,102.0,158.0,215.0,118.0,186.0,274.0,158.0,,0.3660739424703892,0.1828363790186125,0.3656785742446665,0.2317960355387255,317.0
T1,self_test_repair,single_shot,pair_coin,boot,591,295,none,295.0,295,betting,twosided_equal,0.025,0.025,0.025,0.15,20,20000,0.796,0.0,0.796,0.0028494209938161,0.0,0.796,1.0,0.796,0.0,102.0,158.0,215.0,118.0,186.0,274.0,158.0,,0.3651023688663282,0.1823505076142132,0.3647068159798142,0.2311723677925985,318.0
T1,self_test_repair,single_shot,pair_coin,boot,591,295,none,295.0,295,betting,bonf3,0.0166666666666666,0.0166666666666666,0.0166666666666666,0.03,10,20000,0.01145,0.0,0.01145,0.0007522930778626,0.0,0.01145,1.0,0.01145,0.0,89.0,166.0,237.0,,,,166.0,,0.0051400169204737,0.0025677664974619,0.0051356146781353,0.003258975309791,337.0
T1,self_test_repair,single_shot,pair_coin,boot,591,295,none,295.0,295,betting,bonf3,0.0166666666666666,0.0166666666666666,0.0166666666666666,0.03,20,20000,0.01135,0.0,0.01135,0.00074903863385,0.0,0.01135,1.0,0.01135,0.0,90.0,169.0,237.0,,,,169.0,,0.0050426395939086,0.0025192893401015,0.0050386588213078,0.0031956551442492,340.0
T1,self_test_repair,single_shot,pair_coin,boot,591,295,none,295.0,295,betting,bonf3,0.0166666666666666,0.0166666666666666,0.0166666666666666,0.05,10,20000,0.0329,0.0,0.0329,0.0012613007175134,0.0,0.0329,1.0,0.0329,0.0,105.0,178.5,237.75,,,,178.5,,0.0137797800338409,0.0068843485617597,0.0137689161215085,0.0087204121314311,358.5
T1,self_test_repair,single_shot,pair_coin,boot,591,295,none,295.0,295,betting,bonf3,0.0166666666666666,0.0166666666666666,0.0166666666666666,0.05,20,20000,0.0328,0.0,0.0328,0.0012594474979132,0.0,0.0328,1.0,0.0328,0.0,105.0,179.0,238.0,,,,179.0,,0.0136815566835871,0.0068354483925549,0.0136711142275359,0.0086561705464274,359.0
T1,self_test_repair,single_shot,pair_coin,boot,591,295,none,295.0,295,betting,bonf3,0.0166666666666666,0.0166666666666666,0.0166666666666666,0.1,10,20000,0.2732,0.0,0.2732,0.0031508868592826,0.0,0.2732,1.0,0.2732,0.0,132.0,197.0,250.0,280.0,,,197.0,,0.0991595600676819,0.0495048223350253,0.0990112194677884,0.06265988481018,396.0
T1,self_test_repair,single_shot,pair_coin,boot,591,295,none,295.0,295,betting,bonf3,0.0166666666666666,0.0166666666666666,0.0166666666666666,0.1,20,20000,0.273,0.0,0.273,0.0031501666622577,0.0,0.273,1.0,0.273,0.0,132.0,197.0,250.0,281.0,,,197.0,,0.0989110829103214,0.049380372250423,0.0987623153397025,0.0625024555730212,397.0
T1,self_test_repair,single_shot,pair_coin,boot,591,295,none,295.0,295,betting,bonf3,0.0166666666666666,0.0166666666666666,0.0166666666666666,0.15,10,20000,0.75875,0.0,0.75875,0.0030252969895532,0.0,0.75875,1.0,0.75875,0.0,111.0,167.0,223.0,130.0,201.0,291.0,167.0,,0.3301212351945854,0.1648697969543147,0.3297448385811889,0.208987232801426,336.0
T1,self_test_repair,single_shot,pair_coin,boot,591,295,none,295.0,295,betting,bonf3,0.0166666666666666,0.0166666666666666,0.0166666666666666,0.15,20,20000,0.75865,0.0,0.75865,0.0030257245206726,0.0,0.75865,1.0,0.75865,0.0,111.0,167.0,223.0,130.0,201.0,291.0,167.0,,0.3295630287648054,0.1645907783417935,0.3291867924802865,0.2086368360371551,337.0
T1,self_test_repair,single_shot,pair_coin,boot,591,295,none,295.0,295,normal_mixture,nosplit_iut,0.05,0.05,0.05,0.03,10,20000,5e-05,0.0,5e-05,4.999874998437461e-05,0.0,5e-05,1.0,5e-05,0.0,222.0,222.0,222.0,,,,222.0,,1.2351945854483926e-05,6.2605752961082915e-06,1.2521349747356387e-05,8.138064017226831e-06,445.0
T1,self_test_repair,single_shot,pair_coin,boot,591,295,none,295.0,295,normal_mixture,nosplit_iut,0.05,0.05,0.05,0.03,20,20000,5e-05,0.0,5e-05,4.999874998437461e-05,0.0,5e-05,1.0,5e-05,0.0,222.0,222.0,222.0,,,,222.0,,1.2351945854483926e-05,6.2605752961082915e-06,1.2521349747356387e-05,8.138064017226831e-06,445.0
T1,self_test_repair,single_shot,pair_coin,boot,591,295,none,295.0,295,normal_mixture,nosplit_iut,0.05,0.05,0.05,0.05,10,20000,0.0004,0.0,0.0004,0.000141393069137,0.0,0.0004,1.0,0.0004,0.0,213.25,256.0,276.25,,,,256.0,,7.825719120135364e-05,3.9001692047377325e-05,7.800462477744993e-05,5.0999938128182265e-05,513.0
T1,self_test_repair,single_shot,pair_coin,boot,591,295,none,295.0,295,normal_mixture,nosplit_iut,0.05,0.05,0.05,0.05,20,20000,0.0004,0.0,0.0004,0.000141393069137,0.0,0.0004,1.0,0.0004,0.0,213.25,256.0,276.25,,,,256.0,,7.825719120135364e-05,3.9001692047377325e-05,7.800462477744993e-05,5.0999938128182265e-05,513.0
T1,self_test_repair,single_shot,pair_coin,boot,591,295,none,295.0,295,normal_mixture,nosplit_iut,0.05,0.05,0.05,0.1,10,20000,0.01875,0.0,0.01875,0.0009591255783264,0.0,0.01875,1.0,0.01875,0.0,221.0,252.0,274.0,,,,252.0,,0.0032134517766497,0.0016032148900169,0.0032064807798973,0.0020344056851452,507.0
T1,self_test_repair,single_shot,pair_coin,boot,591,295,none,295.0,295,normal_mixture,nosplit_iut,0.05,0.05,0.05,0.1,20,20000,0.01875,0.0,0.01875,0.0009591255783264,0.0,0.01875,1.0,0.01875,0.0,221.0,252.0,274.0,,,,252.0,,0.0032134517766497,0.0016032148900169,0.0032064807798973,0.0020344056851452,507.0
T1,self_test_repair,single_shot,pair_coin,boot,591,295,none,295.0,295,normal_mixture,nosplit_iut,0.05,0.05,0.05,0.15,10,20000,0.2276,0.0,0.2276,0.0029647785752059,0.0,0.2276,1.0,0.2276,0.0,209.0,245.5,273.0,,,,245.5,,0.0441082910321489,0.0219917089678511,0.0439841175138826,0.0278715182476947,493.0
T1,self_test_repair,single_shot,pair_coin,boot,591,295,none,295.0,295,normal_mixture,nosplit_iut,0.05,0.05,0.05,0.15,20,20000,0.2276,0.0,0.2276,0.0029647785752059,0.0,0.2276,1.0,0.2276,0.0,209.0,245.5,273.0,,,,245.5,,0.0441082910321489,0.0219917089678511,0.0439841175138826,0.0278715182476947,493.0
T1,self_test_repair,single_shot,pair_coin,boot,591,295,none,295.0,295,normal_mixture,deploy_bonf2,0.025,0.025,0.05,0.03,10,20000,0.0,0.0,0.0,0.0,0.0,0.0,1.0,0.0,0.0,,,,,,,,,0.0,0.0,0.0,0.0,
T1,self_test_repair,single_shot,pair_coin,boot,591,295,none,295.0,295,normal_mixture,deploy_bonf2,0.025,0.025,0.05,0.03,20,20000,0.0,0.0,0.0,0.0,0.0,0.0,1.0,0.0,0.0,,,,,,,,,0.0,0.0,0.0,0.0,
T1,self_test_repair,single_shot,pair_coin,boot,591,295,none,295.0,295,normal_mixture,deploy_bonf2,0.025,0.025,0.05,0.05,10,20000,5e-05,0.0,5e-05,4.999874998437461e-05,0.0,5e-05,1.0,5e-05,0.0,222.0,222.0,222.0,,,,222.0,,1.2351945854483926e-05,6.2605752961082915e-06,1.2521349747356387e-05,8.138064017226831e-06,445.0
T1,self_test_repair,single_shot,pair_coin,boot,591,295,none,295.0,295,normal_mixture,deploy_bonf2,0.025,0.025,0.05,0.05,20,20000,5e-05,0.0,5e-05,4.999874998437461e-05,0.0,5e-05,1.0,5e-05,0.0,222.0,222.0,222.0,,,,222.0,,1.2351945854483926e-05,6.2605752961082915e-06,1.2521349747356387e-05,8.138064017226831e-06,445.0
T1,self_test_repair,single_shot,pair_coin,boot,591,295,none,295.0,295,normal_mixture,deploy_bonf2,0.025,0.025,0.05,0.1,10,20000,0.0056,0.0,0.0056,0.0005276665613813,0.0,0.0056,1.0,0.0056,0.0,231.75,254.5,277.25,,,,254.5,,0.000864551607445,0.0004317258883248,0.0008634655102805,0.000547779437577,510.5
T1,self_test_repair,single_shot,pair_coin,boot,591,295,none,295.0,295,normal_mixture,deploy_bonf2,0.025,0.025,0.05,0.1,20,20000,0.0056,0.0,0.0056,0.0005276665613813,0.0,0.0056,1.0,0.0056,0.0,231.75,254.5,277.25,,,,254.5,,0.000864551607445,0.0004317258883248,0.0008634655102805,0.000547779437577,510.5
T1,self_test_repair,single_shot,pair_coin,boot,591,295,none,295.0,295,normal_mixture,deploy_bonf2,0.025,0.025,0.05,0.15,10,20000,0.1122,0.0,0.1122,0.0022317163798296,0.0,0.1122,1.0,0.1122,0.0,225.0,255.0,275.25,,,,255.0,,0.0182909475465313,0.0091156514382402,0.0182315928544379,0.0115743842118073,512.0
T1,self_test_repair,single_shot,pair_coin,boot,591,295,none,295.0,295,normal_mixture,deploy_bonf2,0.025,0.025,0.05,0.15,20,20000,0.1122,0.0,0.1122,0.0022317163798296,0.0,0.1122,1.0,0.1122,0.0,225.0,255.0,275.25,,,,255.0,,0.0182909475465313,0.0091156514382402,0.0182315928544379,0.0115743842118073,512.0
T1,self_test_repair,single_shot,pair_coin,boot,591,295,none,295.0,295,normal_mixture,twosided_equal,0.025,0.025,0.025,0.03,10,20000,0.0,0.0,0.0,0.0,0.0,0.0,1.0,0.0,0.0,,,,,,,,,0.0,0.0,0.0,0.0,
T1,self_test_repair,single_shot,pair_coin,boot,591,295,none,295.0,295,normal_mixture,twosided_equal,0.025,0.025,0.025,0.03,20,20000,0.0,0.0,0.0,0.0,0.0,0.0,1.0,0.0,0.0,,,,,,,,,0.0,0.0,0.0,0.0,
T1,self_test_repair,single_shot,pair_coin,boot,591,295,none,295.0,295,normal_mixture,twosided_equal,0.025,0.025,0.025,0.05,10,20000,5e-05,0.0,5e-05,4.999874998437461e-05,0.0,5e-05,1.0,5e-05,0.0,222.0,222.0,222.0,,,,222.0,,1.2351945854483926e-05,6.2605752961082915e-06,1.2521349747356387e-05,8.138064017226831e-06,445.0
T1,self_test_repair,single_shot,pair_coin,boot,591,295,none,295.0,295,normal_mixture,twosided_equal,0.025,0.025,0.025,0.05,20,20000,5e-05,0.0,5e-05,4.999874998437461e-05,0.0,5e-05,1.0,5e-05,0.0,222.0,222.0,222.0,,,,222.0,,1.2351945854483926e-05,6.2605752961082915e-06,1.2521349747356387e-05,8.138064017226831e-06,445.0
T1,self_test_repair,single_shot,pair_coin,boot,591,295,none,295.0,295,normal_mixture,twosided_equal,0.025,0.025,0.025,0.1,10,20000,0.0056,0.0,0.0056,0.0005276665613813,0.0,0.0056,1.0,0.0056,0.0,231.75,254.5,277.25,,,,254.5,,0.000864551607445,0.0004317258883248,0.0008634655102805,0.000547779437577,510.5
T1,self_test_repair,single_shot,pair_coin,boot,591,295,none,295.0,295,normal_mixture,twosided_equal,0.025,0.025,0.025,0.1,20,20000,0.0056,0.0,0.0056,0.0005276665613813,0.0,0.0056,1.0,0.0056,0.0,231.75,254.5,277.25,,,,254.5,,0.000864551607445,0.0004317258883248,0.0008634655102805,0.000547779437577,510.5
T1,self_test_repair,single_shot,pair_coin,boot,591,295,none,295.0,295,normal_mixture,twosided_equal,0.025,0.025,0.025,0.15,10,20000,0.1122,0.0,0.1122,0.0022317163798296,0.0,0.1122,1.0,0.1122,0.0,225.0,255.0,275.25,,,,255.0,,0.0182909475465313,0.0091156514382402,0.0182315928544379,0.0115743842118073,512.0
T1,self_test_repair,single_shot,pair_coin,boot,591,295,none,295.0,295,normal_mixture,twosided_equal,0.025,0.025,0.025,0.15,20,20000,0.1122,0.0,0.1122,0.0022317163798296,0.0,0.1122,1.0,0.1122,0.0,225.0,255.0,275.25,,,,255.0,,0.0182909475465313,0.0091156514382402,0.0182315928544379,0.0115743842118073,512.0
T1,self_test_repair,single_shot,pair_coin,boot,591,295,none,295.0,295,normal_mixture,bonf3,0.0166666666666666,0.0166666666666666,0.0166666666666666,0.03,10,20000,0.0,0.0,0.0,0.0,0.0,0.0,1.0,0.0,0.0,,,,,,,,,0.0,0.0,0.0,0.0,
T1,self_test_repair,single_shot,pair_coin,boot,591,295,none,295.0,295,normal_mixture,bonf3,0.0166666666666666,0.0166666666666666,0.0166666666666666,0.03,20,20000,0.0,0.0,0.0,0.0,0.0,0.0,1.0,0.0,0.0,,,,,,,,,0.0,0.0,0.0,0.0,
T1,self_test_repair,single_shot,pair_coin,boot,591,295,none,295.0,295,normal_mixture,bonf3,0.0166666666666666,0.0166666666666666,0.0166666666666666,0.05,10,20000,0.0,0.0,0.0,0.0,0.0,0.0,1.0,0.0,0.0,,,,,,,,,0.0,0.0,0.0,0.0,
T1,self_test_repair,single_shot,pair_coin,boot,591,295,none,295.0,295,normal_mixture,bonf3,0.0166666666666666,0.0166666666666666,0.0166666666666666,0.05,20,20000,0.0,0.0,0.0,0.0,0.0,0.0,1.0,0.0,0.0,,,,,,,,,0.0,0.0,0.0,0.0,
T1,self_test_repair,single_shot,pair_coin,boot,591,295,none,295.0,295,normal_mixture,bonf3,0.0166666666666666,0.0166666666666666,0.0166666666666666,0.1,10,20000,0.00275,0.0,0.00275,0.0003702997096947,0.0,0.00275,1.0,0.00275,0.0,235.0,256.0,282.0,,,,256.0,,0.000386040609137,0.0001926395939086,0.0003852853158747,0.0002448310753394,514.0
T1,self_test_repair,single_shot,pair_coin,boot,591,295,none,295.0,295,normal_mixture,bonf3,0.0166666666666666,0.0166666666666666,0.0166666666666666,0.1,20,20000,0.00275,0.0,0.00275,0.0003702997096947,0.0,0.00275,1.0,0.00275,0.0,235.0,256.0,282.0,,,,256.0,,0.000386040609137,0.0001926395939086,0.0003852853158747,0.0002448310753394,514.0
T1,self_test_repair,single_shot,pair_coin,boot,591,295,none,295.0,295,normal_mixture,bonf3,0.0166666666666666,0.0166666666666666,0.0166666666666666,0.15,10,20000,0.07015,0.0,0.07015,0.0018059481927785,0.0,0.07015,1.0,0.07015,0.0,232.5,256.0,279.0,,,,256.0,,0.0105260575296108,0.0052470389170896,0.0104942447477168,0.0066719606226217,514.0
T1,self_test_repair,single_shot,pair_coin,boot,591,295,none,295.0,295,normal_mixture,bonf3,0.0166666666666666,0.0166666666666666,0.0166666666666666,0.15,20,20000,0.07015,0.0,0.07015,0.0018059481927785,0.0,0.07015,1.0,0.07015,0.0,232.5,256.0,279.0,,,,256.0,,0.0105260575296108,0.0052470389170896,0.0104942447477168,0.0066719606226217,514.0
T1,self_test_repair,single_shot,pair_coin,boot,1138,569,none,569.0,569,betting,nosplit_iut,0.05,0.05,0.05,0.03,10,20000,0.056,0.0,0.056,0.0016257921146321,0.0,0.056,1.0,0.056,0.0,124.0,268.0,419.25,,,,268.0,,0.0288764499121265,0.014430360281195,0.0288607205623901,0.0182731474503963,539.0
T1,self_test_repair,single_shot,pair_coin,boot,1138,569,none,569.0,569,betting,nosplit_iut,0.05,0.05,0.05,0.03,20,20000,0.05575,0.0,0.05575,0.001622373839471,0.0,0.05575,1.0,0.05575,0.0,126.0,269.0,420.0,,,,269.0,,0.0286294376098418,0.0143068541300527,0.0286137082601054,0.0181127683318617,541.0
T1,self_test_repair,single_shot,pair_coin,boot,1138,569,none,569.0,569,betting,nosplit_iut,0.05,0.05,0.05,0.05,10,20000,0.1692,0.0,0.1692,0.0026511446584447,0.0,0.1692,1.0,0.1692,0.0,189.0,334.0,455.0,,,,334.0,,0.0742846660808435,0.0371197275922671,0.0742394551845342,0.0470365642946459,669.5
T1,self_test_repair,single_shot,pair_coin,boot,1138,569,none,569.0,569,betting,nosplit_iut,0.05,0.05,0.05,0.05,20,20000,0.1688,0.0,0.1688,0.0026486464467723,0.0,0.1688,1.0,0.1688,0.0,190.0,334.0,456.0,,,,334.0,,0.0737949472759226,0.0368751318101933,0.0737502636203866,0.0467222006068871,671.0
T1,self_test_repair,single_shot,pair_coin,boot,1138,569,none,569.0,569,betting,nosplit_iut,0.05,0.05,0.05,0.1,10,20000,0.79355,0.0,0.79355,0.0028620656657386,0.0,0.79355,1.0,0.79355,0.0,171.0,287.0,408.0,203.0,348.0,525.0,287.0,,0.3871109841827768,0.193455360281195,0.3869107205623901,0.2450193357558494,577.0
T1,self_test_repair,single_shot,pair_coin,boot,1138,569,none,569.0,569,betting,nosplit_iut,0.05,0.05,0.05,0.1,20,20000,0.79335,0.0,0.79335,0.0028630907905618,0.0,0.79335,1.0,0.79335,0.0,172.0,287.0,408.0,203.0,348.0,526.0,287.0,,0.386372144112478,0.193086072056239,0.3861721441124781,0.2445534314133767,577.0
T1,self_test_repair,single_shot,pair_coin,boot,1138,569,none,569.0,569,betting,nosplit_iut,0.05,0.05,0.05,0.15,10,20000,0.9962,0.0,0.9962,0.000435060915275,0.0,0.9962,1.0,0.9962,0.0,95.0,159.0,238.0,95.0,159.0,239.0,159.0,,0.6872989015817224,0.3435215729349736,0.6870431458699473,0.4351755658558002,319.0
T1,self_test_repair,single_shot,pair_coin,boot,1138,569,none,569.0,569,betting,nosplit_iut,0.05,0.05,0.05,0.15,20,20000,0.99615,0.0,0.99615,0.0004379028145604,0.0,0.99615,1.0,0.99615,0.0,96.0,159.0,238.0,96.0,159.0,239.0,159.0,,0.6859728910369068,0.3428589630931458,0.6857179261862917,0.4343333336577337,320.0
T1,self_test_repair,single_shot,pair_coin,boot,1138,569,none,569.0,569,betting,deploy_bonf2,0.025,0.025,0.05,0.03,10,20000,0.03205,0.0,0.03205,0.0012454476604819,0.0,0.03205,1.0,0.03205,0.0,135.0,274.0,425.0,,,,274.0,,0.0162492530755711,0.0081202987697715,0.016240597539543,0.0102616048354651,550.0
T1,self_test_repair,single_shot,pair_coin,boot,1138,569,none,569.0,569,betting,deploy_bonf2,0.025,0.025,0.05,0.03,20,20000,0.032,0.0,0.032,0.0012445079348883,0.0,0.032,1.0,0.032,0.0,135.0,274.0,425.0,,,,274.0,,0.0162000878734622,0.0080956942003514,0.0161913884007029,0.0102304088265265,550.5
T1,self_test_repair,single_shot,pair_coin,boot,1138,569,none,569.0,569,betting,deploy_bonf2,0.025,0.025,0.05,0.05,10,20000,0.1127,0.0,0.1127,0.0022360535548148,0.0,0.11275,1.0,0.11275,0.0,207.25,351.0,468.0,,,,351.0,,0.0467121265377855,0.0233414762741652,0.0466829525483304,0.0295958964049167,705.0
T1,self_test_repair,single_shot,pair_coin,boot,1138,569,none,569.0,569,betting,deploy_bonf2,0.025,0.025,0.05,0.05,20,20000,0.11245,0.0,0.11245,0.002233886719375,0.0,0.11245,1.0,0.11245,0.0,208.0,352.0,469.0,,,,352.0,,0.0464670474516695,0.0232189806678383,0.0464379613356766,0.0294381440911334,707.0
T1,self_test_repair,single_shot,pair_coin,boot,1138,569,none,569.0,569,betting,deploy_bonf2,0.025,0.025,0.05,0.1,10,20000,0.71495,0.0,0.71495,0.0031921505094528,0.0,0.71495,1.0,0.71495,0.0,204.0,321.0,433.0,251.0,411.0,,321.0,,0.3162744727592267,0.1580454745166959,0.3160909490333919,0.2002087206689269,644.0
T1,self_test_repair,single_shot,pair_coin,boot,1138,569,none,569.0,569,betting,deploy_bonf2,0.025,0.025,0.05,0.1,20,20000,0.71495,0.0,0.71495,0.0031921505094528,0.0,0.71495,1.0,0.71495,0.0,204.0,321.0,433.0,251.0,411.0,,321.0,,0.3160628734622144,0.1579398945518453,0.3158797891036907,0.2000720469984012,644.0
T1,self_test_repair,single_shot,pair_coin,boot,1138,569,none,569.0,569,betting,deploy_bonf2,0.025,0.025,0.05,0.15,10,20000,0.99275,0.0,0.99275,0.0005998932196649,0.0,0.99275,1.0,0.99275,0.0,117.0,187.0,272.0,118.0,188.0,274.0,187.0,,0.6375394112478032,0.3186419595782074,0.6372839191564148,0.4036501461923923,376.0
T1,self_test_repair,single_shot,pair_coin,boot,1138,569,none,569.0,569,betting,deploy_bonf2,0.025,0.025,0.05,0.15,20,20000,0.9927,0.0,0.9927,0.0006019431036235,0.0,0.9927,1.0,0.9927,0.0,118.0,187.0,272.0,118.0,188.0,274.0,187.0,,0.6369884446397187,0.3183665202108963,0.6367330404217927,0.4033041216550966,377.0
T1,self_test_repair,single_shot,pair_coin,boot,1138,569,none,569.0,569,betting,twosided_equal,0.025,0.025,0.025,0.03,10,20000,0.03205,0.0,0.03205,0.0012454476604819,0.0,0.03205,1.0,0.03205,0.0,135.0,274.0,425.0,,,,274.0,,0.0162492530755711,0.0081202987697715,0.016240597539543,0.0102616048354651,550.0
T1,self_test_repair,single_shot,pair_coin,boot,1138,569,none,569.0,569,betting,twosided_equal,0.025,0.025,0.025,0.03,20,20000,0.032,0.0,0.032,0.0012445079348883,0.0,0.032,1.0,0.032,0.0,135.0,274.0,425.0,,,,274.0,,0.0162000878734622,0.0080956942003514,0.0161913884007029,0.0102304088265265,550.5
T1,self_test_repair,single_shot,pair_coin,boot,1138,569,none,569.0,569,betting,twosided_equal,0.025,0.025,0.025,0.05,10,20000,0.1127,0.0,0.1127,0.0022360535548148,0.0,0.11275,1.0,0.11275,0.0,207.25,351.0,468.0,,,,351.0,,0.0467121265377855,0.0233414762741652,0.0466829525483304,0.0295958964049167,705.0
T1,self_test_repair,single_shot,pair_coin,boot,1138,569,none,569.0,569,betting,twosided_equal,0.025,0.025,0.025,0.05,20,20000,0.11245,0.0,0.11245,0.002233886719375,0.0,0.11245,1.0,0.11245,0.0,208.0,352.0,469.0,,,,352.0,,0.0464670474516695,0.0232189806678383,0.0464379613356766,0.0294381440911334,707.0
T1,self_test_repair,single_shot,pair_coin,boot,1138,569,none,569.0,569,betting,twosided_equal,0.025,0.025,0.025,0.1,10,20000,0.71495,0.0,0.71495,0.0031921505094528,0.0,0.71495,1.0,0.71495,0.0,204.0,321.0,433.0,251.0,411.0,,321.0,,0.3162744727592267,0.1580454745166959,0.3160909490333919,0.2002087206689269,644.0
T1,self_test_repair,single_shot,pair_coin,boot,1138,569,none,569.0,569,betting,twosided_equal,0.025,0.025,0.025,0.1,20,20000,0.71495,0.0,0.71495,0.0031921505094528,0.0,0.71495,1.0,0.71495,0.0,204.0,321.0,433.0,251.0,411.0,,321.0,,0.3160628734622144,0.1579398945518453,0.3158797891036907,0.2000720469984012,644.0
T1,self_test_repair,single_shot,pair_coin,boot,1138,569,none,569.0,569,betting,twosided_equal,0.025,0.025,0.025,0.15,10,20000,0.99275,0.0,0.99275,0.0005998932196649,0.0,0.99275,1.0,0.99275,0.0,117.0,187.0,272.0,118.0,188.0,274.0,187.0,,0.6375394112478032,0.3186419595782074,0.6372839191564148,0.4036501461923923,376.0
T1,self_test_repair,single_shot,pair_coin,boot,1138,569,none,569.0,569,betting,twosided_equal,0.025,0.025,0.025,0.15,20,20000,0.9927,0.0,0.9927,0.0006019431036235,0.0,0.9927,1.0,0.9927,0.0,118.0,187.0,272.0,118.0,188.0,274.0,187.0,,0.6369884446397187,0.3183665202108963,0.6367330404217927,0.4033041216550966,377.0
T1,self_test_repair,single_shot,pair_coin,boot,1138,569,none,569.0,569,betting,bonf3,0.0166666666666666,0.0166666666666666,0.0166666666666666,0.03,10,20000,0.02195,0.0,0.02195,0.0010360549575191,0.0,0.022,1.0,0.022,0.0,131.5,280.0,423.5,,,,280.0,,0.0110664762741652,0.0055306678383128,0.0110613356766256,0.0069889959203469,562.0
T1,self_test_repair,single_shot,pair_coin,boot,1138,569,none,569.0,569,betting,bonf3,0.0166666666666666,0.0166666666666666,0.0166666666666666,0.03,20,20000,0.0219,0.0,0.0219,0.001034900719876,0.0,0.02195,1.0,0.02195,0.0,133.0,280.0,423.75,,,,280.0,,0.0110173110720562,0.0055060632688927,0.0110121265377855,0.0069577999114087,562.5
T1,self_test_repair,single_shot,pair_coin,boot,1138,569,none,569.0,569,betting,bonf3,0.0166666666666666,0.0166666666666666,0.0166666666666666,0.05,10,20000,0.08875,0.0,0.08875,0.0020108883298184,0.0,0.0888,1.0,0.0888,0.0,216.0,360.0,477.0,,,,360.0,,0.0356408611599297,0.017808216168717,0.0356164323374341,0.022557499431443,723.0
T1,self_test_repair,single_shot,pair_coin,boot,1138,569,none,569.0,569,betting,bonf3,0.0166666666666666,0.0166666666666666,0.0166666666666666,0.05,20,20000,0.0887,0.0,0.0887,0.0020103769547027,0.0,0.08875,1.0,0.08875,0.0,216.25,360.5,477.0,,,,360.5,,0.0355916959578207,0.017783611599297,0.035567223198594,0.0225263034225045,723.0
T1,self_test_repair,single_shot,pair_coin,boot,1138,569,none,569.0,569,betting,bonf3,0.0166666666666666,0.0166666666666666,0.0166666666666666,0.1,10,20000,0.66735,0.0,0.66735,0.0033316210581337,0.0,0.66735,1.0,0.66735,0.0,220.0,338.0,445.0,280.0,445.0,,338.0,,0.2793528558875219,0.1395910808435852,0.2791821616871704,0.1768158408935417,677.0
T1,self_test_repair,single_shot,pair_coin,boot,1138,569,none,569.0,569,betting,bonf3,0.0166666666666666,0.0166666666666666,0.0166666666666666,0.1,20,20000,0.66735,0.0,0.66735,0.0033316210581337,0.0,0.66735,1.0,0.66735,0.0,220.0,338.0,445.0,280.0,445.0,,338.0,,0.2792235061511423,0.1395264059753954,0.2790528119507908,0.1767313134025195,678.0
T1,self_test_repair,single_shot,pair_coin,boot,1138,569,none,569.0,569,betting,bonf3,0.0166666666666666,0.0166666666666666,0.0166666666666666,0.15,10,20000,0.9891,0.0,0.9891,0.0007342067147609,0.0,0.9891,1.0,0.9891,0.0,130.0,202.0,289.0,130.0,204.0,293.0,202.0,,0.6098014059753953,0.3047755272407733,0.6095510544815466,0.3860860351901306,407.0
T1,self_test_repair,single_shot,pair_coin,boot,1138,569,none,569.0,569,betting,bonf3,0.0166666666666666,0.0166666666666666,0.0166666666666666,0.15,20,20000,0.9891,0.0,0.9891,0.0007342067147609,0.0,0.9891,1.0,0.9891,0.0,130.0,202.0,289.0,131.0,204.0,293.0,202.0,,0.6095662126537785,0.3046579964850615,0.6093159929701231,0.3859353657223715,407.0
T1,self_test_repair,single_shot,pair_coin,boot,1138,569,none,569.0,569,normal_mixture,nosplit_iut,0.05,0.05,0.05,0.03,10,20000,0.00015,0.0,0.00015,8.659604494432757e-05,0.0,0.00015,1.0,0.00015,0.0,413.0,450.0,478.0,,,,450.0,,3.273286467486819e-05,1.6300527240773287e-05,3.2601054481546575e-05,2.087658727034647e-05,903.0
T1,self_test_repair,single_shot,pair_coin,boot,1138,569,none,569.0,569,normal_mixture,nosplit_iut,0.05,0.05,0.05,0.03,20,20000,0.00015,0.0,0.00015,8.659604494432757e-05,0.0,0.00015,1.0,0.00015,0.0,413.0,450.0,478.0,,,,450.0,,3.273286467486819e-05,1.6300527240773287e-05,3.2601054481546575e-05,2.087658727034647e-05,903.0
T1,self_test_repair,single_shot,pair_coin,boot,1138,569,none,569.0,569,normal_mixture,nosplit_iut,0.05,0.05,0.05,0.05,10,20000,0.0033,0.0,0.0033,0.0004055311332068,0.0,0.0033,1.0,0.0033,0.0,446.5,490.5,525.25,,,,490.5,,0.0005798769771528,0.0002893233743409,0.0005786467486818,0.0003645735693217,986.0
T1,self_test_repair,single_shot,pair_coin,boot,1138,569,none,569.0,569,normal_mixture,nosplit_iut,0.05,0.05,0.05,0.05,20,20000,0.0033,0.0,0.0033,0.0004055311332068,0.0,0.0033,1.0,0.0033,0.0,446.5,490.5,525.25,,,,490.5,,0.0005798769771528,0.0002893233743409,0.0005786467486818,0.0003645735693217,986.0
T1,self_test_repair,single_shot,pair_coin,boot,1138,569,none,569.0,569,normal_mixture,nosplit_iut,0.05,0.05,0.05,0.1,10,20000,0.1928,0.0,0.1928,0.002789517521006,0.0,0.1928,1.0,0.1928,0.0,381.0,456.0,517.0,,,,456.0,,0.0432847100175746,0.0216178383128295,0.043235676625659,0.0274141356223571,914.0
T1,self_test_repair,single_shot,pair_coin,boot,1138,569,none,569.0,569,normal_mixture,nosplit_iut,0.05,0.05,0.05,0.1,20,20000,0.1928,0.0,0.1928,0.002789517521006,0.0,0.1928,1.0,0.1928,0.0,381.0,456.0,517.0,,,,456.0,,0.0432847100175746,0.0216178383128295,0.043235676625659,0.0274141356223571,914.0
T1,self_test_repair,single_shot,pair_coin,boot,1138,569,none,569.0,569,normal_mixture,nosplit_iut,0.05,0.05,0.05,0.15,10,20000,0.84175,0.0,0.84175,0.0025807647849038,0.0,0.84175,1.0,0.84175,0.0,291.0,370.0,450.0,306.0,397.0,507.0,370.0,,0.2942046572934973,0.146990202108963,0.2939804042179261,0.186140204515999,742.0
T1,self_test_repair,single_shot,pair_coin,boot,1138,569,none,569.0,569,normal_mixture,nosplit_iut,0.05,0.05,0.05,0.15,20,20000,0.84175,0.0,0.84175,0.0025807647849038,0.0,0.84175,1.0,0.84175,0.0,291.0,370.0,450.0,306.0,397.0,507.0,370.0,,0.2942046572934973,0.146990202108963,0.2939804042179261,0.186140204515999,742.0
T1,self_test_repair,single_shot,pair_coin,boot,1138,569,none,569.0,569,normal_mixture,deploy_bonf2,0.025,0.025,0.05,0.03,10,20000,0.0,0.0,0.0,0.0,0.0,0.0,1.0,0.0,0.0,,,,,,,,,0.0,0.0,0.0,0.0,
T1,self_test_repair,single_shot,pair_coin,boot,1138,569,none,569.0,569,normal_mixture,deploy_bonf2,0.025,0.025,0.05,0.03,20,20000,0.0,0.0,0.0,0.0,0.0,0.0,1.0,0.0,0.0,,,,,,,,,0.0,0.0,0.0,0.0,
T1,self_test_repair,single_shot,pair_coin,boot,1138,569,none,569.0,569,normal_mixture,deploy_bonf2,0.025,0.025,0.05,0.05,10,20000,0.00065,0.0,0.00065,0.0001802189640409,0.0,0.00065,1.0,0.00065,0.0,437.0,508.0,531.0,,,,508.0,,9.98681898066784e-05,4.986818980667839e-05,9.973637961335678e-05,6.43396571946564e-05,1018.0
T1,self_test_repair,single_shot,pair_coin,boot,1138,569,none,569.0,569,normal_mixture,deploy_bonf2,0.025,0.025,0.05,0.05,20,20000,0.00065,0.0,0.00065,0.0001802189640409,0.0,0.00065,1.0,0.00065,0.0,437.0,508.0,531.0,,,,508.0,,9.98681898066784e-05,4.986818980667839e-05,9.973637961335678e-05,6.43396571946564e-05,1018.0
T1,self_test_repair,single_shot,pair_coin,boot,1138,569,none,569.0,569,normal_mixture,deploy_bonf2,0.025,0.025,0.05,0.1,10,20000,0.09915,0.0,0.09915,0.0021132827248146,0.0,0.09915,1.0,0.09915,0.0,403.0,476.0,527.0,,,,476.0,,0.0192621704745166,0.0096188488576449,0.0192376977152899,0.0121808744598991,955.0
T1,self_test_repair,single_shot,pair_coin,boot,1138,569,none,569.0,569,normal_mixture,deploy_bonf2,0.025,0.025,0.05,0.1,20,20000,0.09915,0.0,0.09915,0.0021132827248146,0.0,0.09915,1.0,0.09915,0.0,403.0,476.0,527.0,,,,476.0,,0.0192621704745166,0.0096188488576449,0.0192376977152899,0.0121808744598991,955.0
T1,self_test_repair,single_shot,pair_coin,boot,1138,569,none,569.0,569,normal_mixture,deploy_bonf2,0.025,0.025,0.05,0.15,10,20000,0.72185,0.0,0.72185,0.0031684584382629,0.0,0.72185,1.0,0.72185,0.0,333.0,411.0,482.0,363.0,465.0,,411.0,,0.2083037785588752,0.1040609841827768,0.2081219683655536,0.1317818345664457,824.0
T1,self_test_repair,single_shot,pair_coin,boot,1138,569,none,569.0,569,normal_mixture,deploy_bonf2,0.025,0.025,0.05,0.15,20,20000,0.72185,0.0,0.72185,0.0031684584382629,0.0,0.72185,1.0,0.72185,0.0,333.0,411.0,482.0,363.0,465.0,,411.0,,0.2083037785588752,0.1040609841827768,0.2081219683655536,0.1317818345664457,824.0
T1,self_test_repair,single_shot,pair_coin,boot,1138,569,none,569.0,569,normal_mixture,twosided_equal,0.025,0.025,0.025,0.03,10,20000,0.0,0.0,0.0,0.0,0.0,0.0,1.0,0.0,0.0,,,,,,,,,0.0,0.0,0.0,0.0,
T1,self_test_repair,single_shot,pair_coin,boot,1138,569,none,569.0,569,normal_mixture,twosided_equal,0.025,0.025,0.025,0.03,20,20000,0.0,0.0,0.0,0.0,0.0,0.0,1.0,0.0,0.0,,,,,,,,,0.0,0.0,0.0,0.0,
T1,self_test_repair,single_shot,pair_coin,boot,1138,569,none,569.0,569,normal_mixture,twosided_equal,0.025,0.025,0.025,0.05,10,20000,0.00065,0.0,0.00065,0.0001802189640409,0.0,0.00065,1.0,0.00065,0.0,437.0,508.0,531.0,,,,508.0,,9.98681898066784e-05,4.986818980667839e-05,9.973637961335678e-05,6.43396571946564e-05,1018.0
T1,self_test_repair,single_shot,pair_coin,boot,1138,569,none,569.0,569,normal_mixture,twosided_equal,0.025,0.025,0.025,0.05,20,20000,0.00065,0.0,0.00065,0.0001802189640409,0.0,0.00065,1.0,0.00065,0.0,437.0,508.0,531.0,,,,508.0,,9.98681898066784e-05,4.986818980667839e-05,9.973637961335678e-05,6.43396571946564e-05,1018.0
T1,self_test_repair,single_shot,pair_coin,boot,1138,569,none,569.0,569,normal_mixture,twosided_equal,0.025,0.025,0.025,0.1,10,20000,0.09915,0.0,0.09915,0.0021132827248146,0.0,0.09915,1.0,0.09915,0.0,403.0,476.0,527.0,,,,476.0,,0.0192621704745166,0.0096188488576449,0.0192376977152899,0.0121808744598991,955.0
T1,self_test_repair,single_shot,pair_coin,boot,1138,569,none,569.0,569,normal_mixture,twosided_equal,0.025,0.025,0.025,0.1,20,20000,0.09915,0.0,0.09915,0.0021132827248146,0.0,0.09915,1.0,0.09915,0.0,403.0,476.0,527.0,,,,476.0,,0.0192621704745166,0.0096188488576449,0.0192376977152899,0.0121808744598991,955.0
T1,self_test_repair,single_shot,pair_coin,boot,1138,569,none,569.0,569,normal_mixture,twosided_equal,0.025,0.025,0.025,0.15,10,20000,0.72185,0.0,0.72185,0.0031684584382629,0.0,0.72185,1.0,0.72185,0.0,333.0,411.0,482.0,363.0,465.0,,411.0,,0.2083037785588752,0.1040609841827768,0.2081219683655536,0.1317818345664457,824.0
T1,self_test_repair,single_shot,pair_coin,boot,1138,569,none,569.0,569,normal_mixture,twosided_equal,0.025,0.025,0.025,0.15,20,20000,0.72185,0.0,0.72185,0.0031684584382629,0.0,0.72185,1.0,0.72185,0.0,333.0,411.0,482.0,363.0,465.0,,411.0,,0.2083037785588752,0.1040609841827768,0.2081219683655536,0.1317818345664457,824.0
T1,self_test_repair,single_shot,pair_coin,boot,1138,569,none,569.0,569,normal_mixture,bonf3,0.0166666666666666,0.0166666666666666,0.0166666666666666,0.03,10,20000,0.0,0.0,0.0,0.0,0.0,0.0,1.0,0.0,0.0,,,,,,,,,0.0,0.0,0.0,0.0,
T1,self_test_repair,single_shot,pair_coin,boot,1138,569,none,569.0,569,normal_mixture,bonf3,0.0166666666666666,0.0166666666666666,0.0166666666666666,0.03,20,20000,0.0,0.0,0.0,0.0,0.0,0.0,1.0,0.0,0.0,,,,,,,,,0.0,0.0,0.0,0.0,
T1,self_test_repair,single_shot,pair_coin,boot,1138,569,none,569.0,569,normal_mixture,bonf3,0.0166666666666666,0.0166666666666666,0.0166666666666666,0.05,10,20000,0.00035,0.0,0.00035,0.0001322644132032,0.0,0.00035,1.0,0.00035,0.0,477.5,541.0,555.0,,,,541.0,,3.756590509666081e-05,1.867311072056239e-05,3.734622144112478e-05,2.4139112564713905e-05,1085.0
T1,self_test_repair,single_shot,pair_coin,boot,1138,569,none,569.0,569,normal_mixture,bonf3,0.0166666666666666,0.0166666666666666,0.0166666666666666,0.05,20,20000,0.00035,0.0,0.00035,0.0001322644132032,0.0,0.00035,1.0,0.00035,0.0,477.5,541.0,555.0,,,,541.0,,3.756590509666081e-05,1.867311072056239e-05,3.734622144112478e-05,2.4139112564713905e-05,1085.0
T1,self_test_repair,single_shot,pair_coin,boot,1138,569,none,569.0,569,normal_mixture,bonf3,0.0166666666666666,0.0166666666666666,0.0166666666666666,0.1,10,20000,0.06305,0.0,0.06305,0.0017186433239622,0.0,0.06305,1.0,0.06305,0.0,418.0,485.0,533.0,,,,485.0,,0.011093453427065,0.0055395869947275,0.0110791739894551,0.0069995839831568,972.0
T1,self_test_repair,single_shot,pair_coin,boot,1138,569,none,569.0,569,normal_mixture,bonf3,0.0166666666666666,0.0166666666666666,0.0166666666666666,0.1,20,20000,0.06305,0.0,0.06305,0.0017186433239622,0.0,0.06305,1.0,0.06305,0.0,418.0,485.0,533.0,,,,485.0,,0.011093453427065,0.0055395869947275,0.0110791739894551,0.0069995839831568,972.0
T1,self_test_repair,single_shot,pair_coin,boot,1138,569,none,569.0,569,normal_mixture,bonf3,0.0166666666666666,0.0166666666666666,0.0166666666666666,0.15,10,20000,0.6436,0.0,0.6436,0.0033865841197289,0.0,0.6436,1.0,0.6436,0.0,357.0,430.0,496.0,400.0,505.0,,430.0,,0.1657223637961335,0.0827798769771529,0.1655597539543058,0.1048533182704783,862.0
T1,self_test_repair,single_shot,pair_coin,boot,1138,569,none,569.0,569,normal_mixture,bonf3,0.0166666666666666,0.0166666666666666,0.0166666666666666,0.15,20,20000,0.6436,0.0,0.6436,0.0033865841197289,0.0,0.6436,1.0,0.6436,0.0,357.0,430.0,496.0,400.0,505.0,,430.0,,0.1657223637961335,0.0827798769771529,0.1655597539543058,0.1048533182704783,862.0
T1,self_test_repair,single_shot,arrival_coin,perm,591,295,none,285.8701,247,betting,nosplit_iut,0.05,0.05,0.05,0.03,10,20000,0.02335,0.0,0.02335,0.0010678196828116,0.0,0.0234,1.0,0.0234,0.0,45.0,103.0,195.0,,,,103.0,,0.0132916243654822,0.0066129441624365,0.0132242056509899,0.0083397803753418,220.0
T1,self_test_repair,single_shot,arrival_coin,perm,591,295,none,285.8701,247,betting,nosplit_iut,0.05,0.05,0.05,0.03,20,20000,0.0231,0.0,0.0231,0.0010622238464655,0.0,0.02315,1.0,0.02315,0.0,47.0,105.0,195.75,,,,105.0,,0.0130426395939086,0.0064892554991539,0.0129768597971967,0.0081826363467272,223.5
T1,self_test_repair,single_shot,arrival_coin,perm,591,295,none,285.8701,247,betting,nosplit_iut,0.05,0.05,0.05,0.05,10,20000,0.0594,0.0,0.0594,0.0016714012085672,0.0,0.0594,1.0,0.0594,0.0,69.0,141.0,215.0,,,,141.0,,0.0292061759729272,0.0145923011844331,0.0291808893352317,0.0184658777338129,295.5
T1,self_test_repair,single_shot,arrival_coin,perm,591,295,none,285.8701,247,betting,nosplit_iut,0.05,0.05,0.05,0.05,20,20000,0.05905,0.0,0.05905,0.0016667797919941,0.0,0.05905,1.0,0.05905,0.0,70.0,143.0,216.0,,,,143.0,,0.0287156514382402,0.0143405245346869,0.0286774001006978,0.0181479065950554,300.0
T1,self_test_repair,single_shot,arrival_coin,perm,591,295,none,285.8701,247,betting,nosplit_iut,0.05,0.05,0.05,0.1,10,20000,0.38655,0.0,0.38655,0.003443320327097,0.0,0.3866,1.0,0.3866,0.0,109.0,176.0,232.0,211.0,,,176.0,,0.1567791878172588,0.0783977157360406,0.1567754830519027,0.0992316197924636,369.0
T1,self_test_repair,single_shot,arrival_coin,perm,591,295,none,285.8701,247,betting,nosplit_iut,0.05,0.05,0.05,0.1,20,20000,0.38535,0.0,0.38535,0.0034413324272729,0.0,0.38535,1.0,0.38535,0.0,110.0,177.0,232.0,212.0,,,177.0,,0.1552968697123519,0.0776433164128595,0.1552668763636167,0.0982778228588141,370.0
T1,self_test_repair,single_shot,arrival_coin,perm,591,295,none,285.8701,247,betting,nosplit_iut,0.05,0.05,0.05,0.15,10,20000,0.8665,0.0,0.8665,0.0024049714135515,0.0,0.8665,1.0,0.8665,0.0,87.0,142.0,200.0,96.0,159.0,234.0,142.0,,0.4217557529610829,0.2108888324873096,0.4217240039846029,0.2671931103924031,298.0
T1,self_test_repair,single_shot,arrival_coin,perm,591,295,none,285.8701,247,betting,nosplit_iut,0.05,0.05,0.05,0.15,20,20000,0.86625,0.0,0.86625,0.0024068749188522,0.0,0.86625,1.0,0.86625,0.0,88.0,142.0,201.0,96.0,159.0,235.0,142.0,,0.4194159898477158,0.209712605752961,0.4193718498086199,0.2657110571875121,299.0
T1,self_test_repair,single_shot,arrival_coin,perm,591,295,none,285.8701,247,betting,deploy_bonf2,0.025,0.025,0.05,0.03,10,20000,0.0117,0.0,0.0117,0.0007603653726992,0.0,0.01175,1.0,0.01175,0.0,50.25,110.5,180.0,,,,110.5,,0.0066883248730964,0.0033259729272419,0.0066510995555218,0.0041960526870203,232.5
T1,self_test_repair,single_shot,arrival_coin,perm,591,295,none,285.8701,247,betting,deploy_bonf2,0.025,0.025,0.05,0.03,20,20000,0.01155,0.0,0.01155,0.0007555328417745,0.0,0.0116,1.0,0.0116,0.0,53.5,111.0,180.5,,,,111.0,,0.0065470389170896,0.0032557529610829,0.0065106774907828,0.0041075580689545,238.0
T1,self_test_repair,single_shot,arrival_coin,perm,591,295,none,285.8701,247,betting,deploy_bonf2,0.025,0.025,0.05,0.05,10,20000,0.0322,0.0,0.0322,0.0012482619917309,0.0,0.0322,1.0,0.0322,0.0,79.0,143.0,225.5,,,,143.0,,0.0152516920473773,0.0075982233502538,0.0151945133208092,0.0095892814163814,295.0
T1,self_test_repair,single_shot,arrival_coin,perm,591,295,none,285.8701,247,betting,deploy_bonf2,0.025,0.025,0.05,0.05,20,20000,0.0319,0.0,0.0319,0.0012426260499442,0.0,0.0319,1.0,0.0319,0.0,80.0,144.5,227.0,,,,144.5,,0.0149593062605752,0.0074516920473773,0.0149014880001732,0.0094041062909511,299.5
T1,self_test_repair,single_shot,arrival_coin,perm,591,295,none,285.8701,247,betting,deploy_bonf2,0.025,0.025,0.05,0.1,10,20000,0.2869,0.0,0.2869,0.0031983463696103,0.0,0.2869,1.0,0.2869,0.0,123.0,188.0,240.0,263.0,,,188.0,,0.1069431472081218,0.0534351099830795,0.1068566233196723,0.067670663436512,392.0
T1,self_test_repair,single_shot,arrival_coin,perm,591,295,none,285.8701,247,betting,deploy_bonf2,0.025,0.025,0.05,0.1,20,20000,0.28665,0.0,0.28665,0.003197512920224,0.0,0.2867,1.0,0.2867,0.0,123.0,188.0,240.0,263.0,,,188.0,,0.1065419627749577,0.0532300338409475,0.1064465232173503,0.0674103556184094,393.0
T1,self_test_repair,single_shot,arrival_coin,perm,591,295,none,285.8701,247,betting,deploy_bonf2,0.025,0.025,0.05,0.15,10,20000,0.79625,0.0,0.79625,0.0028481216397829,0.0,0.79625,1.0,0.79625,0.0,105.0,160.0,217.0,120.0,189.0,267.0,160.0,,0.3471657360406091,0.1735331641285956,0.3470221724748391,0.2198671777416214,335.0
T1,self_test_repair,single_shot,arrival_coin,perm,591,295,none,285.8701,247,betting,deploy_bonf2,0.025,0.025,0.05,0.15,20,20000,0.796,0.0,0.796,0.0028494209938161,0.0,0.796,1.0,0.796,0.0,105.0,160.0,217.0,120.0,189.0,267.0,160.0,,0.3459983925549915,0.1729475465313028,0.3458510862915582,0.2191247492585285,336.0
T1,self_test_repair,single_shot,arrival_coin,perm,591,295,none,285.8701,247,betting,twosided_equal,0.025,0.025,0.025,0.03,10,20000,0.0117,0.0,0.0117,0.0007603653726992,0.0,0.01175,1.0,0.01175,0.0,50.25,110.5,180.0,,,,110.5,,0.0066883248730964,0.0033259729272419,0.0066510995555218,0.0041960526870203,232.5
T1,self_test_repair,single_shot,arrival_coin,perm,591,295,none,285.8701,247,betting,twosided_equal,0.025,0.025,0.025,0.03,20,20000,0.01155,0.0,0.01155,0.0007555328417745,0.0,0.0116,1.0,0.0116,0.0,53.5,111.0,180.5,,,,111.0,,0.0065470389170896,0.0032557529610829,0.0065106774907828,0.0041075580689545,238.0
T1,self_test_repair,single_shot,arrival_coin,perm,591,295,none,285.8701,247,betting,twosided_equal,0.025,0.025,0.025,0.05,10,20000,0.0322,0.0,0.0322,0.0012482619917309,0.0,0.0322,1.0,0.0322,0.0,79.0,143.0,225.5,,,,143.0,,0.0152516920473773,0.0075982233502538,0.0151945133208092,0.0095892814163814,295.0
T1,self_test_repair,single_shot,arrival_coin,perm,591,295,none,285.8701,247,betting,twosided_equal,0.025,0.025,0.025,0.05,20,20000,0.0319,0.0,0.0319,0.0012426260499442,0.0,0.0319,1.0,0.0319,0.0,80.0,144.5,227.0,,,,144.5,,0.0149593062605752,0.0074516920473773,0.0149014880001732,0.0094041062909511,299.5
T1,self_test_repair,single_shot,arrival_coin,perm,591,295,none,285.8701,247,betting,twosided_equal,0.025,0.025,0.025,0.1,10,20000,0.2869,0.0,0.2869,0.0031983463696103,0.0,0.2869,1.0,0.2869,0.0,123.0,188.0,240.0,263.0,,,188.0,,0.1069431472081218,0.0534351099830795,0.1068566233196723,0.067670663436512,392.0
T1,self_test_repair,single_shot,arrival_coin,perm,591,295,none,285.8701,247,betting,twosided_equal,0.025,0.025,0.025,0.1,20,20000,0.28665,0.0,0.28665,0.003197512920224,0.0,0.2867,1.0,0.2867,0.0,123.0,188.0,240.0,263.0,,,188.0,,0.1065419627749577,0.0532300338409475,0.1064465232173503,0.0674103556184094,393.0
T1,self_test_repair,single_shot,arrival_coin,perm,591,295,none,285.8701,247,betting,twosided_equal,0.025,0.025,0.025,0.15,10,20000,0.79625,0.0,0.79625,0.0028481216397829,0.0,0.79625,1.0,0.79625,0.0,105.0,160.0,217.0,120.0,189.0,267.0,160.0,,0.3471657360406091,0.1735331641285956,0.3470221724748391,0.2198671777416214,335.0
T1,self_test_repair,single_shot,arrival_coin,perm,591,295,none,285.8701,247,betting,twosided_equal,0.025,0.025,0.025,0.15,20,20000,0.796,0.0,0.796,0.0028494209938161,0.0,0.796,1.0,0.796,0.0,105.0,160.0,217.0,120.0,189.0,267.0,160.0,,0.3459983925549915,0.1729475465313028,0.3458510862915582,0.2191247492585285,336.0
T1,self_test_repair,single_shot,arrival_coin,perm,591,295,none,285.8701,247,betting,bonf3,0.0166666666666666,0.0166666666666666,0.0166666666666666,0.03,10,20000,0.00805,0.0,0.00805,0.0006318701409308,0.0,0.0081,1.0,0.0081,0.0,51.0,110.0,186.0,,,,110.0,,0.0045321489001692,0.0022589678510998,0.0045173609043316,0.0028511170713909,238.0
T1,self_test_repair,single_shot,arrival_coin,perm,591,295,none,285.8701,247,betting,bonf3,0.0166666666666666,0.0166666666666666,0.0166666666666666,0.03,20,20000,0.0079,0.0,0.0079,0.0006260027955209,0.0,0.00795,1.0,0.00795,0.0,53.25,114.0,186.0,,,,114.0,,0.0043908629441624,0.0021887478849407,0.0043769388395926,0.0027626224533251,239.5
T1,self_test_repair,single_shot,arrival_coin,perm,591,295,none,285.8701,247,betting,bonf3,0.0166666666666666,0.0166666666666666,0.0166666666666666,0.05,10,20000,0.02315,0.0,0.02315,0.0010633456046836,0.0,0.0232,1.0,0.0232,0.0,81.0,150.0,227.0,,,,150.0,,0.0106675126903553,0.005311336717428,0.0106213219570031,0.0067010073968096,315.0
T1,self_test_repair,single_shot,arrival_coin,perm,591,295,none,285.8701,247,betting,bonf3,0.0166666666666666,0.0166666666666666,0.0166666666666666,0.05,20,20000,0.023,0.0,0.023,0.0010599764148319,0.0,0.02305,1.0,0.02305,0.0,82.0,152.0,229.25,,,,152.0,,0.0105262267343485,0.005241116751269,0.0104808998922641,0.0066125127787438,315.0
T1,self_test_repair,single_shot,arrival_coin,perm,591,295,none,285.8701,247,betting,bonf3,0.0166666666666666,0.0166666666666666,0.0166666666666666,0.1,10,20000,0.2388,0.0,0.2388,0.0030147517310717,0.0,0.2388,1.0,0.2388,0.0,129.0,193.0,243.0,,,,193.0,,0.0850779187817259,0.0424890016920473,0.0849671919918142,0.0538108625256124,404.0
T1,self_test_repair,single_shot,arrival_coin,perm,591,295,none,285.8701,247,betting,bonf3,0.0166666666666666,0.0166666666666666,0.0166666666666666,0.1,20,20000,0.2386,0.0,0.2386,0.0030138848684048,0.0,0.23865,1.0,0.23865,0.0,130.0,193.0,243.0,,,,193.0,,0.0848535532994923,0.0423751269035533,0.0847394713904423,0.0536660070388818,404.0
T1,self_test_repair,single_shot,arrival_coin,perm,591,295,none,285.8701,247,betting,bonf3,0.0166666666666666,0.0166666666666666,0.0166666666666666,0.15,10,20000,0.75155,0.0,0.75155,0.0030555081205914,0.0,0.7516,1.0,0.7516,0.0,114.0,168.0,222.0,132.0,204.0,291.0,168.0,,0.3094506768189509,0.1546720812182741,0.3093048058859515,0.1959463638851375,351.0
T1,self_test_repair,single_shot,arrival_coin,perm,591,295,none,285.8701,247,betting,bonf3,0.0166666666666666,0.0166666666666666,0.0166666666666666,0.15,20,20000,0.7514,0.0,0.7514,0.0030561253246553,0.0,0.75145,1.0,0.75145,0.0,114.0,168.0,222.25,132.0,204.0,291.25,168.0,,0.3087912859560068,0.1543354483925549,0.3086316258912571,0.1955213383478909,352.0
T1,self_test_repair,single_shot,arrival_coin,perm,591,295,none,285.8701,247,normal_mixture,nosplit_iut,0.05,0.05,0.05,0.03,10,20000,0.0,0.0,0.0,0.0,0.0,0.0,1.0,0.0,0.0,,,,,,,,,0.0,0.0,0.0,0.0,
T1,self_test_repair,single_shot,arrival_coin,perm,591,295,none,285.8701,247,normal_mixture,nosplit_iut,0.05,0.05,0.05,0.03,20,20000,0.0,0.0,0.0,0.0,0.0,0.0,1.0,0.0,0.0,,,,,,,,,0.0,0.0,0.0,0.0,
T1,self_test_repair,single_shot,arrival_coin,perm,591,295,none,285.8701,247,normal_mixture,nosplit_iut,0.05,0.05,0.05,0.05,10,20000,5e-05,0.0,5e-05,4.999874998437461e-05,0.0,5e-05,1.0,5e-05,0.0,241.0,241.0,241.0,,,,241.0,,8.206429780033841e-06,3.637901861252115e-06,7.274878052741851e-06,5.637593699980847e-06,494.0
T1,self_test_repair,single_shot,arrival_coin,perm,591,295,none,285.8701,247,normal_mixture,nosplit_iut,0.05,0.05,0.05,0.05,20,20000,5e-05,0.0,5e-05,4.999874998437461e-05,0.0,5e-05,1.0,5e-05,0.0,241.0,241.0,241.0,,,,241.0,,8.206429780033841e-06,3.637901861252115e-06,7.274878052741851e-06,5.637593699980847e-06,494.0
T1,self_test_repair,single_shot,arrival_coin,perm,591,295,none,285.8701,247,normal_mixture,nosplit_iut,0.05,0.05,0.05,0.1,10,20000,0.00935,0.0,0.00935,0.0006805357264684,0.0,0.00935,1.0,0.00935,0.0,215.0,251.0,270.0,,,,251.0,,0.0014462774957698,0.0007166666666666,0.0014331509763901,0.0008991079778274,521.0
T1,self_test_repair,single_shot,arrival_coin,perm,591,295,none,285.8701,247,normal_mixture,nosplit_iut,0.05,0.05,0.05,0.1,20,20000,0.00935,0.0,0.00935,0.0006805357264684,0.0,0.00935,1.0,0.00935,0.0,215.0,251.0,270.0,,,,251.0,,0.0014462774957698,0.0007166666666666,0.0014331509763901,0.0008991079778274,521.0
T1,self_test_repair,single_shot,arrival_coin,perm,591,295,none,285.8701,247,normal_mixture,nosplit_iut,0.05,0.05,0.05,0.15,10,20000,0.184,0.0,0.184,0.0027399270063269,0.0,0.184,1.0,0.184,0.0,209.0,242.0,266.0,,,,242.0,,0.0328550761421319,0.0163926395939086,0.0327811080552863,0.0206877157820184,501.0
T1,self_test_repair,single_shot,arrival_coin,perm,591,295,none,285.8701,247,normal_mixture,nosplit_iut,0.05,0.05,0.05,0.15,20,20000,0.184,0.0,0.184,0.0027399270063269,0.0,0.184,1.0,0.184,0.0,209.0,242.0,266.0,,,,242.0,,0.0328550761421319,0.0163926395939086,0.0327811080552863,0.0206877157820184,501.0
T1,self_test_repair,single_shot,arrival_coin,perm,591,295,none,285.8701,247,normal_mixture,deploy_bonf2,0.025,0.025,0.05,0.03,10,20000,0.0,0.0,0.0,0.0,0.0,0.0,1.0,0.0,0.0,,,,,,,,,0.0,0.0,0.0,0.0,
T1,self_test_repair,single_shot,arrival_coin,perm,591,295,none,285.8701,247,normal_mixture,deploy_bonf2,0.025,0.025,0.05,0.03,20,20000,0.0,0.0,0.0,0.0,0.0,0.0,1.0,0.0,0.0,,,,,,,,,0.0,0.0,0.0,0.0,
T1,self_test_repair,single_shot,arrival_coin,perm,591,295,none,285.8701,247,normal_mixture,deploy_bonf2,0.025,0.025,0.05,0.05,10,20000,0.0,0.0,0.0,0.0,0.0,0.0,1.0,0.0,0.0,,,,,,,,,0.0,0.0,0.0,0.0,
T1,self_test_repair,single_shot,arrival_coin,perm,591,295,none,285.8701,247,normal_mixture,deploy_bonf2,0.025,0.025,0.05,0.05,20,20000,0.0,0.0,0.0,0.0,0.0,0.0,1.0,0.0,0.0,,,,,,,,,0.0,0.0,0.0,0.0,
T1,self_test_repair,single_shot,arrival_coin,perm,591,295,none,285.8701,247,normal_mixture,deploy_bonf2,0.025,0.025,0.05,0.1,10,20000,0.0016,0.0,0.0016,0.0002826163477224,0.0,0.0016,1.0,0.0016,0.0,236.75,249.0,261.25,,,,249.0,,0.0002258037225042,0.0001148900169204,0.0002297507998982,0.0001466803966554,517.5
T1,self_test_repair,single_shot,arrival_coin,perm,591,295,none,285.8701,247,normal_mixture,deploy_bonf2,0.025,0.025,0.05,0.1,20,20000,0.0016,0.0,0.0016,0.0002826163477224,0.0,0.0016,1.0,0.0016,0.0,236.75,249.0,261.25,,,,249.0,,0.0002258037225042,0.0001148900169204,0.0002297507998982,0.0001466803966554,517.5
T1,self_test_repair,single_shot,arrival_coin,perm,591,295,none,285.8701,247,normal_mixture,deploy_bonf2,0.025,0.025,0.05,0.15,10,20000,0.07845,0.0,0.07845,0.0019012574457447,0.0,0.07845,1.0,0.07845,0.0,225.0,251.0,273.0,,,,251.0,,0.0114245346869712,0.0056977157360406,0.0113939816794885,0.007177130824711,521.0
T1,self_test_repair,single_shot,arrival_coin,perm,591,295,none,285.8701,247,normal_mixture,deploy_bonf2,0.025,0.025,0.05,0.15,20,20000,0.07845,0.0,0.07845,0.0019012574457447,0.0,0.07845,1.0,0.07845,0.0,225.0,251.0,273.0,,,,251.0,,0.0114245346869712,0.0056977157360406,0.0113939816794885,0.007177130824711,521.0
T1,self_test_repair,single_shot,arrival_coin,perm,591,295,none,285.8701,247,normal_mixture,twosided_equal,0.025,0.025,0.025,0.03,10,20000,0.0,0.0,0.0,0.0,0.0,0.0,1.0,0.0,0.0,,,,,,,,,0.0,0.0,0.0,0.0,
T1,self_test_repair,single_shot,arrival_coin,perm,591,295,none,285.8701,247,normal_mixture,twosided_equal,0.025,0.025,0.025,0.03,20,20000,0.0,0.0,0.0,0.0,0.0,0.0,1.0,0.0,0.0,,,,,,,,,0.0,0.0,0.0,0.0,
T1,self_test_repair,single_shot,arrival_coin,perm,591,295,none,285.8701,247,normal_mixture,twosided_equal,0.025,0.025,0.025,0.05,10,20000,0.0,0.0,0.0,0.0,0.0,0.0,1.0,0.0,0.0,,,,,,,,,0.0,0.0,0.0,0.0,
T1,self_test_repair,single_shot,arrival_coin,perm,591,295,none,285.8701,247,normal_mixture,twosided_equal,0.025,0.025,0.025,0.05,20,20000,0.0,0.0,0.0,0.0,0.0,0.0,1.0,0.0,0.0,,,,,,,,,0.0,0.0,0.0,0.0,
T1,self_test_repair,single_shot,arrival_coin,perm,591,295,none,285.8701,247,normal_mixture,twosided_equal,0.025,0.025,0.025,0.1,10,20000,0.0016,0.0,0.0016,0.0002826163477224,0.0,0.0016,1.0,0.0016,0.0,236.75,249.0,261.25,,,,249.0,,0.0002258037225042,0.0001148900169204,0.0002297507998982,0.0001466803966554,517.5
T1,self_test_repair,single_shot,arrival_coin,perm,591,295,none,285.8701,247,normal_mixture,twosided_equal,0.025,0.025,0.025,0.1,20,20000,0.0016,0.0,0.0016,0.0002826163477224,0.0,0.0016,1.0,0.0016,0.0,236.75,249.0,261.25,,,,249.0,,0.0002258037225042,0.0001148900169204,0.0002297507998982,0.0001466803966554,517.5
T1,self_test_repair,single_shot,arrival_coin,perm,591,295,none,285.8701,247,normal_mixture,twosided_equal,0.025,0.025,0.025,0.15,10,20000,0.07845,0.0,0.07845,0.0019012574457447,0.0,0.07845,1.0,0.07845,0.0,225.0,251.0,273.0,,,,251.0,,0.0114245346869712,0.0056977157360406,0.0113939816794885,0.007177130824711,521.0
T1,self_test_repair,single_shot,arrival_coin,perm,591,295,none,285.8701,247,normal_mixture,twosided_equal,0.025,0.025,0.025,0.15,20,20000,0.07845,0.0,0.07845,0.0019012574457447,0.0,0.07845,1.0,0.07845,0.0,225.0,251.0,273.0,,,,251.0,,0.0114245346869712,0.0056977157360406,0.0113939816794885,0.007177130824711,521.0
T1,self_test_repair,single_shot,arrival_coin,perm,591,295,none,285.8701,247,normal_mixture,bonf3,0.0166666666666666,0.0166666666666666,0.0166666666666666,0.03,10,20000,0.0,0.0,0.0,0.0,0.0,0.0,1.0,0.0,0.0,,,,,,,,,0.0,0.0,0.0,0.0,
T1,self_test_repair,single_shot,arrival_coin,perm,591,295,none,285.8701,247,normal_mixture,bonf3,0.0166666666666666,0.0166666666666666,0.0166666666666666,0.03,20,20000,0.0,0.0,0.0,0.0,0.0,0.0,1.0,0.0,0.0,,,,,,,,,0.0,0.0,0.0,0.0,
T1,self_test_repair,single_shot,arrival_coin,perm,591,295,none,285.8701,247,normal_mixture,bonf3,0.0166666666666666,0.0166666666666666,0.0166666666666666,0.05,10,20000,0.0,0.0,0.0,0.0,0.0,0.0,1.0,0.0,0.0,,,,,,,,,0.0,0.0,0.0,0.0,
T1,self_test_repair,single_shot,arrival_coin,perm,591,295,none,285.8701,247,normal_mixture,bonf3,0.0166666666666666,0.0166666666666666,0.0166666666666666,0.05,20,20000,0.0,0.0,0.0,0.0,0.0,0.0,1.0,0.0,0.0,,,,,,,,,0.0,0.0,0.0,0.0,
T1,self_test_repair,single_shot,arrival_coin,perm,591,295,none,285.8701,247,normal_mixture,bonf3,0.0166666666666666,0.0166666666666666,0.0166666666666666,0.1,10,20000,0.0008,0.0,0.0008,0.0001999199839935,0.0,0.0008,1.0,0.0008,0.0,225.5,248.5,260.0,,,,248.5,,0.0001172588832487,6.0152284263959386e-05,0.000120289262686,7.99049086739334e-05,510.5
T1,self_test_repair,single_shot,arrival_coin,perm,591,295,none,285.8701,247,normal_mixture,bonf3,0.0166666666666666,0.0166666666666666,0.0166666666666666,0.1,20,20000,0.0008,0.0,0.0008,0.0001999199839935,0.0,0.0008,1.0,0.0008,0.0,225.5,248.5,260.0,,,,248.5,,0.0001172588832487,6.0152284263959386e-05,0.000120289262686,7.99049086739334e-05,510.5
T1,self_test_repair,single_shot,arrival_coin,perm,591,295,none,285.8701,247,normal_mixture,bonf3,0.0166666666666666,0.0166666666666666,0.0166666666666666,0.15,10,20000,0.0462,0.0,0.0462,0.0014843442996825,0.0,0.0462,1.0,0.0462,0.0,233.0,253.0,272.0,,,,253.0,,0.0060776649746192,0.0030312182741116,0.0060616652500392,0.003825332498296,529.5
T1,self_test_repair,single_shot,arrival_coin,perm,591,295,none,285.8701,247,normal_mixture,bonf3,0.0166666666666666,0.0166666666666666,0.0166666666666666,0.15,20,20000,0.0462,0.0,0.0462,0.0014843442996825,0.0,0.0462,1.0,0.0462,0.0,233.0,253.0,272.0,,,,253.0,,0.0060776649746192,0.0030312182741116,0.0060616652500392,0.003825332498296,529.5
T1,self_test_repair,single_shot,arrival_coin,boot,591,295,none,285.7789,244,betting,nosplit_iut,0.05,0.05,0.05,0.03,10,20000,0.02995,0.0,0.02995,0.0012052592563428,0.0,0.02995,1.0,0.02995,0.0,58.0,126.0,202.5,,,,126.0,,0.0157640439932318,0.0078799492385786,0.0157622774875666,0.0099647304646051,266.0
T1,self_test_repair,single_shot,arrival_coin,boot,591,295,none,285.7789,244,betting,nosplit_iut,0.05,0.05,0.05,0.03,20,20000,0.02985,0.0,0.02985,0.0012033074731754,0.0,0.02985,1.0,0.02985,0.0,58.0,127.0,203.0,,,,127.0,,0.0156591370558375,0.0078314720812182,0.0156653085372614,0.0099044187152097,267.0
T1,self_test_repair,single_shot,arrival_coin,boot,591,295,none,285.7789,244,betting,nosplit_iut,0.05,0.05,0.05,0.05,10,20000,0.07035,0.0,0.07035,0.001808326263427,0.0,0.0704,1.0,0.0704,0.0,83.0,155.0,228.0,,,,155.0,,0.0322780033840947,0.016142978003384,0.0322908296819079,0.0204677884510529,325.0
T1,self_test_repair,single_shot,arrival_coin,boot,591,295,none,285.7789,244,betting,nosplit_iut,0.05,0.05,0.05,0.05,20,20000,0.0701,0.0,0.0701,0.0018053530125712,0.0,0.0701,1.0,0.0701,0.0,85.0,156.0,228.0,,,,156.0,,0.0318830795262267,0.0159469543147208,0.0318987231236931,0.0202205216370592,327.0
T1,self_test_repair,single_shot,arrival_coin,boot,591,295,none,285.7789,244,betting,nosplit_iut,0.05,0.05,0.05,0.1,10,20000,0.4002,0.0,0.4002,0.0034643899895941,0.0,0.40025,1.0,0.40025,0.0,107.0,173.0,230.0,202.0,,,173.0,,0.1644108291032149,0.0821913705583756,0.164407555251994,0.1040002346772557,361.5
T1,self_test_repair,single_shot,arrival_coin,boot,591,295,none,285.7789,244,betting,nosplit_iut,0.05,0.05,0.05,0.1,20,20000,0.40005,0.0,0.40005,0.0034641737651278,0.0,0.40005,1.0,0.40005,0.0,108.0,173.0,230.0,202.0,,,173.0,,0.1638831641285956,0.0819288494077834,0.163882433693884,0.1036651051880473,362.0
T1,self_test_repair,single_shot,arrival_coin,boot,591,295,none,285.7789,244,betting,nosplit_iut,0.05,0.05,0.05,0.15,10,20000,0.84795,0.0,0.84795,0.0025390037170118,0.0,0.84795,1.0,0.84795,0.0,84.0,137.0,197.0,93.0,156.0,238.0,137.0,,0.4219642978003384,0.2109124365482233,0.4218885489992736,0.2672187671565708,288.0
T1,self_test_repair,single_shot,arrival_coin,boot,591,295,none,285.7789,244,betting,nosplit_iut,0.05,0.05,0.05,0.15,20,20000,0.84755,0.0,0.84755,0.0025417415043627,0.0,0.84755,1.0,0.84755,0.0,85.0,137.0,197.0,94.0,156.0,238.0,137.0,,0.4197924703891709,0.2098225042301184,0.4197083553050647,0.2658510580906059,289.0
T1,self_test_repair,single_shot,arrival_coin,boot,591,295,none,285.7789,244,betting,deploy_bonf2,0.025,0.025,0.05,0.03,10,20000,0.0157,0.0,0.0157,0.0008790196243543,0.0,0.0157,1.0,0.0157,0.0,76.5,136.5,204.5,,,,136.5,,0.0077570219966159,0.0038884940778341,0.0077781621185464,0.0049211383425448,292.5
T1,self_test_repair,single_shot,arrival_coin,boot,591,295,none,285.7789,244,betting,deploy_bonf2,0.025,0.025,0.05,0.03,20,20000,0.01565,0.0,0.01565,0.0008776410855241,0.0,0.01565,1.0,0.01565,0.0,78.0,137.0,205.0,,,,137.0,,0.0077095600676818,0.0038648900169204,0.0077309468704921,0.0048895641992073,293.0
T1,self_test_repair,single_shot,arrival_coin,boot,591,295,none,285.7789,244,betting,deploy_bonf2,0.025,0.025,0.05,0.05,10,20000,0.0417,0.0,0.0417,0.001413525910622,0.0,0.0417,1.0,0.0417,0.0,94.0,165.0,228.75,,,,165.0,,0.0181486463620981,0.0090824027072758,0.0181675474538627,0.0115011103639091,347.5
T1,self_test_repair,single_shot,arrival_coin,boot,591,295,none,285.7789,244,betting,deploy_bonf2,0.025,0.025,0.05,0.05,20,20000,0.0415,0.0,0.0415,0.0014102792276708,0.0,0.0415,1.0,0.0415,0.0,95.0,165.0,229.0,,,,165.0,,0.0179539763113367,0.0089881556683587,0.0179790249222048,0.0113780844135453,350.0
T1,self_test_repair,single_shot,arrival_coin,boot,591,295,none,285.7789,244,betting,deploy_bonf2,0.025,0.025,0.05,0.1,10,20000,0.306,0.0,0.306,0.0032585579632714,0.0,0.306,1.0,0.306,0.0,121.0,185.0,238.0,252.0,,,185.0,,0.115732910321489,0.0578804568527918,0.1157783882102002,0.0731922700475146,383.5
T1,self_test_repair,single_shot,arrival_coin,boot,591,295,none,285.7789,244,betting,deploy_bonf2,0.025,0.025,0.05,0.1,20,20000,0.30585,0.0,0.30585,0.0032581112434967,0.0,0.30585,1.0,0.30585,0.0,122.0,185.0,238.0,252.0,,,185.0,,0.1154635363790186,0.0577472927241962,0.1155120197498505,0.0730239855246809,384.0
T1,self_test_repair,single_shot,arrival_coin,boot,591,295,none,285.7789,244,betting,deploy_bonf2,0.025,0.025,0.05,0.15,10,20000,0.78015,0.0,0.78015,0.0029284464951574,0.0,0.78015,1.0,0.78015,0.0,99.0,155.0,212.0,116.0,185.0,273.0,155.0,,0.3504860406091371,0.175160744500846,0.3503743712248955,0.2218774165590211,325.0
T1,self_test_repair,single_shot,arrival_coin,boot,591,295,none,285.7789,244,betting,deploy_bonf2,0.025,0.025,0.05,0.15,20,20000,0.7801,0.0,0.7801,0.0029286856266933,0.0,0.7801,1.0,0.7801,0.0,100.0,155.0,212.0,116.0,185.0,273.0,155.0,,0.3500032994923858,0.1749213197969543,0.3498954495331614,0.2215698920956952,325.0
T1,self_test_repair,single_shot,arrival_coin,boot,591,295,none,285.7789,244,betting,twosided_equal,0.025,0.025,0.025,0.03,10,20000,0.0157,0.0,0.0157,0.0008790196243543,0.0,0.0157,1.0,0.0157,0.0,76.5,136.5,204.5,,,,136.5,,0.0077570219966159,0.0038884940778341,0.0077781621185464,0.0049211383425448,292.5
T1,self_test_repair,single_shot,arrival_coin,boot,591,295,none,285.7789,244,betting,twosided_equal,0.025,0.025,0.025,0.03,20,20000,0.01565,0.0,0.01565,0.0008776410855241,0.0,0.01565,1.0,0.01565,0.0,78.0,137.0,205.0,,,,137.0,,0.0077095600676818,0.0038648900169204,0.0077309468704921,0.0048895641992073,293.0
T1,self_test_repair,single_shot,arrival_coin,boot,591,295,none,285.7789,244,betting,twosided_equal,0.025,0.025,0.025,0.05,10,20000,0.0417,0.0,0.0417,0.001413525910622,0.0,0.0417,1.0,0.0417,0.0,94.0,165.0,228.75,,,,165.0,,0.0181486463620981,0.0090824027072758,0.0181675474538627,0.0115011103639091,347.5
T1,self_test_repair,single_shot,arrival_coin,boot,591,295,none,285.7789,244,betting,twosided_equal,0.025,0.025,0.025,0.05,20,20000,0.0415,0.0,0.0415,0.0014102792276708,0.0,0.0415,1.0,0.0415,0.0,95.0,165.0,229.0,,,,165.0,,0.0179539763113367,0.0089881556683587,0.0179790249222048,0.0113780844135453,350.0
T1,self_test_repair,single_shot,arrival_coin,boot,591,295,none,285.7789,244,betting,twosided_equal,0.025,0.025,0.025,0.1,10,20000,0.306,0.0,0.306,0.0032585579632714,0.0,0.306,1.0,0.306,0.0,121.0,185.0,238.0,252.0,,,185.0,,0.115732910321489,0.0578804568527918,0.1157783882102002,0.0731922700475146,383.5
T1,self_test_repair,single_shot,arrival_coin,boot,591,295,none,285.7789,244,betting,twosided_equal,0.025,0.025,0.025,0.1,20,20000,0.30585,0.0,0.30585,0.0032581112434967,0.0,0.30585,1.0,0.30585,0.0,122.0,185.0,238.0,252.0,,,185.0,,0.1154635363790186,0.0577472927241962,0.1155120197498505,0.0730239855246809,384.0
T1,self_test_repair,single_shot,arrival_coin,boot,591,295,none,285.7789,244,betting,twosided_equal,0.025,0.025,0.025,0.15,10,20000,0.78015,0.0,0.78015,0.0029284464951574,0.0,0.78015,1.0,0.78015,0.0,99.0,155.0,212.0,116.0,185.0,273.0,155.0,,0.3504860406091371,0.175160744500846,0.3503743712248955,0.2218774165590211,325.0
T1,self_test_repair,single_shot,arrival_coin,boot,591,295,none,285.7789,244,betting,twosided_equal,0.025,0.025,0.025,0.15,20,20000,0.7801,0.0,0.7801,0.0029286856266933,0.0,0.7801,1.0,0.7801,0.0,100.0,155.0,212.0,116.0,185.0,273.0,155.0,,0.3500032994923858,0.1749213197969543,0.3498954495331614,0.2215698920956952,325.0
T1,self_test_repair,single_shot,arrival_coin,boot,591,295,none,285.7789,244,betting,bonf3,0.0166666666666666,0.0166666666666666,0.0166666666666666,0.03,10,20000,0.01085,0.0,0.01085,0.0007325393334149,0.0,0.01085,1.0,0.01085,0.0,84.0,145.0,212.0,,,,145.0,,0.005141116751269,0.0025825719120135,0.0051659235200981,0.0032768726449733,302.0
T1,self_test_repair,single_shot,arrival_coin,boot,591,295,none,285.7789,244,betting,bonf3,0.0166666666666666,0.0166666666666666,0.0166666666666666,0.03,20,20000,0.0108,0.0,0.0108,0.000730867977134,0.0,0.0108,1.0,0.0108,0.0,84.75,145.5,212.5,,,,145.5,,0.0050939932318104,0.0025591370558375,0.0051190467326032,0.0032454110253264,303.0
T1,self_test_repair,single_shot,arrival_coin,boot,591,295,none,285.7789,244,betting,bonf3,0.0166666666666666,0.0166666666666666,0.0166666666666666,0.05,10,20000,0.03105,0.0,0.03105,0.0012264969934736,0.0,0.03105,1.0,0.03105,0.0,102.0,171.0,230.0,,,,171.0,,0.0129857868020304,0.0064917935702199,0.0129855470571869,0.0082101320529345,362.0
T1,self_test_repair,single_shot,arrival_coin,boot,591,295,none,285.7789,244,betting,bonf3,0.0166666666666666,0.0166666666666666,0.0166666666666666,0.05,20,20000,0.031,0.0,0.031,0.0012255406969986,0.0,0.031,1.0,0.031,0.0,102.0,171.5,230.0,,,,171.5,,0.0129383248730964,0.0064681895093062,0.0129383318091326,0.008178557909597,362.0
T1,self_test_repair,single_shot,arrival_coin,boot,591,295,none,285.7789,244,betting,bonf3,0.0166666666666666,0.0166666666666666,0.0166666666666666,0.1,10,20000,0.2586,0.0,0.2586,0.0030961753826293,0.0,0.25865,1.0,0.25865,0.0,127.0,190.0,241.0,282.0,,,190.0,,0.0936510998307952,0.0468408629441624,0.0936958674642602,0.0592708761806191,397.0
T1,self_test_repair,single_shot,arrival_coin,boot,591,295,none,285.7789,244,betting,bonf3,0.0166666666666666,0.0166666666666666,0.0166666666666666,0.1,20,20000,0.25845,0.0,0.25845,0.0030955903919931,0.0,0.2585,1.0,0.2585,0.0,127.0,190.0,241.0,282.0,,,190.0,,0.0934379864636209,0.046736040609137,0.0934861911476317,0.0591408845395291,397.0
T1,self_test_repair,single_shot,arrival_coin,boot,591,295,none,285.7789,244,betting,bonf3,0.0166666666666666,0.0166666666666666,0.0166666666666666,0.15,10,20000,0.73815,0.0,0.73815,0.0031087342882594,0.0,0.7382,1.0,0.7382,0.0,108.0,163.0,218.0,129.0,201.0,,163.0,,0.3139910321489002,0.1569060913705583,0.3138595537600598,0.1986909526186107,341.0
T1,self_test_repair,single_shot,arrival_coin,boot,591,295,none,285.7789,244,betting,bonf3,0.0166666666666666,0.0166666666666666,0.0166666666666666,0.15,20,20000,0.73815,0.0,0.73815,0.0031087342882594,0.0,0.73815,1.0,0.73815,0.0,108.0,163.0,218.0,129.0,201.0,,163.0,,0.3137101522842639,0.1567660744500846,0.3135794776470493,0.198508340102561,342.0
T1,self_test_repair,single_shot,arrival_coin,boot,591,295,none,285.7789,244,normal_mixture,nosplit_iut,0.05,0.05,0.05,0.03,10,20000,0.0,0.0,0.0,0.0,0.0,0.0,1.0,0.0,0.0,,,,,,,,,0.0,0.0,0.0,0.0,
T1,self_test_repair,single_shot,arrival_coin,boot,591,295,none,285.7789,244,normal_mixture,nosplit_iut,0.05,0.05,0.05,0.03,20,20000,0.0,0.0,0.0,0.0,0.0,0.0,1.0,0.0,0.0,,,,,,,,,0.0,0.0,0.0,0.0,
T1,self_test_repair,single_shot,arrival_coin,boot,591,295,none,285.7789,244,normal_mixture,nosplit_iut,0.05,0.05,0.05,0.05,10,20000,0.00015,0.0,0.00015,8.659604494432757e-05,0.0,0.00015,1.0,0.00015,0.0,269.0,278.0,281.5,,,,278.0,,7.360406091370557e-06,3.7225042301184434e-06,7.446132309648089e-06,4.8836724724221625e-06,564.0
T1,self_test_repair,single_shot,arrival_coin,boot,591,295,none,285.7789,244,normal_mixture,nosplit_iut,0.05,0.05,0.05,0.05,20,20000,0.00015,0.0,0.00015,8.659604494432757e-05,0.0,0.00015,1.0,0.00015,0.0,269.0,278.0,281.5,,,,278.0,,7.360406091370557e-06,3.7225042301184434e-06,7.446132309648089e-06,4.8836724724221625e-06,564.0
T1,self_test_repair,single_shot,arrival_coin,boot,591,295,none,285.7789,244,normal_mixture,nosplit_iut,0.05,0.05,0.05,0.1,10,20000,0.0152,0.0,0.0152,0.0008651288921311,0.0,0.0152,1.0,0.0152,0.0,210.0,247.5,271.0,,,,247.5,,0.0026435702199661,0.00132910321489,0.0026586076951038,0.0016758208967256,514.0
T1,self_test_repair,single_shot,arrival_coin,boot,591,295,none,285.7789,244,normal_mixture,nosplit_iut,0.05,0.05,0.05,0.1,20,20000,0.0152,0.0,0.0152,0.0008651288921311,0.0,0.0152,1.0,0.0152,0.0,210.0,247.5,271.0,,,,247.5,,0.0026435702199661,0.00132910321489,0.0026586076951038,0.0016758208967256,514.0
T1,self_test_repair,single_shot,arrival_coin,boot,591,295,none,285.7789,244,normal_mixture,nosplit_iut,0.05,0.05,0.05,0.15,10,20000,0.20295,0.0,0.20295,0.0028439523334613,0.0,0.20295,1.0,0.20295,0.0,204.0,238.0,264.0,,,,238.0,,0.0381489001692047,0.0190717428087986,0.0381492435068034,0.0240781326633822,497.0
T1,self_test_repair,single_shot,arrival_coin,boot,591,295,none,285.7789,244,normal_mixture,nosplit_iut,0.05,0.05,0.05,0.15,20,20000,0.20295,0.0,0.20295,0.0028439523334613,0.0,0.20295,1.0,0.20295,0.0,204.0,238.0,264.0,,,,238.0,,0.0381489001692047,0.0190717428087986,0.0381492435068034,0.0240781326633822,497.0
T1,self_test_repair,single_shot,arrival_coin,boot,591,295,none,285.7789,244,normal_mixture,deploy_bonf2,0.025,0.025,0.05,0.03,10,20000,0.0,0.0,0.0,0.0,0.0,0.0,1.0,0.0,0.0,,,,,,,,,0.0,0.0,0.0,0.0,
T1,self_test_repair,single_shot,arrival_coin,boot,591,295,none,285.7789,244,normal_mixture,deploy_bonf2,0.025,0.025,0.05,0.03,20,20000,0.0,0.0,0.0,0.0,0.0,0.0,1.0,0.0,0.0,,,,,,,,,0.0,0.0,0.0,0.0,
T1,self_test_repair,single_shot,arrival_coin,boot,591,295,none,285.7789,244,normal_mixture,deploy_bonf2,0.025,0.025,0.05,0.05,10,20000,0.0,0.0,0.0,0.0,0.0,0.0,1.0,0.0,0.0,,,,,,,,,0.0,0.0,0.0,0.0,
T1,self_test_repair,single_shot,arrival_coin,boot,591,295,none,285.7789,244,normal_mixture,deploy_bonf2,0.025,0.025,0.05,0.05,20,20000,0.0,0.0,0.0,0.0,0.0,0.0,1.0,0.0,0.0,,,,,,,,,0.0,0.0,0.0,0.0,
T1,self_test_repair,single_shot,arrival_coin,boot,591,295,none,285.7789,244,normal_mixture,deploy_bonf2,0.025,0.025,0.05,0.1,10,20000,0.00435,0.0,0.00435,0.0004653534946683,0.0,0.00435,1.0,0.00435,0.0,238.5,253.0,273.0,,,,253.0,,0.0005649746192893,0.0002892554991539,0.0005785983265156,0.0003647020184831,527.0
T1,self_test_repair,single_shot,arrival_coin,boot,591,295,none,285.7789,244,normal_mixture,deploy_bonf2,0.025,0.025,0.05,0.1,20,20000,0.00435,0.0,0.00435,0.0004653534946683,0.0,0.00435,1.0,0.00435,0.0,238.5,253.0,273.0,,,,253.0,,0.0005649746192893,0.0002892554991539,0.0005785983265156,0.0003647020184831,527.0
T1,self_test_repair,single_shot,arrival_coin,boot,591,295,none,285.7789,244,normal_mixture,deploy_bonf2,0.025,0.025,0.05,0.15,10,20000,0.09845,0.0,0.09845,0.0021066276071009,0.0,0.09845,1.0,0.09845,0.0,220.0,248.0,271.0,,,,248.0,,0.0154409475465313,0.0077288494077834,0.0154600322079068,0.0097615283329292,518.0
T1,self_test_repair,single_shot,arrival_coin,boot,591,295,none,285.7789,244,normal_mixture,deploy_bonf2,0.025,0.025,0.05,0.15,20,20000,0.09845,0.0,0.09845,0.0021066276071009,0.0,0.09845,1.0,0.09845,0.0,220.0,248.0,271.0,,,,248.0,,0.0154409475465313,0.0077288494077834,0.0154600322079068,0.0097615283329292,518.0
T1,self_test_repair,single_shot,arrival_coin,boot,591,295,none,285.7789,244,normal_mixture,twosided_equal,0.025,0.025,0.025,0.03,10,20000,0.0,0.0,0.0,0.0,0.0,0.0,1.0,0.0,0.0,,,,,,,,,0.0,0.0,0.0,0.0,
T1,self_test_repair,single_shot,arrival_coin,boot,591,295,none,285.7789,244,normal_mixture,twosided_equal,0.025,0.025,0.025,0.03,20,20000,0.0,0.0,0.0,0.0,0.0,0.0,1.0,0.0,0.0,,,,,,,,,0.0,0.0,0.0,0.0,
T1,self_test_repair,single_shot,arrival_coin,boot,591,295,none,285.7789,244,normal_mixture,twosided_equal,0.025,0.025,0.025,0.05,10,20000,0.0,0.0,0.0,0.0,0.0,0.0,1.0,0.0,0.0,,,,,,,,,0.0,0.0,0.0,0.0,
T1,self_test_repair,single_shot,arrival_coin,boot,591,295,none,285.7789,244,normal_mixture,twosided_equal,0.025,0.025,0.025,0.05,20,20000,0.0,0.0,0.0,0.0,0.0,0.0,1.0,0.0,0.0,,,,,,,,,0.0,0.0,0.0,0.0,
T1,self_test_repair,single_shot,arrival_coin,boot,591,295,none,285.7789,244,normal_mixture,twosided_equal,0.025,0.025,0.025,0.1,10,20000,0.00435,0.0,0.00435,0.0004653534946683,0.0,0.00435,1.0,0.00435,0.0,238.5,253.0,273.0,,,,253.0,,0.0005649746192893,0.0002892554991539,0.0005785983265156,0.0003647020184831,527.0
T1,self_test_repair,single_shot,arrival_coin,boot,591,295,none,285.7789,244,normal_mixture,twosided_equal,0.025,0.025,0.025,0.1,20,20000,0.00435,0.0,0.00435,0.0004653534946683,0.0,0.00435,1.0,0.00435,0.0,238.5,253.0,273.0,,,,253.0,,0.0005649746192893,0.0002892554991539,0.0005785983265156,0.0003647020184831,527.0
T1,self_test_repair,single_shot,arrival_coin,boot,591,295,none,285.7789,244,normal_mixture,twosided_equal,0.025,0.025,0.025,0.15,10,20000,0.09845,0.0,0.09845,0.0021066276071009,0.0,0.09845,1.0,0.09845,0.0,220.0,248.0,271.0,,,,248.0,,0.0154409475465313,0.0077288494077834,0.0154600322079068,0.0097615283329292,518.0
T1,self_test_repair,single_shot,arrival_coin,boot,591,295,none,285.7789,244,normal_mixture,twosided_equal,0.025,0.025,0.025,0.15,20,20000,0.09845,0.0,0.09845,0.0021066276071009,0.0,0.09845,1.0,0.09845,0.0,220.0,248.0,271.0,,,,248.0,,0.0154409475465313,0.0077288494077834,0.0154600322079068,0.0097615283329292,518.0
T1,self_test_repair,single_shot,arrival_coin,boot,591,295,none,285.7789,244,normal_mixture,bonf3,0.0166666666666666,0.0166666666666666,0.0166666666666666,0.03,10,20000,0.0,0.0,0.0,0.0,0.0,0.0,1.0,0.0,0.0,,,,,,,,,0.0,0.0,0.0,0.0,
T1,self_test_repair,single_shot,arrival_coin,boot,591,295,none,285.7789,244,normal_mixture,bonf3,0.0166666666666666,0.0166666666666666,0.0166666666666666,0.03,20,20000,0.0,0.0,0.0,0.0,0.0,0.0,1.0,0.0,0.0,,,,,,,,,0.0,0.0,0.0,0.0,
T1,self_test_repair,single_shot,arrival_coin,boot,591,295,none,285.7789,244,normal_mixture,bonf3,0.0166666666666666,0.0166666666666666,0.0166666666666666,0.05,10,20000,0.0,0.0,0.0,0.0,0.0,0.0,1.0,0.0,0.0,,,,,,,,,0.0,0.0,0.0,0.0,
T1,self_test_repair,single_shot,arrival_coin,boot,591,295,none,285.7789,244,normal_mixture,bonf3,0.0166666666666666,0.0166666666666666,0.0166666666666666,0.05,20,20000,0.0,0.0,0.0,0.0,0.0,0.0,1.0,0.0,0.0,,,,,,,,,0.0,0.0,0.0,0.0,
T1,self_test_repair,single_shot,arrival_coin,boot,591,295,none,285.7789,244,normal_mixture,bonf3,0.0166666666666666,0.0166666666666666,0.0166666666666666,0.1,10,20000,0.002,0.0,0.002,0.0003159113799786,0.0,0.002,1.0,0.002,0.0,240.75,259.0,276.0,,,,259.0,,0.0002241962774957,0.0001146362098138,0.0002293070290812,0.0001423893466457,538.5
T1,self_test_repair,single_shot,arrival_coin,boot,591,295,none,285.7789,244,normal_mixture,bonf3,0.0166666666666666,0.0166666666666666,0.0166666666666666,0.1,20,20000,0.002,0.0,0.002,0.0003159113799786,0.0,0.002,1.0,0.002,0.0,240.75,259.0,276.0,,,,259.0,,0.0002241962774957,0.0001146362098138,0.0002293070290812,0.0001423893466457,538.5
T1,self_test_repair,single_shot,arrival_coin,boot,591,295,none,285.7789,244,normal_mixture,bonf3,0.0166666666666666,0.0166666666666666,0.0166666666666666,0.15,10,20000,0.05975,0.0,0.05975,0.0016760062276137,0.0,0.05975,1.0,0.05975,0.0,226.0,251.0,271.0,,,,251.0,,0.0085402707275803,0.0042724196277495,0.0085461291281188,0.0054151893510074,523.0
T1,self_test_repair,single_shot,arrival_coin,boot,591,295,none,285.7789,244,normal_mixture,bonf3,0.0166666666666666,0.0166666666666666,0.0166666666666666,0.15,20,20000,0.05975,0.0,0.05975,0.0016760062276137,0.0,0.05975,1.0,0.05975,0.0,226.0,251.0,271.0,,,,251.0,,0.0085402707275803,0.0042724196277495,0.0085461291281188,0.0054151893510074,523.0
T1,self_test_repair,single_shot,arrival_coin,boot,1138,569,none,555.5385,499,betting,nosplit_iut,0.05,0.05,0.05,0.03,10,20000,0.0545,0.0,0.0545,0.0016051440745303,0.0,0.0545,1.0,0.0545,0.0,128.25,265.0,410.75,,,,265.0,,0.0275201230228471,0.0137707820738137,0.0275472236738971,0.0174648111479075,548.0
T1,self_test_repair,single_shot,arrival_coin,boot,1138,569,none,555.5385,499,betting,nosplit_iut,0.05,0.05,0.05,0.03,20,20000,0.05435,0.0,0.05435,0.0016030607833142,0.0,0.05435,1.0,0.05435,0.0,130.0,266.0,411.0,,,,266.0,,0.0273448594024604,0.0136828646748681,0.027371352743648,0.0173529510070883,552.0
T1,self_test_repair,single_shot,arrival_coin,boot,1138,569,none,555.5385,499,betting,nosplit_iut,0.05,0.05,0.05,0.05,10,20000,0.16815,0.0,0.16815,0.0026445753676157,0.0,0.1682,1.0,0.1682,0.0,182.0,321.0,445.0,,,,321.0,,0.0739137521968365,0.0369759666080843,0.0739671296264557,0.0469016522583766,666.0
T1,self_test_repair,single_shot,arrival_coin,boot,1138,569,none,555.5385,499,betting,nosplit_iut,0.05,0.05,0.05,0.05,20,20000,0.1678,0.0,0.1678,0.0026423773386857,0.0,0.1678,1.0,0.1678,0.0,183.0,322.0,446.0,,,,322.0,,0.0733809314586994,0.0367045694200351,0.0734242237113389,0.0465592316215009,667.5
T1,self_test_repair,single_shot,arrival_coin,boot,1138,569,none,555.5385,499,betting,nosplit_iut,0.05,0.05,0.05,0.1,10,20000,0.7843,0.0,0.7843,0.0029083802192973,0.0,0.7843,1.0,0.7843,0.0,168.0,277.0,396.0,200.0,339.0,520.0,277.0,,0.3818641476274165,0.190932381370826,0.3819432322739065,0.241876076244896,574.0
T1,self_test_repair,single_shot,arrival_coin,boot,1138,569,none,555.5385,499,betting,nosplit_iut,0.05,0.05,0.05,0.1,20,20000,0.78395,0.0,0.78395,0.0029100893242304,0.0,0.78395,1.0,0.78395,0.0,169.0,277.0,397.0,200.0,340.0,521.0,277.0,,0.3811230667838313,0.1905630931458699,0.3812045040536447,0.241411687253976,574.0
T1,self_test_repair,single_shot,arrival_coin,boot,1138,569,none,555.5385,499,betting,nosplit_iut,0.05,0.05,0.05,0.15,10,20000,0.99505,0.0,0.99505,0.0004962608940869,0.0,0.99505,1.0,0.99505,0.0,93.0,155.0,233.0,93.0,156.0,234.0,155.0,,0.6803944639718805,0.3401612038664323,0.6804622074376968,0.4309554508125878,324.0
T1,self_test_repair,single_shot,arrival_coin,boot,1138,569,none,555.5385,499,betting,nosplit_iut,0.05,0.05,0.05,0.15,20,20000,0.99505,0.0,0.99505,0.0004962608940869,0.0,0.99505,1.0,0.99505,0.0,93.0,156.0,233.0,93.0,156.0,234.0,156.0,,0.6792416520210897,0.3395921792618629,0.6793239243704022,0.4302276241268923,325.0
T1,self_test_repair,single_shot,arrival_coin,boot,1138,569,none,555.5385,499,betting,deploy_bonf2,0.025,0.025,0.05,0.03,10,20000,0.03205,0.0,0.03205,0.0012454476604819,0.0,0.03205,1.0,0.03205,0.0,149.0,298.0,427.0,,,,298.0,,0.01511190685413,0.0075725395430579,0.0151481912540555,0.0095863852710184,620.0
T1,self_test_repair,single_shot,arrival_coin,boot,1138,569,none,555.5385,499,betting,deploy_bonf2,0.025,0.025,0.05,0.03,20,20000,0.03205,0.0,0.03205,0.0012454476604819,0.0,0.03205,1.0,0.03205,0.0,149.0,298.0,427.0,,,,298.0,,0.0151112038664323,0.007572144112478,0.0151474002303812,0.0095857715507567,620.0
T1,self_test_repair,single_shot,arrival_coin,boot,1138,569,none,555.5385,499,betting,deploy_bonf2,0.025,0.025,0.05,0.05,10,20000,0.11185,0.0,0.11185,0.0022286719980741,0.0,0.11185,1.0,0.11185,0.0,211.0,345.0,456.0,,,,345.0,,0.0454482864674868,0.0227576889279437,0.0455247308278273,0.0288605820302673,714.0
T1,self_test_repair,single_shot,arrival_coin,boot,1138,569,none,555.5385,499,betting,deploy_bonf2,0.025,0.025,0.05,0.05,20,20000,0.1118,0.0,0.1118,0.0022282365224544,0.0,0.1118,1.0,0.1118,0.0,212.0,346.0,456.25,,,,346.0,,0.0453185413005272,0.0226920035149384,0.0453933330063768,0.0287777757949913,714.5
T1,self_test_repair,single_shot,arrival_coin,boot,1138,569,none,555.5385,499,betting,deploy_bonf2,0.025,0.025,0.05,0.1,10,20000,0.7043,0.0,0.7043,0.0032269297327335,0.0,0.70435,1.0,0.70435,0.0,201.0,313.0,426.0,249.0,407.0,,313.0,,0.3080115553602812,0.1540025043936731,0.3080683008512645,0.1951308402536592,646.0
T1,self_test_repair,single_shot,arrival_coin,boot,1138,569,none,555.5385,499,betting,deploy_bonf2,0.025,0.025,0.05,0.1,20,20000,0.70425,0.0,0.70425,0.0032270879868698,0.0,0.7043,1.0,0.7043,0.0,201.0,313.0,426.0,249.75,407.0,,313.0,,0.3077260544815465,0.1538567223198594,0.3077766767900118,0.1949448461361408,646.0
T1,self_test_repair,single_shot,arrival_coin,boot,1138,569,none,555.5385,499,betting,deploy_bonf2,0.025,0.025,0.05,0.15,10,20000,0.99075,0.0,0.99075,0.0006769208779466,0.0,0.99075,1.0,0.99075,0.0,115.0,183.0,264.0,116.0,183.5,268.0,183.0,,0.6305622583479789,0.3152610281195079,0.63065162245108,0.3993780461989753,380.0
T1,self_test_repair,single_shot,arrival_coin,boot,1138,569,none,555.5385,499,betting,deploy_bonf2,0.025,0.025,0.05,0.15,20,20000,0.99075,0.0,0.99075,0.0006769208779466,0.0,0.99075,1.0,0.99075,0.0,115.0,183.0,264.0,116.0,184.0,268.0,183.0,,0.6300808875219683,0.3150243409490334,0.6301781508362614,0.3990800637379347,381.0
T1,self_test_repair,single_shot,arrival_coin,boot,1138,569,none,555.5385,499,betting,twosided_equal,0.025,0.025,0.025,0.03,10,20000,0.03205,0.0,0.03205,0.0012454476604819,0.0,0.03205,1.0,0.03205,0.0,149.0,298.0,427.0,,,,298.0,,0.01511190685413,0.0075725395430579,0.0151481912540555,0.0095863852710184,620.0
T1,self_test_repair,single_shot,arrival_coin,boot,1138,569,none,555.5385,499,betting,twosided_equal,0.025,0.025,0.025,0.03,20,20000,0.03205,0.0,0.03205,0.0012454476604819,0.0,0.03205,1.0,0.03205,0.0,149.0,298.0,427.0,,,,298.0,,0.0151112038664323,0.007572144112478,0.0151474002303812,0.0095857715507567,620.0
T1,self_test_repair,single_shot,arrival_coin,boot,1138,569,none,555.5385,499,betting,twosided_equal,0.025,0.025,0.025,0.05,10,20000,0.11185,0.0,0.11185,0.0022286719980741,0.0,0.11185,1.0,0.11185,0.0,211.0,345.0,456.0,,,,345.0,,0.0454482864674868,0.0227576889279437,0.0455247308278273,0.0288605820302673,714.0
T1,self_test_repair,single_shot,arrival_coin,boot,1138,569,none,555.5385,499,betting,twosided_equal,0.025,0.025,0.025,0.05,20,20000,0.1118,0.0,0.1118,0.0022282365224544,0.0,0.1118,1.0,0.1118,0.0,212.0,346.0,456.25,,,,346.0,,0.0453185413005272,0.0226920035149384,0.0453933330063768,0.0287777757949913,714.5
T1,self_test_repair,single_shot,arrival_coin,boot,1138,569,none,555.5385,499,betting,twosided_equal,0.025,0.025,0.025,0.1,10,20000,0.7043,0.0,0.7043,0.0032269297327335,0.0,0.70435,1.0,0.70435,0.0,201.0,313.0,426.0,249.0,407.0,,313.0,,0.3080115553602812,0.1540025043936731,0.3080683008512645,0.1951308402536592,646.0
T1,self_test_repair,single_shot,arrival_coin,boot,1138,569,none,555.5385,499,betting,twosided_equal,0.025,0.025,0.025,0.1,20,20000,0.70425,0.0,0.70425,0.0032270879868698,0.0,0.7043,1.0,0.7043,0.0,201.0,313.0,426.0,249.75,407.0,,313.0,,0.3077260544815465,0.1538567223198594,0.3077766767900118,0.1949448461361408,646.0
T1,self_test_repair,single_shot,arrival_coin,boot,1138,569,none,555.5385,499,betting,twosided_equal,0.025,0.025,0.025,0.15,10,20000,0.99075,0.0,0.99075,0.0006769208779466,0.0,0.99075,1.0,0.99075,0.0,115.0,183.0,264.0,116.0,183.5,268.0,183.0,,0.6305622583479789,0.3152610281195079,0.63065162245108,0.3993780461989753,380.0
T1,self_test_repair,single_shot,arrival_coin,boot,1138,569,none,555.5385,499,betting,twosided_equal,0.025,0.025,0.025,0.15,20,20000,0.99075,0.0,0.99075,0.0006769208779466,0.0,0.99075,1.0,0.99075,0.0,115.0,183.0,264.0,116.0,184.0,268.0,183.0,,0.6300808875219683,0.3150243409490334,0.6301781508362614,0.3990800637379347,381.0
T1,self_test_repair,single_shot,arrival_coin,boot,1138,569,none,555.5385,499,betting,bonf3,0.0166666666666666,0.0166666666666666,0.0166666666666666,0.03,10,20000,0.02355,0.0,0.02355,0.0010722732277735,0.0,0.0236,1.0,0.0236,0.0,158.0,307.0,416.5,,,,307.0,,0.0109875659050966,0.0054989455184534,0.0110001509976302,0.0069624879435278,637.0
T1,self_test_repair,single_shot,arrival_coin,boot,1138,569,none,555.5385,499,betting,bonf3,0.0166666666666666,0.0166666666666666,0.0166666666666666,0.03,20,20000,0.02355,0.0,0.02355,0.0010722732277735,0.0,0.0236,1.0,0.0236,0.0,158.0,307.0,416.5,,,,307.0,,0.0109868629173989,0.0054985500878734,0.0109993599739559,0.0069618742232662,637.0
T1,self_test_repair,single_shot,arrival_coin,boot,1138,569,none,555.5385,499,betting,bonf3,0.0166666666666666,0.0166666666666666,0.0166666666666666,0.05,10,20000,0.0873,0.0,0.0873,0.0019959798345674,0.0,0.08735,1.0,0.08735,0.0,224.0,355.0,462.0,,,,355.0,,0.0342349297012302,0.0171362478031634,0.0342795382742078,0.0217246410145669,732.0
T1,self_test_repair,single_shot,arrival_coin,boot,1138,569,none,555.5385,499,betting,bonf3,0.0166666666666666,0.0166666666666666,0.0166666666666666,0.05,20,20000,0.0873,0.0,0.0873,0.0019959798345674,0.0,0.08735,1.0,0.08735,0.0,224.0,355.0,462.0,,,,355.0,,0.0342342267135325,0.0171358523725834,0.0342787472505335,0.0217240272943052,732.0
T1,self_test_repair,single_shot,arrival_coin,boot,1138,569,none,555.5385,499,betting,bonf3,0.0166666666666666,0.0166666666666666,0.0166666666666666,0.1,10,20000,0.657,0.0,0.657,0.0033567171462606,0.0,0.657,1.0,0.657,0.0,218.0,330.0,438.0,277.0,443.0,,330.0,,0.271423769771529,0.1356978910369068,0.271451551294106,0.1718975416191915,681.0
T1,self_test_repair,single_shot,arrival_coin,boot,1138,569,none,555.5385,499,betting,bonf3,0.0166666666666666,0.0166666666666666,0.0166666666666666,0.1,20,20000,0.65695,0.0,0.65695,0.0033568340553265,0.0,0.65695,1.0,0.65695,0.0,218.0,330.0,438.0,278.0,443.0,,330.0,,0.2711307996485061,0.1355482425307557,0.2711521927791491,0.1717066897333258,681.0
T1,self_test_repair,single_shot,arrival_coin,boot,1138,569,none,555.5385,499,betting,bonf3,0.0166666666666666,0.0166666666666666,0.0166666666666666,0.15,10,20000,0.9864,0.0,0.9864,0.000818994505476,0.0,0.9864,1.0,0.9864,0.0,127.0,198.0,283.0,129.0,200.0,288.0,198.0,,0.6019746485061511,0.3009419156414762,0.6020075126155092,0.3812133624920493,413.5
T1,self_test_repair,single_shot,arrival_coin,boot,1138,569,none,555.5385,499,betting,bonf3,0.0166666666666666,0.0166666666666666,0.0166666666666666,0.15,20,20000,0.9864,0.0,0.9864,0.000818994505476,0.0,0.9864,1.0,0.9864,0.0,127.0,198.0,283.0,129.0,200.0,288.0,198.0,,0.601654481546573,0.3007838752196837,0.6016913668203538,0.381015944524542,414.0
T1,self_test_repair,single_shot,arrival_coin,boot,1138,569,none,555.5385,499,normal_mixture,nosplit_iut,0.05,0.05,0.05,0.03,10,20000,0.0002,0.0,0.0002,9.998999949995e-05,0.0,0.0002,1.0,0.0002,0.0,413.0,443.5,469.5,,,,443.5,,4.1300527240773285e-05,2.0738137082601056e-05,4.1484797140220895e-05,2.679862827448254e-05,906.0
T1,self_test_repair,single_shot,arrival_coin,boot,1138,569,none,555.5385,499,normal_mixture,nosplit_iut,0.05,0.05,0.05,0.03,20,20000,0.0002,0.0,0.0002,9.998999949995e-05,0.0,0.0002,1.0,0.0002,0.0,413.0,443.5,469.5,,,,443.5,,4.1300527240773285e-05,2.0738137082601056e-05,4.1484797140220895e-05,2.679862827448254e-05,906.0
T1,self_test_repair,single_shot,arrival_coin,boot,1138,569,none,555.5385,499,normal_mixture,nosplit_iut,0.05,0.05,0.05,0.05,10,20000,0.0035,0.0,0.0035,0.0004175972940525,0.0,0.0035,1.0,0.0035,0.0,366.25,456.5,524.25,,,,456.5,,0.000746748681898,0.0003782073813708,0.0007565701986928,0.0004789362158182,937.0
T1,self_test_repair,single_shot,arrival_coin,boot,1138,569,none,555.5385,499,normal_mixture,nosplit_iut,0.05,0.05,0.05,0.05,20,20000,0.0035,0.0,0.0035,0.0004175972940525,0.0,0.0035,1.0,0.0035,0.0,366.25,456.5,524.25,,,,456.5,,0.000746748681898,0.0003782073813708,0.0007565701986928,0.0004789362158182,937.0
T1,self_test_repair,single_shot,arrival_coin,boot,1138,569,none,555.5385,499,normal_mixture,nosplit_iut,0.05,0.05,0.05,0.1,10,20000,0.1812,0.0,0.1812,0.0027236607718289,0.0,0.1812,1.0,0.1812,0.0,364.0,444.0,507.0,,,,444.0,,0.0412702548330404,0.02067420913884,0.041356914979545,0.0262524641098749,911.0
T1,self_test_repair,single_shot,arrival_coin,boot,1138,569,none,555.5385,499,normal_mixture,nosplit_iut,0.05,0.05,0.05,0.1,20,20000,0.1812,0.0,0.1812,0.0027236607718289,0.0,0.1812,1.0,0.1812,0.0,364.0,444.0,507.0,,,,444.0,,0.0412702548330404,0.02067420913884,0.041356914979545,0.0262524641098749,911.0
T1,self_test_repair,single_shot,arrival_coin,boot,1138,569,none,555.5385,499,normal_mixture,nosplit_iut,0.05,0.05,0.05,0.15,10,20000,0.82885,0.0,0.82885,0.0026632468670778,0.0,0.82885,1.0,0.82885,0.0,287.0,364.0,445.0,305.0,396.0,504.0,364.0,,0.2826264938488576,0.1412604569420035,0.2825789692117765,0.1789579782519925,750.0
T1,self_test_repair,single_shot,arrival_coin,boot,1138,569,none,555.5385,499,normal_mixture,nosplit_iut,0.05,0.05,0.05,0.15,20,20000,0.82885,0.0,0.82885,0.0026632468670778,0.0,0.82885,1.0,0.82885,0.0,287.0,364.0,445.0,305.0,396.0,504.0,364.0,,0.2826264938488576,0.1412604569420035,0.2825789692117765,0.1789579782519925,750.0
T1,self_test_repair,single_shot,arrival_coin,boot,1138,569,none,555.5385,499,normal_mixture,deploy_bonf2,0.025,0.025,0.05,0.03,10,20000,0.0001,0.0,0.0001,7.070714249635605e-05,0.0,0.0001,1.0,0.0001,0.0,510.0,527.0,544.0,,,,527.0,,6.546572934973638e-06,3.3391915641476273e-06,6.679755471730484e-06,4.466439099570785e-06,1063.5
T1,self_test_repair,single_shot,arrival_coin,boot,1138,569,none,555.5385,499,normal_mixture,deploy_bonf2,0.025,0.025,0.05,0.03,20,20000,0.0001,0.0,0.0001,7.070714249635605e-05,0.0,0.0001,1.0,0.0001,0.0,510.0,527.0,544.0,,,,527.0,,6.546572934973638e-06,3.3391915641476273e-06,6.679755471730484e-06,4.466439099570785e-06,1063.5
T1,self_test_repair,single_shot,arrival_coin,boot,1138,569,none,555.5385,499,normal_mixture,deploy_bonf2,0.025,0.025,0.05,0.05,10,20000,0.00055,0.0,0.00055,0.0001657856296546,0.0,0.00055,1.0,0.00055,0.0,401.0,454.0,483.5,,,,454.0,,0.0001057996485061,5.294376098418278e-05,0.0001059092808346,6.765462824698254e-05,951.0
T1,self_test_repair,single_shot,arrival_coin,boot,1138,569,none,555.5385,499,normal_mixture,deploy_bonf2,0.025,0.025,0.05,0.05,20,20000,0.00055,0.0,0.00055,0.0001657856296546,0.0,0.00055,1.0,0.00055,0.0,401.0,454.0,483.5,,,,454.0,,0.0001057996485061,5.294376098418278e-05,0.0001059092808346,6.765462824698254e-05,951.0
T1,self_test_repair,single_shot,arrival_coin,boot,1138,569,none,555.5385,499,normal_mixture,deploy_bonf2,0.025,0.025,0.05,0.1,10,20000,0.09345,0.0,0.09345,0.0020581192567487,0.0,0.09345,1.0,0.09345,0.0,397.0,467.0,516.0,,,,467.0,,0.0178096221441124,0.00891190685413,0.0178274763303743,0.011300021199487,959.0
T1,self_test_repair,single_shot,arrival_coin,boot,1138,569,none,555.5385,499,normal_mixture,deploy_bonf2,0.025,0.025,0.05,0.1,20,20000,0.09345,0.0,0.09345,0.0020581192567487,0.0,0.09345,1.0,0.09345,0.0,397.0,467.0,516.0,,,,467.0,,0.0178096221441124,0.00891190685413,0.0178274763303743,0.011300021199487,959.0
T1,self_test_repair,single_shot,arrival_coin,boot,1138,569,none,555.5385,499,normal_mixture,deploy_bonf2,0.025,0.025,0.05,0.15,10,20000,0.70095,0.0,0.70095,0.0032374302888247,0.0,0.70095,1.0,0.70095,0.0,331.0,403.0,476.0,362.0,465.0,,403.0,,0.1968226713532513,0.0983682337434094,0.1967768949367629,0.124632515262922,832.0
T1,self_test_repair,single_shot,arrival_coin,boot,1138,569,none,555.5385,499,normal_mixture,deploy_bonf2,0.025,0.025,0.05,0.15,20,20000,0.70095,0.0,0.70095,0.0032374302888247,0.0,0.70095,1.0,0.70095,0.0,331.0,403.0,476.0,362.0,465.0,,403.0,,0.1968226713532513,0.0983682337434094,0.1967768949367629,0.124632515262922,832.0
T1,self_test_repair,single_shot,arrival_coin,boot,1138,569,none,555.5385,499,normal_mixture,twosided_equal,0.025,0.025,0.025,0.03,10,20000,0.0001,0.0,0.0001,7.070714249635605e-05,0.0,0.0001,1.0,0.0001,0.0,510.0,527.0,544.0,,,,527.0,,6.546572934973638e-06,3.3391915641476273e-06,6.679755471730484e-06,4.466439099570785e-06,1063.5
T1,self_test_repair,single_shot,arrival_coin,boot,1138,569,none,555.5385,499,normal_mixture,twosided_equal,0.025,0.025,0.025,0.03,20,20000,0.0001,0.0,0.0001,7.070714249635605e-05,0.0,0.0001,1.0,0.0001,0.0,510.0,527.0,544.0,,,,527.0,,6.546572934973638e-06,3.3391915641476273e-06,6.679755471730484e-06,4.466439099570785e-06,1063.5
T1,self_test_repair,single_shot,arrival_coin,boot,1138,569,none,555.5385,499,normal_mixture,twosided_equal,0.025,0.025,0.025,0.05,10,20000,0.00055,0.0,0.00055,0.0001657856296546,0.0,0.00055,1.0,0.00055,0.0,401.0,454.0,483.5,,,,454.0,,0.0001057996485061,5.294376098418278e-05,0.0001059092808346,6.765462824698254e-05,951.0
T1,self_test_repair,single_shot,arrival_coin,boot,1138,569,none,555.5385,499,normal_mixture,twosided_equal,0.025,0.025,0.025,0.05,20,20000,0.00055,0.0,0.00055,0.0001657856296546,0.0,0.00055,1.0,0.00055,0.0,401.0,454.0,483.5,,,,454.0,,0.0001057996485061,5.294376098418278e-05,0.0001059092808346,6.765462824698254e-05,951.0
T1,self_test_repair,single_shot,arrival_coin,boot,1138,569,none,555.5385,499,normal_mixture,twosided_equal,0.025,0.025,0.025,0.1,10,20000,0.09345,0.0,0.09345,0.0020581192567487,0.0,0.09345,1.0,0.09345,0.0,397.0,467.0,516.0,,,,467.0,,0.0178096221441124,0.00891190685413,0.0178274763303743,0.011300021199487,959.0
T1,self_test_repair,single_shot,arrival_coin,boot,1138,569,none,555.5385,499,normal_mixture,twosided_equal,0.025,0.025,0.025,0.1,20,20000,0.09345,0.0,0.09345,0.0020581192567487,0.0,0.09345,1.0,0.09345,0.0,397.0,467.0,516.0,,,,467.0,,0.0178096221441124,0.00891190685413,0.0178274763303743,0.011300021199487,959.0
T1,self_test_repair,single_shot,arrival_coin,boot,1138,569,none,555.5385,499,normal_mixture,twosided_equal,0.025,0.025,0.025,0.15,10,20000,0.70095,0.0,0.70095,0.0032374302888247,0.0,0.70095,1.0,0.70095,0.0,331.0,403.0,476.0,362.0,465.0,,403.0,,0.1968226713532513,0.0983682337434094,0.1967768949367629,0.124632515262922,832.0
T1,self_test_repair,single_shot,arrival_coin,boot,1138,569,none,555.5385,499,normal_mixture,twosided_equal,0.025,0.025,0.025,0.15,20,20000,0.70095,0.0,0.70095,0.0032374302888247,0.0,0.70095,1.0,0.70095,0.0,331.0,403.0,476.0,362.0,465.0,,403.0,,0.1968226713532513,0.0983682337434094,0.1967768949367629,0.124632515262922,832.0
T1,self_test_repair,single_shot,arrival_coin,boot,1138,569,none,555.5385,499,normal_mixture,bonf3,0.0166666666666666,0.0166666666666666,0.0166666666666666,0.03,10,20000,0.0,0.0,0.0,0.0,0.0,0.0,1.0,0.0,0.0,,,,,,,,,0.0,0.0,0.0,0.0,
T1,self_test_repair,single_shot,arrival_coin,boot,1138,569,none,555.5385,499,normal_mixture,bonf3,0.0166666666666666,0.0166666666666666,0.0166666666666666,0.03,20,20000,0.0,0.0,0.0,0.0,0.0,0.0,1.0,0.0,0.0,,,,,,,,,0.0,0.0,0.0,0.0,
T1,self_test_repair,single_shot,arrival_coin,boot,1138,569,none,555.5385,499,normal_mixture,bonf3,0.0166666666666666,0.0166666666666666,0.0166666666666666,0.05,10,20000,0.00035,0.0,0.00035,0.0001322644132032,0.0,0.00035,1.0,0.00035,0.0,428.0,463.0,467.5,,,,463.0,,6.572934973637962e-05,3.2996485061511425e-05,6.600653104302096e-05,4.177663544990829e-05,942.0
T1,self_test_repair,single_shot,arrival_coin,boot,1138,569,none,555.5385,499,normal_mixture,bonf3,0.0166666666666666,0.0166666666666666,0.0166666666666666,0.05,20,20000,0.00035,0.0,0.00035,0.0001322644132032,0.0,0.00035,1.0,0.00035,0.0,428.0,463.0,467.5,,,,463.0,,6.572934973637962e-05,3.2996485061511425e-05,6.600653104302096e-05,4.177663544990829e-05,942.0
T1,self_test_repair,single_shot,arrival_coin,boot,1138,569,none,555.5385,499,normal_mixture,bonf3,0.0166666666666666,0.0166666666666666,0.0166666666666666,0.1,10,20000,0.06,0.0,0.06,0.0016792855623746,0.0,0.06,1.0,0.06,0.0,403.0,479.0,520.0,,,,479.0,,0.0106858963093145,0.0053486379613356,0.010699474109883,0.0067650449023435,977.0
T1,self_test_repair,single_shot,arrival_coin,boot,1138,569,none,555.5385,499,normal_mixture,bonf3,0.0166666666666666,0.0166666666666666,0.0166666666666666,0.1,20,20000,0.06,0.0,0.06,0.0016792855623746,0.0,0.06,1.0,0.06,0.0,403.0,479.0,520.0,,,,479.0,,0.0106858963093145,0.0053486379613356,0.010699474109883,0.0067650449023435,977.0
T1,self_test_repair,single_shot,arrival_coin,boot,1138,569,none,555.5385,499,normal_mixture,bonf3,0.0166666666666666,0.0166666666666666,0.0166666666666666,0.15,10,20000,0.61565,0.0,0.61565,0.0034396589765556,0.0,0.61565,1.0,0.61565,0.0,348.0,423.0,489.0,399.0,505.0,,423.0,,0.1554814147627416,0.0777274165202109,0.1554867775119352,0.0984766977116853,869.0
T1,self_test_repair,single_shot,arrival_coin,boot,1138,569,none,555.5385,499,normal_mixture,bonf3,0.0166666666666666,0.0166666666666666,0.0166666666666666,0.15,20,20000,0.61565,0.0,0.61565,0.0034396589765556,0.0,0.61565,1.0,0.61565,0.0,348.0,423.0,489.0,399.0,505.0,,423.0,,0.1554814147627416,0.0777274165202109,0.1554867775119352,0.0984766977116853,869.0
T2,single_shot,self_test_repair,pair_coin,perm,591,295,none,295.0,295,betting,nosplit_iut,0.05,0.05,0.05,0.03,10,20000,0.0,1.0,1.0,0.0,0.0,0.0,0.0,0.02075,1.0,22.0,34.0,48.0,22.0,34.0,48.0,,34.0,0.8723121827411169,0.4359175126903553,0.8718328126070747,0.5523892891477591,69.0
T2,single_shot,self_test_repair,pair_coin,perm,591,295,none,295.0,295,betting,nosplit_iut,0.05,0.05,0.05,0.03,20,20000,0.0,1.0,1.0,0.0,0.0,0.0,0.0,0.0206,1.0,24.0,34.0,48.0,24.0,34.0,48.0,,34.0,0.8660122673434856,0.432769627749577,0.8655370587045889,0.5484039241469689,71.0
T2,single_shot,self_test_repair,pair_coin,perm,591,295,none,295.0,295,betting,nosplit_iut,0.05,0.05,0.05,0.05,10,20000,0.0,1.0,1.0,0.0,0.0,0.0,0.0,0.059,1.0,22.0,34.0,48.0,22.0,34.0,48.0,,34.0,0.8723121827411169,0.4359175126903553,0.8718328126070747,0.5523892891477591,69.0
T2,single_shot,self_test_repair,pair_coin,perm,591,295,none,295.0,295,betting,nosplit_iut,0.05,0.05,0.05,0.05,20,20000,0.0,1.0,1.0,0.0,0.0,0.0,0.0,0.0587,1.0,24.0,34.0,48.0,24.0,34.0,48.0,,34.0,0.8660122673434856,0.432769627749577,0.8655370587045889,0.5484039241469689,71.0
T2,single_shot,self_test_repair,pair_coin,perm,591,295,none,295.0,295,betting,nosplit_iut,0.05,0.05,0.05,0.1,10,20000,0.0,1.0,1.0,0.0,0.0,0.0,0.0,0.40085,1.0,22.0,34.0,48.0,22.0,34.0,48.0,,34.0,0.8723121827411169,0.4359175126903553,0.8718328126070747,0.5523892891477591,69.0
T2,single_shot,self_test_repair,pair_coin,perm,591,295,none,295.0,295,betting,nosplit_iut,0.05,0.05,0.05,0.1,20,20000,0.0,1.0,1.0,0.0,0.0,0.0,0.0,0.40045,1.0,24.0,34.0,48.0,24.0,34.0,48.0,,34.0,0.8660122673434856,0.432769627749577,0.8655370587045889,0.5484039241469689,71.0
T2,single_shot,self_test_repair,pair_coin,perm,591,295,none,295.0,295,betting,nosplit_iut,0.05,0.05,0.05,0.15,10,20000,0.0,1.0,1.0,0.0,0.0,0.0,0.0,0.88,1.0,22.0,34.0,48.0,22.0,34.0,48.0,,34.0,0.8723121827411169,0.4359175126903553,0.8718328126070747,0.5523892891477591,69.0
T2,single_shot,self_test_repair,pair_coin,perm,591,295,none,295.0,295,betting,nosplit_iut,0.05,0.05,0.05,0.15,20,20000,0.0,1.0,1.0,0.0,0.0,0.0,0.0,0.8796,1.0,24.0,34.0,48.0,24.0,34.0,48.0,,34.0,0.8660122673434856,0.432769627749577,0.8655370587045889,0.5484039241469689,71.0
T2,single_shot,self_test_repair,pair_coin,perm,591,295,none,295.0,295,betting,deploy_bonf2,0.025,0.025,0.05,0.03,10,20000,0.0,1.0,1.0,0.0,0.0,0.0,0.0,0.0104,1.0,22.0,34.0,48.0,22.0,34.0,48.0,,34.0,0.8723121827411169,0.4359175126903553,0.8718328126070747,0.5523892891477591,69.0
T2,single_shot,self_test_repair,pair_coin,perm,591,295,none,295.0,295,betting,deploy_bonf2,0.025,0.025,0.05,0.03,20,20000,0.0,1.0,1.0,0.0,0.0,0.0,0.0,0.01035,1.0,24.0,34.0,48.0,24.0,34.0,48.0,,34.0,0.8660122673434856,0.432769627749577,0.8655370587045889,0.5484039241469689,71.0
T2,single_shot,self_test_repair,pair_coin,perm,591,295,none,295.0,295,betting,deploy_bonf2,0.025,0.025,0.05,0.05,10,20000,0.0,1.0,1.0,0.0,0.0,0.0,0.0,0.03275,1.0,22.0,34.0,48.0,22.0,34.0,48.0,,34.0,0.8723121827411169,0.4359175126903553,0.8718328126070747,0.5523892891477591,69.0
T2,single_shot,self_test_repair,pair_coin,perm,591,295,none,295.0,295,betting,deploy_bonf2,0.025,0.025,0.05,0.05,20,20000,0.0,1.0,1.0,0.0,0.0,0.0,0.0,0.0326,1.0,24.0,34.0,48.0,24.0,34.0,48.0,,34.0,0.8660122673434856,0.432769627749577,0.8655370587045889,0.5484039241469689,71.0
T2,single_shot,self_test_repair,pair_coin,perm,591,295,none,295.0,295,betting,deploy_bonf2,0.025,0.025,0.05,0.1,10,20000,0.0,1.0,1.0,0.0,0.0,0.0,0.0,0.29875,1.0,22.0,34.0,48.0,22.0,34.0,48.0,,34.0,0.8723121827411169,0.4359175126903553,0.8718328126070747,0.5523892891477591,69.0
T2,single_shot,self_test_repair,pair_coin,perm,591,295,none,295.0,295,betting,deploy_bonf2,0.025,0.025,0.05,0.1,20,20000,0.0,1.0,1.0,0.0,0.0,0.0,0.0,0.29865,1.0,24.0,34.0,48.0,24.0,34.0,48.0,,34.0,0.8660122673434856,0.432769627749577,0.8655370587045889,0.5484039241469689,71.0
T2,single_shot,self_test_repair,pair_coin,perm,591,295,none,295.0,295,betting,deploy_bonf2,0.025,0.025,0.05,0.15,10,20000,0.0,1.0,1.0,0.0,0.0,0.0,0.0,0.81525,1.0,22.0,34.0,48.0,22.0,34.0,48.0,,34.0,0.8723121827411169,0.4359175126903553,0.8718328126070747,0.5523892891477591,69.0
T2,single_shot,self_test_repair,pair_coin,perm,591,295,none,295.0,295,betting,deploy_bonf2,0.025,0.025,0.05,0.15,20,20000,0.0,1.0,1.0,0.0,0.0,0.0,0.0,0.81505,1.0,24.0,34.0,48.0,24.0,34.0,48.0,,34.0,0.8660122673434856,0.432769627749577,0.8655370587045889,0.5484039241469689,71.0
T2,single_shot,self_test_repair,pair_coin,perm,591,295,none,295.0,295,betting,twosided_equal,0.025,0.025,0.025,0.03,10,20000,0.0,1.0,1.0,0.0,0.0,0.0,0.0,0.0104,1.0,26.0,39.0,54.0,26.0,39.0,54.0,,39.0,0.8531773265651438,0.4263498307952622,0.8526974973836784,0.5402444567864293,81.0
T2,single_shot,self_test_repair,pair_coin,perm,591,295,none,295.0,295,betting,twosided_equal,0.025,0.025,0.025,0.03,20,20000,0.0,1.0,1.0,0.0,0.0,0.0,0.0,0.01035,1.0,27.0,40.0,55.0,27.0,40.0,55.0,,40.0,0.8498950930626058,0.4247074450084602,0.849412734147037,0.5381718151160444,81.0
T2,single_shot,self_test_repair,pair_coin,perm,591,295,none,295.0,295,betting,twosided_equal,0.025,0.025,0.025,0.05,10,20000,0.0,1.0,1.0,0.0,0.0,0.0,0.0,0.03275,1.0,26.0,39.0,54.0,26.0,39.0,54.0,,39.0,0.8531773265651438,0.4263498307952622,0.8526974973836784,0.5402444567864293,81.0
T2,single_shot,self_test_repair,pair_coin,perm,591,295,none,295.0,295,betting,twosided_equal,0.025,0.025,0.025,0.05,20,20000,0.0,1.0,1.0,0.0,0.0,0.0,0.0,0.0326,1.0,27.0,40.0,55.0,27.0,40.0,55.0,,40.0,0.8498950930626058,0.4247074450084602,0.849412734147037,0.5381718151160444,81.0
T2,single_shot,self_test_repair,pair_coin,perm,591,295,none,295.0,295,betting,twosided_equal,0.025,0.025,0.025,0.1,10,20000,0.0,1.0,1.0,0.0,0.0,0.0,0.0,0.29875,1.0,26.0,39.0,54.0,26.0,39.0,54.0,,39.0,0.8531773265651438,0.4263498307952622,0.8526974973836784,0.5402444567864293,81.0
T2,single_shot,self_test_repair,pair_coin,perm,591,295,none,295.0,295,betting,twosided_equal,0.025,0.025,0.025,0.1,20,20000,0.0,1.0,1.0,0.0,0.0,0.0,0.0,0.29865,1.0,27.0,40.0,55.0,27.0,40.0,55.0,,40.0,0.8498950930626058,0.4247074450084602,0.849412734147037,0.5381718151160444,81.0
T2,single_shot,self_test_repair,pair_coin,perm,591,295,none,295.0,295,betting,twosided_equal,0.025,0.025,0.025,0.15,10,20000,0.0,1.0,1.0,0.0,0.0,0.0,0.0,0.81525,1.0,26.0,39.0,54.0,26.0,39.0,54.0,,39.0,0.8531773265651438,0.4263498307952622,0.8526974973836784,0.5402444567864293,81.0
T2,single_shot,self_test_repair,pair_coin,perm,591,295,none,295.0,295,betting,twosided_equal,0.025,0.025,0.025,0.15,20,20000,0.0,1.0,1.0,0.0,0.0,0.0,0.0,0.81505,1.0,27.0,40.0,55.0,27.0,40.0,55.0,,40.0,0.8498950930626058,0.4247074450084602,0.849412734147037,0.5381718151160444,81.0
T2,single_shot,self_test_repair,pair_coin,perm,591,295,none,295.0,295,betting,bonf3,0.0166666666666666,0.0166666666666666,0.0166666666666666,0.03,10,20000,0.0,1.0,1.0,0.0,0.0,0.0,0.0,0.00685,1.0,28.0,42.0,58.0,28.0,42.0,58.0,,42.0,0.8439038917089678,0.4217108291032149,0.8434195175477558,0.5343708609911177,86.0
T2,single_shot,self_test_repair,pair_coin,perm,591,295,none,295.0,295,betting,bonf3,0.0166666666666666,0.0166666666666666,0.0166666666666666,0.03,20,20000,0.0,1.0,1.0,0.0,0.0,0.0,0.0,0.0068,1.0,29.0,42.0,59.0,29.0,42.0,59.0,,42.0,0.8402657360406092,0.4198906091370558,0.8397790868551096,0.5320678248276813,87.0
T2,single_shot,self_test_repair,pair_coin,perm,591,295,none,295.0,295,betting,bonf3,0.0166666666666666,0.0166666666666666,0.0166666666666666,0.05,10,20000,0.0,1.0,1.0,0.0,0.0,0.0,0.0,0.02245,1.0,28.0,42.0,58.0,28.0,42.0,58.0,,42.0,0.8439038917089678,0.4217108291032149,0.8434195175477558,0.5343708609911177,86.0
T2,single_shot,self_test_repair,pair_coin,perm,591,295,none,295.0,295,betting,bonf3,0.0166666666666666,0.0166666666666666,0.0166666666666666,0.05,20,20000,0.0,1.0,1.0,0.0,0.0,0.0,0.0,0.0224,1.0,29.0,42.0,59.0,29.0,42.0,59.0,,42.0,0.8402657360406092,0.4198906091370558,0.8397790868551096,0.5320678248276813,87.0
T2,single_shot,self_test_repair,pair_coin,perm,591,295,none,295.0,295,betting,bonf3,0.0166666666666666,0.0166666666666666,0.0166666666666666,0.1,10,20000,0.0,1.0,1.0,0.0,0.0,0.0,0.0,0.24845,1.0,28.0,42.0,58.0,28.0,42.0,58.0,,42.0,0.8439038917089678,0.4217108291032149,0.8434195175477558,0.5343708609911177,86.0
T2,single_shot,self_test_repair,pair_coin,perm,591,295,none,295.0,295,betting,bonf3,0.0166666666666666,0.0166666666666666,0.0166666666666666,0.1,20,20000,0.0,1.0,1.0,0.0,0.0,0.0,0.0,0.24835,1.0,29.0,42.0,59.0,29.0,42.0,59.0,,42.0,0.8402657360406092,0.4198906091370558,0.8397790868551096,0.5320678248276813,87.0
T2,single_shot,self_test_repair,pair_coin,perm,591,295,none,295.0,295,betting,bonf3,0.0166666666666666,0.0166666666666666,0.0166666666666666,0.15,10,20000,0.0,1.0,1.0,0.0,0.0,0.0,0.0,0.77235,1.0,28.0,42.0,58.0,28.0,42.0,58.0,,42.0,0.8439038917089678,0.4217108291032149,0.8434195175477558,0.5343708609911177,86.0
T2,single_shot,self_test_repair,pair_coin,perm,591,295,none,295.0,295,betting,bonf3,0.0166666666666666,0.0166666666666666,0.0166666666666666,0.15,20,20000,0.0,1.0,1.0,0.0,0.0,0.0,0.0,0.7723,1.0,29.0,42.0,59.0,29.0,42.0,59.0,,42.0,0.8402657360406092,0.4198906091370558,0.8397790868551096,0.5320678248276813,87.0
T2,single_shot,self_test_repair,pair_coin,perm,591,295,none,295.0,295,normal_mixture,nosplit_iut,0.05,0.05,0.05,0.03,10,20000,0.0,1.0,1.0,0.0,0.0,0.0,0.0,0.0,1.0,55.0,64.0,76.0,55.0,64.0,76.0,,64.0,0.7709280033840947,0.3852263113367174,0.7704506672148886,0.4881091425654346,131.0
T2,single_shot,self_test_repair,pair_coin,perm,591,295,none,295.0,295,normal_mixture,nosplit_iut,0.05,0.05,0.05,0.03,20,20000,0.0,1.0,1.0,0.0,0.0,0.0,0.0,0.0,1.0,55.0,64.0,76.0,55.0,64.0,76.0,,64.0,0.7709280033840947,0.3852263113367174,0.7704506672148886,0.4881091425654346,131.0
T2,single_shot,self_test_repair,pair_coin,perm,591,295,none,295.0,295,normal_mixture,nosplit_iut,0.05,0.05,0.05,0.05,10,20000,0.0,1.0,1.0,0.0,0.0,0.0,0.0,0.0001,1.0,55.0,64.0,76.0,55.0,64.0,76.0,,64.0,0.7709280033840947,0.3852263113367174,0.7704506672148886,0.4881091425654346,131.0
T2,single_shot,self_test_repair,pair_coin,perm,591,295,none,295.0,295,normal_mixture,nosplit_iut,0.05,0.05,0.05,0.05,20,20000,0.0,1.0,1.0,0.0,0.0,0.0,0.0,0.0001,1.0,55.0,64.0,76.0,55.0,64.0,76.0,,64.0,0.7709280033840947,0.3852263113367174,0.7704506672148886,0.4881091425654346,131.0
T2,single_shot,self_test_repair,pair_coin,perm,591,295,none,295.0,295,normal_mixture,nosplit_iut,0.05,0.05,0.05,0.1,10,20000,0.0,1.0,1.0,0.0,0.0,0.0,0.0,0.0107,1.0,55.0,64.0,76.0,55.0,64.0,76.0,,64.0,0.7709280033840947,0.3852263113367174,0.7704506672148886,0.4881091425654346,131.0
T2,single_shot,self_test_repair,pair_coin,perm,591,295,none,295.0,295,normal_mixture,nosplit_iut,0.05,0.05,0.05,0.1,20,20000,0.0,1.0,1.0,0.0,0.0,0.0,0.0,0.0107,1.0,55.0,64.0,76.0,55.0,64.0,76.0,,64.0,0.7709280033840947,0.3852263113367174,0.7704506672148886,0.4881091425654346,131.0
T2,single_shot,self_test_repair,pair_coin,perm,591,295,none,295.0,295,normal_mixture,nosplit_iut,0.05,0.05,0.05,0.15,10,20000,0.0,1.0,1.0,0.0,0.0,0.0,0.0,0.2039,1.0,55.0,64.0,76.0,55.0,64.0,76.0,,64.0,0.7709280033840947,0.3852263113367174,0.7704506672148886,0.4881091425654346,131.0
T2,single_shot,self_test_repair,pair_coin,perm,591,295,none,295.0,295,normal_mixture,nosplit_iut,0.05,0.05,0.05,0.15,20,20000,0.0,1.0,1.0,0.0,0.0,0.0,0.0,0.2039,1.0,55.0,64.0,76.0,55.0,64.0,76.0,,64.0,0.7709280033840947,0.3852263113367174,0.7704506672148886,0.4881091425654346,131.0
T2,single_shot,self_test_repair,pair_coin,perm,591,295,none,295.0,295,normal_mixture,deploy_bonf2,0.025,0.025,0.05,0.03,10,20000,0.0,1.0,1.0,0.0,0.0,0.0,0.0,0.0,1.0,55.0,64.0,76.0,55.0,64.0,76.0,,64.0,0.7709280033840947,0.3852263113367174,0.7704506672148886,0.4881091425654346,131.0
T2,single_shot,self_test_repair,pair_coin,perm,591,295,none,295.0,295,normal_mixture,deploy_bonf2,0.025,0.025,0.05,0.03,20,20000,0.0,1.0,1.0,0.0,0.0,0.0,0.0,0.0,1.0,55.0,64.0,76.0,55.0,64.0,76.0,,64.0,0.7709280033840947,0.3852263113367174,0.7704506672148886,0.4881091425654346,131.0
T2,single_shot,self_test_repair,pair_coin,perm,591,295,none,295.0,295,normal_mixture,deploy_bonf2,0.025,0.025,0.05,0.05,10,20000,0.0,1.0,1.0,0.0,0.0,0.0,0.0,0.0,1.0,55.0,64.0,76.0,55.0,64.0,76.0,,64.0,0.7709280033840947,0.3852263113367174,0.7704506672148886,0.4881091425654346,131.0
T2,single_shot,self_test_repair,pair_coin,perm,591,295,none,295.0,295,normal_mixture,deploy_bonf2,0.025,0.025,0.05,0.05,20,20000,0.0,1.0,1.0,0.0,0.0,0.0,0.0,0.0,1.0,55.0,64.0,76.0,55.0,64.0,76.0,,64.0,0.7709280033840947,0.3852263113367174,0.7704506672148886,0.4881091425654346,131.0
T2,single_shot,self_test_repair,pair_coin,perm,591,295,none,295.0,295,normal_mixture,deploy_bonf2,0.025,0.025,0.05,0.1,10,20000,0.0,1.0,1.0,0.0,0.0,0.0,0.0,0.00255,1.0,55.0,64.0,76.0,55.0,64.0,76.0,,64.0,0.7709280033840947,0.3852263113367174,0.7704506672148886,0.4881091425654346,131.0
T2,single_shot,self_test_repair,pair_coin,perm,591,295,none,295.0,295,normal_mixture,deploy_bonf2,0.025,0.025,0.05,0.1,20,20000,0.0,1.0,1.0,0.0,0.0,0.0,0.0,0.00255,1.0,55.0,64.0,76.0,55.0,64.0,76.0,,64.0,0.7709280033840947,0.3852263113367174,0.7704506672148886,0.4881091425654346,131.0
T2,single_shot,self_test_repair,pair_coin,perm,591,295,none,295.0,295,normal_mixture,deploy_bonf2,0.025,0.025,0.05,0.15,10,20000,0.0,1.0,1.0,0.0,0.0,0.0,0.0,0.09325,1.0,55.0,64.0,76.0,55.0,64.0,76.0,,64.0,0.7709280033840947,0.3852263113367174,0.7704506672148886,0.4881091425654346,131.0
T2,single_shot,self_test_repair,pair_coin,perm,591,295,none,295.0,295,normal_mixture,deploy_bonf2,0.025,0.025,0.05,0.15,20,20000,0.0,1.0,1.0,0.0,0.0,0.0,0.0,0.09325,1.0,55.0,64.0,76.0,55.0,64.0,76.0,,64.0,0.7709280033840947,0.3852263113367174,0.7704506672148886,0.4881091425654346,131.0
T2,single_shot,self_test_repair,pair_coin,perm,591,295,none,295.0,295,normal_mixture,twosided_equal,0.025,0.025,0.025,0.03,10,20000,0.0,1.0,1.0,0.0,0.0,0.0,0.0,0.0,1.0,62.0,74.0,86.0,62.0,74.0,86.0,,74.0,0.7413388324873097,0.3704361252115059,0.740870370041362,0.4693803325974363,149.0
T2,single_shot,self_test_repair,pair_coin,perm,591,295,none,295.0,295,normal_mixture,twosided_equal,0.025,0.025,0.025,0.03,20,20000,0.0,1.0,1.0,0.0,0.0,0.0,0.0,0.0,1.0,62.0,74.0,86.0,62.0,74.0,86.0,,74.0,0.7413388324873097,0.3704361252115059,0.740870370041362,0.4693803325974363,149.0
T2,single_shot,self_test_repair,pair_coin,perm,591,295,none,295.0,295,normal_mixture,twosided_equal,0.025,0.025,0.025,0.05,10,20000,0.0,1.0,1.0,0.0,0.0,0.0,0.0,0.0,1.0,62.0,74.0,86.0,62.0,74.0,86.0,,74.0,0.7413388324873097,0.3704361252115059,0.740870370041362,0.4693803325974363,149.0
T2,single_shot,self_test_repair,pair_coin,perm,591,295,none,295.0,295,normal_mixture,twosided_equal,0.025,0.025,0.025,0.05,20,20000,0.0,1.0,1.0,0.0,0.0,0.0,0.0,0.0,1.0,62.0,74.0,86.0,62.0,74.0,86.0,,74.0,0.7413388324873097,0.3704361252115059,0.740870370041362,0.4693803325974363,149.0
T2,single_shot,self_test_repair,pair_coin,perm,591,295,none,295.0,295,normal_mixture,twosided_equal,0.025,0.025,0.025,0.1,10,20000,0.0,1.0,1.0,0.0,0.0,0.0,0.0,0.00255,1.0,62.0,74.0,86.0,62.0,74.0,86.0,,74.0,0.7413388324873097,0.3704361252115059,0.740870370041362,0.4693803325974363,149.0
T2,single_shot,self_test_repair,pair_coin,perm,591,295,none,295.0,295,normal_mixture,twosided_equal,0.025,0.025,0.025,0.1,20,20000,0.0,1.0,1.0,0.0,0.0,0.0,0.0,0.00255,1.0,62.0,74.0,86.0,62.0,74.0,86.0,,74.0,0.7413388324873097,0.3704361252115059,0.740870370041362,0.4693803325974363,149.0
T2,single_shot,self_test_repair,pair_coin,perm,591,295,none,295.0,295,normal_mixture,twosided_equal,0.025,0.025,0.025,0.15,10,20000,0.0,1.0,1.0,0.0,0.0,0.0,0.0,0.09325,1.0,62.0,74.0,86.0,62.0,74.0,86.0,,74.0,0.7413388324873097,0.3704361252115059,0.740870370041362,0.4693803325974363,149.0
T2,single_shot,self_test_repair,pair_coin,perm,591,295,none,295.0,295,normal_mixture,twosided_equal,0.025,0.025,0.025,0.15,20,20000,0.0,1.0,1.0,0.0,0.0,0.0,0.0,0.09325,1.0,62.0,74.0,86.0,62.0,74.0,86.0,,74.0,0.7413388324873097,0.3704361252115059,0.740870370041362,0.4693803325974363,149.0
T2,single_shot,self_test_repair,pair_coin,perm,591,295,none,295.0,295,normal_mixture,bonf3,0.0166666666666666,0.0166666666666666,0.0166666666666666,0.03,10,20000,0.0,1.0,1.0,0.0,0.0,0.0,0.0,0.0,1.0,66.0,78.0,92.0,66.0,78.0,92.0,,78.0,0.7246320642978004,0.3620774957698815,0.7241531535875967,0.4588254977123581,159.0
T2,single_shot,self_test_repair,pair_coin,perm,591,295,none,295.0,295,normal_mixture,bonf3,0.0166666666666666,0.0166666666666666,0.0166666666666666,0.03,20,20000,0.0,1.0,1.0,0.0,0.0,0.0,0.0,0.0,1.0,66.0,78.0,92.0,66.0,78.0,92.0,,78.0,0.7246320642978004,0.3620774957698815,0.7241531535875967,0.4588254977123581,159.0
T2,single_shot,self_test_repair,pair_coin,perm,591,295,none,295.0,295,normal_mixture,bonf3,0.0166666666666666,0.0166666666666666,0.0166666666666666,0.05,10,20000,0.0,1.0,1.0,0.0,0.0,0.0,0.0,0.0,1.0,66.0,78.0,92.0,66.0,78.0,92.0,,78.0,0.7246320642978004,0.3620774957698815,0.7241531535875967,0.4588254977123581,159.0
T2,single_shot,self_test_repair,pair_coin,perm,591,295,none,295.0,295,normal_mixture,bonf3,0.0166666666666666,0.0166666666666666,0.0166666666666666,0.05,20,20000,0.0,1.0,1.0,0.0,0.0,0.0,0.0,0.0,1.0,66.0,78.0,92.0,66.0,78.0,92.0,,78.0,0.7246320642978004,0.3620774957698815,0.7241531535875967,0.4588254977123581,159.0
T2,single_shot,self_test_repair,pair_coin,perm,591,295,none,295.0,295,normal_mixture,bonf3,0.0166666666666666,0.0166666666666666,0.0166666666666666,0.1,10,20000,0.0,1.0,1.0,0.0,0.0,0.0,0.0,0.00095,1.0,66.0,78.0,92.0,66.0,78.0,92.0,,78.0,0.7246320642978004,0.3620774957698815,0.7241531535875967,0.4588254977123581,159.0
T2,single_shot,self_test_repair,pair_coin,perm,591,295,none,295.0,295,normal_mixture,bonf3,0.0166666666666666,0.0166666666666666,0.0166666666666666,0.1,20,20000,0.0,1.0,1.0,0.0,0.0,0.0,0.0,0.00095,1.0,66.0,78.0,92.0,66.0,78.0,92.0,,78.0,0.7246320642978004,0.3620774957698815,0.7241531535875967,0.4588254977123581,159.0
T2,single_shot,self_test_repair,pair_coin,perm,591,295,none,295.0,295,normal_mixture,bonf3,0.0166666666666666,0.0166666666666666,0.0166666666666666,0.15,10,20000,0.0,1.0,1.0,0.0,0.0,0.0,0.0,0.0506,1.0,66.0,78.0,92.0,66.0,78.0,92.0,,78.0,0.7246320642978004,0.3620774957698815,0.7241531535875967,0.4588254977123581,159.0
T2,single_shot,self_test_repair,pair_coin,perm,591,295,none,295.0,295,normal_mixture,bonf3,0.0166666666666666,0.0166666666666666,0.0166666666666666,0.15,20,20000,0.0,1.0,1.0,0.0,0.0,0.0,0.0,0.0506,1.0,66.0,78.0,92.0,66.0,78.0,92.0,,78.0,0.7246320642978004,0.3620774957698815,0.7241531535875967,0.4588254977123581,159.0
T2,single_shot,self_test_repair,pair_coin,boot,591,295,none,295.0,295,betting,nosplit_iut,0.05,0.05,0.05,0.03,10,20000,0.0,1.0,1.0,0.0,0.0,0.0,0.0,0.02845,1.0,22.0,34.0,49.0,22.0,34.0,49.0,,34.0,0.8707241962774956,0.4351199661590524,0.8702408158113187,0.5513115953125525,69.0
T2,single_shot,self_test_repair,pair_coin,boot,591,295,none,295.0,295,betting,nosplit_iut,0.05,0.05,0.05,0.03,20,20000,0.0,1.0,1.0,0.0,0.0,0.0,0.0,0.0282,1.0,24.0,35.0,49.0,24.0,35.0,49.0,,35.0,0.864393654822335,0.4319506768189509,0.863902230696004,0.5473053380644082,71.0
T2,single_shot,self_test_repair,pair_coin,boot,591,295,none,295.0,295,betting,nosplit_iut,0.05,0.05,0.05,0.05,10,20000,0.0,1.0,1.0,0.0,0.0,0.0,0.0,0.0745,1.0,22.0,34.0,49.0,22.0,34.0,49.0,,34.0,0.8707241962774956,0.4351199661590524,0.8702408158113187,0.5513115953125525,69.0
T2,single_shot,self_test_repair,pair_coin,boot,591,295,none,295.0,295,betting,nosplit_iut,0.05,0.05,0.05,0.05,20,20000,0.0,1.0,1.0,0.0,0.0,0.0,0.0,0.07355,1.0,24.0,35.0,49.0,24.0,35.0,49.0,,35.0,0.864393654822335,0.4319506768189509,0.863902230696004,0.5473053380644082,71.0
T2,single_shot,self_test_repair,pair_coin,boot,591,295,none,295.0,295,betting,nosplit_iut,0.05,0.05,0.05,0.1,10,20000,0.0,1.0,1.0,0.0,0.0,0.0,0.0,0.41375,1.0,22.0,34.0,49.0,22.0,34.0,49.0,,34.0,0.8707241962774956,0.4351199661590524,0.8702408158113187,0.5513115953125525,69.0
T2,single_shot,self_test_repair,pair_coin,boot,591,295,none,295.0,295,betting,nosplit_iut,0.05,0.05,0.05,0.1,20,20000,0.0,1.0,1.0,0.0,0.0,0.0,0.0,0.4131,1.0,24.0,35.0,49.0,24.0,35.0,49.0,,35.0,0.864393654822335,0.4319506768189509,0.863902230696004,0.5473053380644082,71.0
T2,single_shot,self_test_repair,pair_coin,boot,591,295,none,295.0,295,betting,nosplit_iut,0.05,0.05,0.05,0.15,10,20000,0.0,1.0,1.0,0.0,0.0,0.0,0.0,0.8555,1.0,22.0,34.0,49.0,22.0,34.0,49.0,,34.0,0.8707241962774956,0.4351199661590524,0.8702408158113187,0.5513115953125525,69.0
T2,single_shot,self_test_repair,pair_coin,boot,591,295,none,295.0,295,betting,nosplit_iut,0.05,0.05,0.05,0.15,20,20000,0.0,1.0,1.0,0.0,0.0,0.0,0.0,0.8549,1.0,24.0,35.0,49.0,24.0,35.0,49.0,,35.0,0.864393654822335,0.4319506768189509,0.863902230696004,0.5473053380644082,71.0
T2,single_shot,self_test_repair,pair_coin,boot,591,295,none,295.0,295,betting,deploy_bonf2,0.025,0.025,0.05,0.03,10,20000,0.0,1.0,1.0,0.0,0.0,0.0,0.0,0.01465,1.0,22.0,34.0,49.0,22.0,34.0,49.0,,34.0,0.8707241962774956,0.4351199661590524,0.8702408158113187,0.5513115953125525,69.0
T2,single_shot,self_test_repair,pair_coin,boot,591,295,none,295.0,295,betting,deploy_bonf2,0.025,0.025,0.05,0.03,20,20000,0.0,1.0,1.0,0.0,0.0,0.0,0.0,0.01455,1.0,24.0,35.0,49.0,24.0,35.0,49.0,,35.0,0.864393654822335,0.4319506768189509,0.863902230696004,0.5473053380644082,71.0
T2,single_shot,self_test_repair,pair_coin,boot,591,295,none,295.0,295,betting,deploy_bonf2,0.025,0.025,0.05,0.05,10,20000,0.0,1.0,1.0,0.0,0.0,0.0,0.0,0.04305,1.0,22.0,34.0,49.0,22.0,34.0,49.0,,34.0,0.8707241962774956,0.4351199661590524,0.8702408158113187,0.5513115953125525,69.0
T2,single_shot,self_test_repair,pair_coin,boot,591,295,none,295.0,295,betting,deploy_bonf2,0.025,0.025,0.05,0.05,20,20000,0.0,1.0,1.0,0.0,0.0,0.0,0.0,0.04285,1.0,24.0,35.0,49.0,24.0,35.0,49.0,,35.0,0.864393654822335,0.4319506768189509,0.863902230696004,0.5473053380644082,71.0
T2,single_shot,self_test_repair,pair_coin,boot,591,295,none,295.0,295,betting,deploy_bonf2,0.025,0.025,0.05,0.1,10,20000,0.0,1.0,1.0,0.0,0.0,0.0,0.0,0.31985,1.0,22.0,34.0,49.0,22.0,34.0,49.0,,34.0,0.8707241962774956,0.4351199661590524,0.8702408158113187,0.5513115953125525,69.0
T2,single_shot,self_test_repair,pair_coin,boot,591,295,none,295.0,295,betting,deploy_bonf2,0.025,0.025,0.05,0.1,20,20000,0.0,1.0,1.0,0.0,0.0,0.0,0.0,0.3195,1.0,24.0,35.0,49.0,24.0,35.0,49.0,,35.0,0.864393654822335,0.4319506768189509,0.863902230696004,0.5473053380644082,71.0
T2,single_shot,self_test_repair,pair_coin,boot,591,295,none,295.0,295,betting,deploy_bonf2,0.025,0.025,0.05,0.15,10,20000,0.0,1.0,1.0,0.0,0.0,0.0,0.0,0.79235,1.0,22.0,34.0,49.0,22.0,34.0,49.0,,34.0,0.8707241962774956,0.4351199661590524,0.8702408158113187,0.5513115953125525,69.0
T2,single_shot,self_test_repair,pair_coin,boot,591,295,none,295.0,295,betting,deploy_bonf2,0.025,0.025,0.05,0.15,20,20000,0.0,1.0,1.0,0.0,0.0,0.0,0.0,0.79195,1.0,24.0,35.0,49.0,24.0,35.0,49.0,,35.0,0.864393654822335,0.4319506768189509,0.863902230696004,0.5473053380644082,71.0
T2,single_shot,self_test_repair,pair_coin,boot,591,295,none,295.0,295,betting,twosided_equal,0.025,0.025,0.025,0.03,10,20000,0.0,1.0,1.0,0.0,0.0,0.0,0.0,0.01465,1.0,26.0,39.0,55.0,26.0,39.0,55.0,,39.0,0.8516064297800339,0.4255637055837563,0.8511282752571322,0.5391823460969176,81.0
T2,single_shot,self_test_repair,pair_coin,boot,591,295,none,295.0,295,betting,twosided_equal,0.025,0.025,0.025,0.03,20,20000,0.0,1.0,1.0,0.0,0.0,0.0,0.0,0.01455,1.0,27.0,40.0,55.0,27.0,40.0,55.0,,40.0,0.8483477157360406,0.4239332487309644,0.8478673582409727,0.537126390582512,81.0
T2,single_shot,self_test_repair,pair_coin,boot,591,295,none,295.0,295,betting,twosided_equal,0.025,0.025,0.025,0.05,10,20000,0.0,1.0,1.0,0.0,0.0,0.0,0.0,0.04305,1.0,26.0,39.0,55.0,26.0,39.0,55.0,,39.0,0.8516064297800339,0.4255637055837563,0.8511282752571322,0.5391823460969176,81.0
T2,single_shot,self_test_repair,pair_coin,boot,591,295,none,295.0,295,betting,twosided_equal,0.025,0.025,0.025,0.05,20,20000,0.0,1.0,1.0,0.0,0.0,0.0,0.0,0.04285,1.0,27.0,40.0,55.0,27.0,40.0,55.0,,40.0,0.8483477157360406,0.4239332487309644,0.8478673582409727,0.537126390582512,81.0
T2,single_shot,self_test_repair,pair_coin,boot,591,295,none,295.0,295,betting,twosided_equal,0.025,0.025,0.025,0.1,10,20000,0.0,1.0,1.0,0.0,0.0,0.0,0.0,0.31985,1.0,26.0,39.0,55.0,26.0,39.0,55.0,,39.0,0.8516064297800339,0.4255637055837563,0.8511282752571322,0.5391823460969176,81.0
T2,single_shot,self_test_repair,pair_coin,boot,591,295,none,295.0,295,betting,twosided_equal,0.025,0.025,0.025,0.1,20,20000,0.0,1.0,1.0,0.0,0.0,0.0,0.0,0.3195,1.0,27.0,40.0,55.0,27.0,40.0,55.0,,40.0,0.8483477157360406,0.4239332487309644,0.8478673582409727,0.537126390582512,81.0
T2,single_shot,self_test_repair,pair_coin,boot,591,295,none,295.0,295,betting,twosided_equal,0.025,0.025,0.025,0.15,10,20000,0.0,1.0,1.0,0.0,0.0,0.0,0.0,0.79235,1.0,26.0,39.0,55.0,26.0,39.0,55.0,,39.0,0.8516064297800339,0.4255637055837563,0.8511282752571322,0.5391823460969176,81.0
T2,single_shot,self_test_repair,pair_coin,boot,591,295,none,295.0,295,betting,twosided_equal,0.025,0.025,0.025,0.15,20,20000,0.0,1.0,1.0,0.0,0.0,0.0,0.0,0.79195,1.0,27.0,40.0,55.0,27.0,40.0,55.0,,40.0,0.8483477157360406,0.4239332487309644,0.8478673582409727,0.537126390582512,81.0
T2,single_shot,self_test_repair,pair_coin,boot,591,295,none,295.0,295,betting,bonf3,0.0166666666666666,0.0166666666666666,0.0166666666666666,0.03,10,20000,0.0,1.0,1.0,0.0,0.0,0.0,0.0,0.0112,1.0,28.0,42.0,59.0,28.0,42.0,59.0,,42.0,0.8422771573604061,0.4208891708967851,0.841779196391739,0.533277382198589,86.0
T2,single_shot,self_test_repair,pair_coin,boot,591,295,none,295.0,295,betting,bonf3,0.0166666666666666,0.0166666666666666,0.0166666666666666,0.03,20,20000,0.0,1.0,1.0,0.0,0.0,0.0,0.0,0.01115,1.0,29.0,42.0,59.0,29.0,42.0,59.0,,42.0,0.8386235194585449,0.4190659052453468,0.8381326613867965,0.5309685815583445,87.0
T2,single_shot,self_test_repair,pair_coin,boot,591,295,none,295.0,295,betting,bonf3,0.0166666666666666,0.0166666666666666,0.0166666666666666,0.05,10,20000,0.0,1.0,1.0,0.0,0.0,0.0,0.0,0.03135,1.0,28.0,42.0,59.0,28.0,42.0,59.0,,42.0,0.8422771573604061,0.4208891708967851,0.841779196391739,0.533277382198589,86.0
T2,single_shot,self_test_repair,pair_coin,boot,591,295,none,295.0,295,betting,bonf3,0.0166666666666666,0.0166666666666666,0.0166666666666666,0.05,20,20000,0.0,1.0,1.0,0.0,0.0,0.0,0.0,0.03125,1.0,29.0,42.0,59.0,29.0,42.0,59.0,,42.0,0.8386235194585449,0.4190659052453468,0.8381326613867965,0.5309685815583445,87.0
T2,single_shot,self_test_repair,pair_coin,boot,591,295,none,295.0,295,betting,bonf3,0.0166666666666666,0.0166666666666666,0.0166666666666666,0.1,10,20000,0.0,1.0,1.0,0.0,0.0,0.0,0.0,0.272,1.0,28.0,42.0,59.0,28.0,42.0,59.0,,42.0,0.8422771573604061,0.4208891708967851,0.841779196391739,0.533277382198589,86.0
T2,single_shot,self_test_repair,pair_coin,boot,591,295,none,295.0,295,betting,bonf3,0.0166666666666666,0.0166666666666666,0.0166666666666666,0.1,20,20000,0.0,1.0,1.0,0.0,0.0,0.0,0.0,0.2718,1.0,29.0,42.0,59.0,29.0,42.0,59.0,,42.0,0.8386235194585449,0.4190659052453468,0.8381326613867965,0.5309685815583445,87.0
T2,single_shot,self_test_repair,pair_coin,boot,591,295,none,295.0,295,betting,bonf3,0.0166666666666666,0.0166666666666666,0.0166666666666666,0.15,10,20000,0.0,1.0,1.0,0.0,0.0,0.0,0.0,0.75295,1.0,28.0,42.0,59.0,28.0,42.0,59.0,,42.0,0.8422771573604061,0.4208891708967851,0.841779196391739,0.533277382198589,86.0
T2,single_shot,self_test_repair,pair_coin,boot,591,295,none,295.0,295,betting,bonf3,0.0166666666666666,0.0166666666666666,0.0166666666666666,0.15,20,20000,0.0,1.0,1.0,0.0,0.0,0.0,0.0,0.75285,1.0,29.0,42.0,59.0,29.0,42.0,59.0,,42.0,0.8386235194585449,0.4190659052453468,0.8381326613867965,0.5309685815583445,87.0
T2,single_shot,self_test_repair,pair_coin,boot,591,295,none,295.0,295,normal_mixture,nosplit_iut,0.05,0.05,0.05,0.03,10,20000,0.0,1.0,1.0,0.0,0.0,0.0,0.0,0.0,1.0,55.0,65.0,76.0,55.0,65.0,76.0,,65.0,0.7696855329949238,0.3846054145516074,0.7692116100287072,0.4872985100102236,131.0
T2,single_shot,self_test_repair,pair_coin,boot,591,295,none,295.0,295,normal_mixture,nosplit_iut,0.05,0.05,0.05,0.03,20,20000,0.0,1.0,1.0,0.0,0.0,0.0,0.0,0.0,1.0,55.0,65.0,76.0,55.0,65.0,76.0,,65.0,0.7696855329949238,0.3846054145516074,0.7692116100287072,0.4872985100102236,131.0
T2,single_shot,self_test_repair,pair_coin,boot,591,295,none,295.0,295,normal_mixture,nosplit_iut,0.05,0.05,0.05,0.05,10,20000,0.0,1.0,1.0,0.0,0.0,0.0,0.0,0.0001,1.0,55.0,65.0,76.0,55.0,65.0,76.0,,65.0,0.7696855329949238,0.3846054145516074,0.7692116100287072,0.4872985100102236,131.0
T2,single_shot,self_test_repair,pair_coin,boot,591,295,none,295.0,295,normal_mixture,nosplit_iut,0.05,0.05,0.05,0.05,20,20000,0.0,1.0,1.0,0.0,0.0,0.0,0.0,0.0001,1.0,55.0,65.0,76.0,55.0,65.0,76.0,,65.0,0.7696855329949238,0.3846054145516074,0.7692116100287072,0.4872985100102236,131.0
T2,single_shot,self_test_repair,pair_coin,boot,591,295,none,295.0,295,normal_mixture,nosplit_iut,0.05,0.05,0.05,0.1,10,20000,0.0,1.0,1.0,0.0,0.0,0.0,0.0,0.0165,1.0,55.0,65.0,76.0,55.0,65.0,76.0,,65.0,0.7696855329949238,0.3846054145516074,0.7692116100287072,0.4872985100102236,131.0
T2,single_shot,self_test_repair,pair_coin,boot,591,295,none,295.0,295,normal_mixture,nosplit_iut,0.05,0.05,0.05,0.1,20,20000,0.0,1.0,1.0,0.0,0.0,0.0,0.0,0.0165,1.0,55.0,65.0,76.0,55.0,65.0,76.0,,65.0,0.7696855329949238,0.3846054145516074,0.7692116100287072,0.4872985100102236,131.0
T2,single_shot,self_test_repair,pair_coin,boot,591,295,none,295.0,295,normal_mixture,nosplit_iut,0.05,0.05,0.05,0.15,10,20000,0.0,1.0,1.0,0.0,0.0,0.0,0.0,0.22875,1.0,55.0,65.0,76.0,55.0,65.0,76.0,,65.0,0.7696855329949238,0.3846054145516074,0.7692116100287072,0.4872985100102236,131.0
T2,single_shot,self_test_repair,pair_coin,boot,591,295,none,295.0,295,normal_mixture,nosplit_iut,0.05,0.05,0.05,0.15,20,20000,0.0,1.0,1.0,0.0,0.0,0.0,0.0,0.22875,1.0,55.0,65.0,76.0,55.0,65.0,76.0,,65.0,0.7696855329949238,0.3846054145516074,0.7692116100287072,0.4872985100102236,131.0
T2,single_shot,self_test_repair,pair_coin,boot,591,295,none,295.0,295,normal_mixture,deploy_bonf2,0.025,0.025,0.05,0.03,10,20000,0.0,1.0,1.0,0.0,0.0,0.0,0.0,0.0,1.0,55.0,65.0,76.0,55.0,65.0,76.0,,65.0,0.7696855329949238,0.3846054145516074,0.7692116100287072,0.4872985100102236,131.0
T2,single_shot,self_test_repair,pair_coin,boot,591,295,none,295.0,295,normal_mixture,deploy_bonf2,0.025,0.025,0.05,0.03,20,20000,0.0,1.0,1.0,0.0,0.0,0.0,0.0,0.0,1.0,55.0,65.0,76.0,55.0,65.0,76.0,,65.0,0.7696855329949238,0.3846054145516074,0.7692116100287072,0.4872985100102236,131.0
T2,single_shot,self_test_repair,pair_coin,boot,591,295,none,295.0,295,normal_mixture,deploy_bonf2,0.025,0.025,0.05,0.05,10,20000,0.0,1.0,1.0,0.0,0.0,0.0,0.0,0.0,1.0,55.0,65.0,76.0,55.0,65.0,76.0,,65.0,0.7696855329949238,0.3846054145516074,0.7692116100287072,0.4872985100102236,131.0
T2,single_shot,self_test_repair,pair_coin,boot,591,295,none,295.0,295,normal_mixture,deploy_bonf2,0.025,0.025,0.05,0.05,20,20000,0.0,1.0,1.0,0.0,0.0,0.0,0.0,0.0,1.0,55.0,65.0,76.0,55.0,65.0,76.0,,65.0,0.7696855329949238,0.3846054145516074,0.7692116100287072,0.4872985100102236,131.0
T2,single_shot,self_test_repair,pair_coin,boot,591,295,none,295.0,295,normal_mixture,deploy_bonf2,0.025,0.025,0.05,0.1,10,20000,0.0,1.0,1.0,0.0,0.0,0.0,0.0,0.00465,1.0,55.0,65.0,76.0,55.0,65.0,76.0,,65.0,0.7696855329949238,0.3846054145516074,0.7692116100287072,0.4872985100102236,131.0
T2,single_shot,self_test_repair,pair_coin,boot,591,295,none,295.0,295,normal_mixture,deploy_bonf2,0.025,0.025,0.05,0.1,20,20000,0.0,1.0,1.0,0.0,0.0,0.0,0.0,0.00465,1.0,55.0,65.0,76.0,55.0,65.0,76.0,,65.0,0.7696855329949238,0.3846054145516074,0.7692116100287072,0.4872985100102236,131.0
T2,single_shot,self_test_repair,pair_coin,boot,591,295,none,295.0,295,normal_mixture,deploy_bonf2,0.025,0.025,0.05,0.15,10,20000,0.0,1.0,1.0,0.0,0.0,0.0,0.0,0.11065,1.0,55.0,65.0,76.0,55.0,65.0,76.0,,65.0,0.7696855329949238,0.3846054145516074,0.7692116100287072,0.4872985100102236,131.0
T2,single_shot,self_test_repair,pair_coin,boot,591,295,none,295.0,295,normal_mixture,deploy_bonf2,0.025,0.025,0.05,0.15,20,20000,0.0,1.0,1.0,0.0,0.0,0.0,0.0,0.11065,1.0,55.0,65.0,76.0,55.0,65.0,76.0,,65.0,0.7696855329949238,0.3846054145516074,0.7692116100287072,0.4872985100102236,131.0
T2,single_shot,self_test_repair,pair_coin,boot,591,295,none,295.0,295,normal_mixture,twosided_equal,0.025,0.025,0.025,0.03,10,20000,0.0,1.0,1.0,0.0,0.0,0.0,0.0,0.0,1.0,62.0,74.0,87.0,62.0,74.0,87.0,,74.0,0.7396084602368866,0.3695686971235195,0.7391381446410943,0.4682385488055439,149.0
T2,single_shot,self_test_repair,pair_coin,boot,591,295,none,295.0,295,normal_mixture,twosided_equal,0.025,0.025,0.025,0.03,20,20000,0.0,1.0,1.0,0.0,0.0,0.0,0.0,0.0,1.0,62.0,74.0,87.0,62.0,74.0,87.0,,74.0,0.7396084602368866,0.3695686971235195,0.7391381446410943,0.4682385488055439,149.0
T2,single_shot,self_test_repair,pair_coin,boot,591,295,none,295.0,295,normal_mixture,twosided_equal,0.025,0.025,0.025,0.05,10,20000,0.0,1.0,1.0,0.0,0.0,0.0,0.0,0.0,1.0,62.0,74.0,87.0,62.0,74.0,87.0,,74.0,0.7396084602368866,0.3695686971235195,0.7391381446410943,0.4682385488055439,149.0
T2,single_shot,self_test_repair,pair_coin,boot,591,295,none,295.0,295,normal_mixture,twosided_equal,0.025,0.025,0.025,0.05,20,20000,0.0,1.0,1.0,0.0,0.0,0.0,0.0,0.0,1.0,62.0,74.0,87.0,62.0,74.0,87.0,,74.0,0.7396084602368866,0.3695686971235195,0.7391381446410943,0.4682385488055439,149.0
T2,single_shot,self_test_repair,pair_coin,boot,591,295,none,295.0,295,normal_mixture,twosided_equal,0.025,0.025,0.025,0.1,10,20000,0.0,1.0,1.0,0.0,0.0,0.0,0.0,0.00465,1.0,62.0,74.0,87.0,62.0,74.0,87.0,,74.0,0.7396084602368866,0.3695686971235195,0.7391381446410943,0.4682385488055439,149.0
T2,single_shot,self_test_repair,pair_coin,boot,591,295,none,295.0,295,normal_mixture,twosided_equal,0.025,0.025,0.025,0.1,20,20000,0.0,1.0,1.0,0.0,0.0,0.0,0.0,0.00465,1.0,62.0,74.0,87.0,62.0,74.0,87.0,,74.0,0.7396084602368866,0.3695686971235195,0.7391381446410943,0.4682385488055439,149.0
T2,single_shot,self_test_repair,pair_coin,boot,591,295,none,295.0,295,normal_mixture,twosided_equal,0.025,0.025,0.025,0.15,10,20000,0.0,1.0,1.0,0.0,0.0,0.0,0.0,0.11065,1.0,62.0,74.0,87.0,62.0,74.0,87.0,,74.0,0.7396084602368866,0.3695686971235195,0.7391381446410943,0.4682385488055439,149.0
T2,single_shot,self_test_repair,pair_coin,boot,591,295,none,295.0,295,normal_mixture,twosided_equal,0.025,0.025,0.025,0.15,20,20000,0.0,1.0,1.0,0.0,0.0,0.0,0.0,0.11065,1.0,62.0,74.0,87.0,62.0,74.0,87.0,,74.0,0.7396084602368866,0.3695686971235195,0.7391381446410943,0.4682385488055439,149.0
T2,single_shot,self_test_repair,pair_coin,boot,591,295,none,295.0,295,normal_mixture,bonf3,0.0166666666666666,0.0166666666666666,0.0166666666666666,0.03,10,20000,0.0,1.0,1.0,0.0,0.0,0.0,0.0,0.0,1.0,66.0,79.0,93.0,66.0,79.0,93.0,,79.0,0.7229850253807106,0.3612544839255499,0.7225097013634869,0.4577400468644945,159.0
T2,single_shot,self_test_repair,pair_coin,boot,591,295,none,295.0,295,normal_mixture,bonf3,0.0166666666666666,0.0166666666666666,0.0166666666666666,0.03,20,20000,0.0,1.0,1.0,0.0,0.0,0.0,0.0,0.0,1.0,66.0,79.0,93.0,66.0,79.0,93.0,,79.0,0.7229850253807106,0.3612544839255499,0.7225097013634869,0.4577400468644945,159.0
T2,single_shot,self_test_repair,pair_coin,boot,591,295,none,295.0,295,normal_mixture,bonf3,0.0166666666666666,0.0166666666666666,0.0166666666666666,0.05,10,20000,0.0,1.0,1.0,0.0,0.0,0.0,0.0,0.0,1.0,66.0,79.0,93.0,66.0,79.0,93.0,,79.0,0.7229850253807106,0.3612544839255499,0.7225097013634869,0.4577400468644945,159.0
T2,single_shot,self_test_repair,pair_coin,boot,591,295,none,295.0,295,normal_mixture,bonf3,0.0166666666666666,0.0166666666666666,0.0166666666666666,0.05,20,20000,0.0,1.0,1.0,0.0,0.0,0.0,0.0,0.0,1.0,66.0,79.0,93.0,66.0,79.0,93.0,,79.0,0.7229850253807106,0.3612544839255499,0.7225097013634869,0.4577400468644945,159.0
T2,single_shot,self_test_repair,pair_coin,boot,591,295,none,295.0,295,normal_mixture,bonf3,0.0166666666666666,0.0166666666666666,0.0166666666666666,0.1,10,20000,0.0,1.0,1.0,0.0,0.0,0.0,0.0,0.00205,1.0,66.0,79.0,93.0,66.0,79.0,93.0,,79.0,0.7229850253807106,0.3612544839255499,0.7225097013634869,0.4577400468644945,159.0
T2,single_shot,self_test_repair,pair_coin,boot,591,295,none,295.0,295,normal_mixture,bonf3,0.0166666666666666,0.0166666666666666,0.0166666666666666,0.1,20,20000,0.0,1.0,1.0,0.0,0.0,0.0,0.0,0.00205,1.0,66.0,79.0,93.0,66.0,79.0,93.0,,79.0,0.7229850253807106,0.3612544839255499,0.7225097013634869,0.4577400468644945,159.0
T2,single_shot,self_test_repair,pair_coin,boot,591,295,none,295.0,295,normal_mixture,bonf3,0.0166666666666666,0.0166666666666666,0.0166666666666666,0.15,10,20000,0.0,1.0,1.0,0.0,0.0,0.0,0.0,0.06805,1.0,66.0,79.0,93.0,66.0,79.0,93.0,,79.0,0.7229850253807106,0.3612544839255499,0.7225097013634869,0.4577400468644945,159.0
T2,single_shot,self_test_repair,pair_coin,boot,591,295,none,295.0,295,normal_mixture,bonf3,0.0166666666666666,0.0166666666666666,0.0166666666666666,0.15,20,20000,0.0,1.0,1.0,0.0,0.0,0.0,0.0,0.06805,1.0,66.0,79.0,93.0,66.0,79.0,93.0,,79.0,0.7229850253807106,0.3612544839255499,0.7225097013634869,0.4577400468644945,159.0
T2,single_shot,self_test_repair,pair_coin,boot,1138,569,none,569.0,569,betting,nosplit_iut,0.05,0.05,0.05,0.03,10,20000,0.0,1.0,1.0,0.0,0.0,0.0,0.0,0.0584,1.0,22.0,34.0,48.0,22.0,34.0,48.0,,34.0,0.9333337873462214,0.4665442003514938,0.9330884007029876,0.5910283536612114,69.0
T2,single_shot,self_test_repair,pair_coin,boot,1138,569,none,569.0,569,betting,nosplit_iut,0.05,0.05,0.05,0.03,20,20000,0.0,1.0,1.0,0.0,0.0,0.0,0.0,0.05825,1.0,24.0,35.0,49.0,24.0,35.0,49.0,,35.0,0.9299695518453428,0.4648617750439367,0.9297235500878734,0.5889101030145966,71.0
T2,single_shot,self_test_repair,pair_coin,boot,1138,569,none,569.0,569,betting,nosplit_iut,0.05,0.05,0.05,0.05,10,20000,0.0,1.0,1.0,0.0,0.0,0.0,0.0,0.17475,1.0,22.0,34.0,48.0,22.0,34.0,48.0,,34.0,0.9333337873462214,0.4665442003514938,0.9330884007029876,0.5910283536612114,69.0
T2,single_shot,self_test_repair,pair_coin,boot,1138,569,none,569.0,569,betting,nosplit_iut,0.05,0.05,0.05,0.05,20,20000,0.0,1.0,1.0,0.0,0.0,0.0,0.0,0.1743,1.0,24.0,35.0,49.0,24.0,35.0,49.0,,35.0,0.9299695518453428,0.4648617750439367,0.9297235500878734,0.5889101030145966,71.0
T2,single_shot,self_test_repair,pair_coin,boot,1138,569,none,569.0,569,betting,nosplit_iut,0.05,0.05,0.05,0.1,10,20000,0.0,1.0,1.0,0.0,0.0,0.0,0.0,0.79035,1.0,22.0,34.0,48.0,22.0,34.0,48.0,,34.0,0.9333337873462214,0.4665442003514938,0.9330884007029876,0.5910283536612114,69.0
T2,single_shot,self_test_repair,pair_coin,boot,1138,569,none,569.0,569,betting,nosplit_iut,0.05,0.05,0.05,0.1,20,20000,0.0,1.0,1.0,0.0,0.0,0.0,0.0,0.79025,1.0,24.0,35.0,49.0,24.0,35.0,49.0,,35.0,0.9299695518453428,0.4648617750439367,0.9297235500878734,0.5889101030145966,71.0
T2,single_shot,self_test_repair,pair_coin,boot,1138,569,none,569.0,569,betting,nosplit_iut,0.05,0.05,0.05,0.15,10,20000,0.0,1.0,1.0,0.0,0.0,0.0,0.0,0.9967,1.0,22.0,34.0,48.0,22.0,34.0,48.0,,34.0,0.9333337873462214,0.4665442003514938,0.9330884007029876,0.5910283536612114,69.0
T2,single_shot,self_test_repair,pair_coin,boot,1138,569,none,569.0,569,betting,nosplit_iut,0.05,0.05,0.05,0.15,20,20000,0.0,1.0,1.0,0.0,0.0,0.0,0.0,0.9967,1.0,24.0,35.0,49.0,24.0,35.0,49.0,,35.0,0.9299695518453428,0.4648617750439367,0.9297235500878734,0.5889101030145966,71.0
T2,single_shot,self_test_repair,pair_coin,boot,1138,569,none,569.0,569,betting,deploy_bonf2,0.025,0.025,0.05,0.03,10,20000,0.0,1.0,1.0,0.0,0.0,0.0,0.0,0.03215,1.0,22.0,34.0,48.0,22.0,34.0,48.0,,34.0,0.9333337873462214,0.4665442003514938,0.9330884007029876,0.5910283536612114,69.0
T2,single_shot,self_test_repair,pair_coin,boot,1138,569,none,569.0,569,betting,deploy_bonf2,0.025,0.025,0.05,0.03,20,20000,0.0,1.0,1.0,0.0,0.0,0.0,0.0,0.03215,1.0,24.0,35.0,49.0,24.0,35.0,49.0,,35.0,0.9299695518453428,0.4648617750439367,0.9297235500878734,0.5889101030145966,71.0
T2,single_shot,self_test_repair,pair_coin,boot,1138,569,none,569.0,569,betting,deploy_bonf2,0.025,0.025,0.05,0.05,10,20000,0.0,1.0,1.0,0.0,0.0,0.0,0.0,0.11325,1.0,22.0,34.0,48.0,22.0,34.0,48.0,,34.0,0.9333337873462214,0.4665442003514938,0.9330884007029876,0.5910283536612114,69.0
T2,single_shot,self_test_repair,pair_coin,boot,1138,569,none,569.0,569,betting,deploy_bonf2,0.025,0.025,0.05,0.05,20,20000,0.0,1.0,1.0,0.0,0.0,0.0,0.0,0.1132,1.0,24.0,35.0,49.0,24.0,35.0,49.0,,35.0,0.9299695518453428,0.4648617750439367,0.9297235500878734,0.5889101030145966,71.0
T2,single_shot,self_test_repair,pair_coin,boot,1138,569,none,569.0,569,betting,deploy_bonf2,0.025,0.025,0.05,0.1,10,20000,0.0,1.0,1.0,0.0,0.0,0.0,0.0,0.71425,1.0,22.0,34.0,48.0,22.0,34.0,48.0,,34.0,0.9333337873462214,0.4665442003514938,0.9330884007029876,0.5910283536612114,69.0
T2,single_shot,self_test_repair,pair_coin,boot,1138,569,none,569.0,569,betting,deploy_bonf2,0.025,0.025,0.05,0.1,20,20000,0.0,1.0,1.0,0.0,0.0,0.0,0.0,0.71415,1.0,24.0,35.0,49.0,24.0,35.0,49.0,,35.0,0.9299695518453428,0.4648617750439367,0.9297235500878734,0.5889101030145966,71.0
T2,single_shot,self_test_repair,pair_coin,boot,1138,569,none,569.0,569,betting,deploy_bonf2,0.025,0.025,0.05,0.15,10,20000,0.0,1.0,1.0,0.0,0.0,0.0,0.0,0.9925,1.0,22.0,34.0,48.0,22.0,34.0,48.0,,34.0,0.9333337873462214,0.4665442003514938,0.9330884007029876,0.5910283536612114,69.0
T2,single_shot,self_test_repair,pair_coin,boot,1138,569,none,569.0,569,betting,deploy_bonf2,0.025,0.025,0.05,0.15,20,20000,0.0,1.0,1.0,0.0,0.0,0.0,0.0,0.9925,1.0,24.0,35.0,49.0,24.0,35.0,49.0,,35.0,0.9299695518453428,0.4648617750439367,0.9297235500878734,0.5889101030145966,71.0
T2,single_shot,self_test_repair,pair_coin,boot,1138,569,none,569.0,569,betting,twosided_equal,0.025,0.025,0.025,0.03,10,20000,0.0,1.0,1.0,0.0,0.0,0.0,0.0,0.03215,1.0,26.0,39.0,54.0,26.0,39.0,54.0,,39.0,0.92327658172232,0.4615152460456941,0.9230304920913884,0.5846739236824883,81.0
T2,single_shot,self_test_repair,pair_coin,boot,1138,569,none,569.0,569,betting,twosided_equal,0.025,0.025,0.025,0.03,20,20000,0.0,1.0,1.0,0.0,0.0,0.0,0.0,0.03215,1.0,27.0,40.0,55.0,27.0,40.0,55.0,,40.0,0.9216292179261862,0.4606907732864675,0.921381546572935,0.5836320000885824,81.0
T2,single_shot,self_test_repair,pair_coin,boot,1138,569,none,569.0,569,betting,twosided_equal,0.025,0.025,0.025,0.05,10,20000,0.0,1.0,1.0,0.0,0.0,0.0,0.0,0.11325,1.0,26.0,39.0,54.0,26.0,39.0,54.0,,39.0,0.92327658172232,0.4615152460456941,0.9230304920913884,0.5846739236824883,81.0
T2,single_shot,self_test_repair,pair_coin,boot,1138,569,none,569.0,569,betting,twosided_equal,0.025,0.025,0.025,0.05,20,20000,0.0,1.0,1.0,0.0,0.0,0.0,0.0,0.1132,1.0,27.0,40.0,55.0,27.0,40.0,55.0,,40.0,0.9216292179261862,0.4606907732864675,0.921381546572935,0.5836320000885824,81.0
T2,single_shot,self_test_repair,pair_coin,boot,1138,569,none,569.0,569,betting,twosided_equal,0.025,0.025,0.025,0.1,10,20000,0.0,1.0,1.0,0.0,0.0,0.0,0.0,0.71425,1.0,26.0,39.0,54.0,26.0,39.0,54.0,,39.0,0.92327658172232,0.4615152460456941,0.9230304920913884,0.5846739236824883,81.0
T2,single_shot,self_test_repair,pair_coin,boot,1138,569,none,569.0,569,betting,twosided_equal,0.025,0.025,0.025,0.1,20,20000,0.0,1.0,1.0,0.0,0.0,0.0,0.0,0.71415,1.0,27.0,40.0,55.0,27.0,40.0,55.0,,40.0,0.9216292179261862,0.4606907732864675,0.921381546572935,0.5836320000885824,81.0
T2,single_shot,self_test_repair,pair_coin,boot,1138,569,none,569.0,569,betting,twosided_equal,0.025,0.025,0.025,0.15,10,20000,0.0,1.0,1.0,0.0,0.0,0.0,0.0,0.9925,1.0,26.0,39.0,54.0,26.0,39.0,54.0,,39.0,0.92327658172232,0.4615152460456941,0.9230304920913884,0.5846739236824883,81.0
T2,single_shot,self_test_repair,pair_coin,boot,1138,569,none,569.0,569,betting,twosided_equal,0.025,0.025,0.025,0.15,20,20000,0.0,1.0,1.0,0.0,0.0,0.0,0.0,0.9925,1.0,27.0,40.0,55.0,27.0,40.0,55.0,,40.0,0.9216292179261862,0.4606907732864675,0.921381546572935,0.5836320000885824,81.0
T2,single_shot,self_test_repair,pair_coin,boot,1138,569,none,569.0,569,betting,bonf3,0.0166666666666666,0.0166666666666666,0.0166666666666666,0.03,10,20000,0.0,1.0,1.0,0.0,0.0,0.0,0.0,0.02285,1.0,28.0,42.0,59.0,28.0,42.0,59.0,,42.0,0.9183896748681898,0.4590682337434095,0.9181364674868192,0.5815643625765663,85.0
T2,single_shot,self_test_repair,pair_coin,boot,1138,569,none,569.0,569,betting,bonf3,0.0166666666666666,0.0166666666666666,0.0166666666666666,0.03,20,20000,0.0,1.0,1.0,0.0,0.0,0.0,0.0,0.02285,1.0,29.0,42.0,59.0,29.0,42.0,59.0,,42.0,0.9165324692442882,0.4581393673110721,0.9162787346221442,0.580390495615274,86.0
T2,single_shot,self_test_repair,pair_coin,boot,1138,569,none,569.0,569,betting,bonf3,0.0166666666666666,0.0166666666666666,0.0166666666666666,0.05,10,20000,0.0,1.0,1.0,0.0,0.0,0.0,0.0,0.09065,1.0,28.0,42.0,59.0,28.0,42.0,59.0,,42.0,0.9183896748681898,0.4590682337434095,0.9181364674868192,0.5815643625765663,85.0
T2,single_shot,self_test_repair,pair_coin,boot,1138,569,none,569.0,569,betting,bonf3,0.0166666666666666,0.0166666666666666,0.0166666666666666,0.05,20,20000,0.0,1.0,1.0,0.0,0.0,0.0,0.0,0.09065,1.0,29.0,42.0,59.0,29.0,42.0,59.0,,42.0,0.9165324692442882,0.4581393673110721,0.9162787346221442,0.580390495615274,86.0
T2,single_shot,self_test_repair,pair_coin,boot,1138,569,none,569.0,569,betting,bonf3,0.0166666666666666,0.0166666666666666,0.0166666666666666,0.1,10,20000,0.0,1.0,1.0,0.0,0.0,0.0,0.0,0.6662,1.0,28.0,42.0,59.0,28.0,42.0,59.0,,42.0,0.9183896748681898,0.4590682337434095,0.9181364674868192,0.5815643625765663,85.0
T2,single_shot,self_test_repair,pair_coin,boot,1138,569,none,569.0,569,betting,bonf3,0.0166666666666666,0.0166666666666666,0.0166666666666666,0.1,20,20000,0.0,1.0,1.0,0.0,0.0,0.0,0.0,0.66615,1.0,29.0,42.0,59.0,29.0,42.0,59.0,,42.0,0.9165324692442882,0.4581393673110721,0.9162787346221442,0.580390495615274,86.0
T2,single_shot,self_test_repair,pair_coin,boot,1138,569,none,569.0,569,betting,bonf3,0.0166666666666666,0.0166666666666666,0.0166666666666666,0.15,10,20000,0.0,1.0,1.0,0.0,0.0,0.0,0.0,0.98955,1.0,28.0,42.0,59.0,28.0,42.0,59.0,,42.0,0.9183896748681898,0.4590682337434095,0.9181364674868192,0.5815643625765663,85.0
T2,single_shot,self_test_repair,pair_coin,boot,1138,569,none,569.0,569,betting,bonf3,0.0166666666666666,0.0166666666666666,0.0166666666666666,0.15,20,20000,0.0,1.0,1.0,0.0,0.0,0.0,0.0,0.98955,1.0,29.0,42.0,59.0,29.0,42.0,59.0,,42.0,0.9165324692442882,0.4581393673110721,0.9162787346221442,0.580390495615274,86.0
T2,single_shot,self_test_repair,pair_coin,boot,1138,569,none,569.0,569,normal_mixture,nosplit_iut,0.05,0.05,0.05,0.03,10,20000,0.0,1.0,1.0,0.0,0.0,0.0,0.0,0.0002,1.0,55.0,64.0,76.0,55.0,64.0,76.0,,64.0,0.8805087873462214,0.4401298769771529,0.8802597539543058,0.557578802784321,131.0
T2,single_shot,self_test_repair,pair_coin,boot,1138,569,none,569.0,569,normal_mixture,nosplit_iut,0.05,0.05,0.05,0.03,20,20000,0.0,1.0,1.0,0.0,0.0,0.0,0.0,0.0002,1.0,55.0,64.0,76.0,55.0,64.0,76.0,,64.0,0.8805087873462214,0.4401298769771529,0.8802597539543058,0.557578802784321,131.0
T2,single_shot,self_test_repair,pair_coin,boot,1138,569,none,569.0,569,normal_mixture,nosplit_iut,0.05,0.05,0.05,0.05,10,20000,0.0,1.0,1.0,0.0,0.0,0.0,0.0,0.00375,1.0,55.0,64.0,76.0,55.0,64.0,76.0,,64.0,0.8805087873462214,0.4401298769771529,0.8802597539543058,0.557578802784321,131.0
T2,single_shot,self_test_repair,pair_coin,boot,1138,569,none,569.0,569,normal_mixture,nosplit_iut,0.05,0.05,0.05,0.05,20,20000,0.0,1.0,1.0,0.0,0.0,0.0,0.0,0.00375,1.0,55.0,64.0,76.0,55.0,64.0,76.0,,64.0,0.8805087873462214,0.4401298769771529,0.8802597539543058,0.557578802784321,131.0
T2,single_shot,self_test_repair,pair_coin,boot,1138,569,none,569.0,569,normal_mixture,nosplit_iut,0.05,0.05,0.05,0.1,10,20000,0.0,1.0,1.0,0.0,0.0,0.0,0.0,0.1945,1.0,55.0,64.0,76.0,55.0,64.0,76.0,,64.0,0.8805087873462214,0.4401298769771529,0.8802597539543058,0.557578802784321,131.0
T2,single_shot,self_test_repair,pair_coin,boot,1138,569,none,569.0,569,normal_mixture,nosplit_iut,0.05,0.05,0.05,0.1,20,20000,0.0,1.0,1.0,0.0,0.0,0.0,0.0,0.1945,1.0,55.0,64.0,76.0,55.0,64.0,76.0,,64.0,0.8805087873462214,0.4401298769771529,0.8802597539543058,0.557578802784321,131.0
T2,single_shot,self_test_repair,pair_coin,boot,1138,569,none,569.0,569,normal_mixture,nosplit_iut,0.05,0.05,0.05,0.15,10,20000,0.0,1.0,1.0,0.0,0.0,0.0,0.0,0.8414,1.0,55.0,64.0,76.0,55.0,64.0,76.0,,64.0,0.8805087873462214,0.4401298769771529,0.8802597539543058,0.557578802784321,131.0
T2,single_shot,self_test_repair,pair_coin,boot,1138,569,none,569.0,569,normal_mixture,nosplit_iut,0.05,0.05,0.05,0.15,20,20000,0.0,1.0,1.0,0.0,0.0,0.0,0.0,0.8414,1.0,55.0,64.0,76.0,55.0,64.0,76.0,,64.0,0.8805087873462214,0.4401298769771529,0.8802597539543058,0.557578802784321,131.0
T2,single_shot,self_test_repair,pair_coin,boot,1138,569,none,569.0,569,normal_mixture,deploy_bonf2,0.025,0.025,0.05,0.03,10,20000,0.0,1.0,1.0,0.0,0.0,0.0,0.0,5e-05,1.0,55.0,64.0,76.0,55.0,64.0,76.0,,64.0,0.8805087873462214,0.4401298769771529,0.8802597539543058,0.557578802784321,131.0
T2,single_shot,self_test_repair,pair_coin,boot,1138,569,none,569.0,569,normal_mixture,deploy_bonf2,0.025,0.025,0.05,0.03,20,20000,0.0,1.0,1.0,0.0,0.0,0.0,0.0,5e-05,1.0,55.0,64.0,76.0,55.0,64.0,76.0,,64.0,0.8805087873462214,0.4401298769771529,0.8802597539543058,0.557578802784321,131.0
T2,single_shot,self_test_repair,pair_coin,boot,1138,569,none,569.0,569,normal_mixture,deploy_bonf2,0.025,0.025,0.05,0.05,10,20000,0.0,1.0,1.0,0.0,0.0,0.0,0.0,0.0009,1.0,55.0,64.0,76.0,55.0,64.0,76.0,,64.0,0.8805087873462214,0.4401298769771529,0.8802597539543058,0.557578802784321,131.0
T2,single_shot,self_test_repair,pair_coin,boot,1138,569,none,569.0,569,normal_mixture,deploy_bonf2,0.025,0.025,0.05,0.05,20,20000,0.0,1.0,1.0,0.0,0.0,0.0,0.0,0.0009,1.0,55.0,64.0,76.0,55.0,64.0,76.0,,64.0,0.8805087873462214,0.4401298769771529,0.8802597539543058,0.557578802784321,131.0
T2,single_shot,self_test_repair,pair_coin,boot,1138,569,none,569.0,569,normal_mixture,deploy_bonf2,0.025,0.025,0.05,0.1,10,20000,0.0,1.0,1.0,0.0,0.0,0.0,0.0,0.09875,1.0,55.0,64.0,76.0,55.0,64.0,76.0,,64.0,0.8805087873462214,0.4401298769771529,0.8802597539543058,0.557578802784321,131.0
T2,single_shot,self_test_repair,pair_coin,boot,1138,569,none,569.0,569,normal_mixture,deploy_bonf2,0.025,0.025,0.05,0.1,20,20000,0.0,1.0,1.0,0.0,0.0,0.0,0.0,0.09875,1.0,55.0,64.0,76.0,55.0,64.0,76.0,,64.0,0.8805087873462214,0.4401298769771529,0.8802597539543058,0.557578802784321,131.0
T2,single_shot,self_test_repair,pair_coin,boot,1138,569,none,569.0,569,normal_mixture,deploy_bonf2,0.025,0.025,0.05,0.15,10,20000,0.0,1.0,1.0,0.0,0.0,0.0,0.0,0.7195,1.0,55.0,64.0,76.0,55.0,64.0,76.0,,64.0,0.8805087873462214,0.4401298769771529,0.8802597539543058,0.557578802784321,131.0
T2,single_shot,self_test_repair,pair_coin,boot,1138,569,none,569.0,569,normal_mixture,deploy_bonf2,0.025,0.025,0.05,0.15,20,20000,0.0,1.0,1.0,0.0,0.0,0.0,0.0,0.7195,1.0,55.0,64.0,76.0,55.0,64.0,76.0,,64.0,0.8805087873462214,0.4401298769771529,0.8802597539543058,0.557578802784321,131.0
T2,single_shot,self_test_repair,pair_coin,boot,1138,569,none,569.0,569,normal_mixture,twosided_equal,0.025,0.025,0.025,0.03,10,20000,0.0,1.0,1.0,0.0,0.0,0.0,0.0,5e-05,1.0,62.0,74.0,87.0,62.0,74.0,87.0,,74.0,0.864935237258348,0.4323387961335677,0.8646775922671354,0.5477059569029952,149.0
T2,single_shot,self_test_repair,pair_coin,boot,1138,569,none,569.0,569,normal_mixture,twosided_equal,0.025,0.025,0.025,0.03,20,20000,0.0,1.0,1.0,0.0,0.0,0.0,0.0,5e-05,1.0,62.0,74.0,87.0,62.0,74.0,87.0,,74.0,0.864935237258348,0.4323387961335677,0.8646775922671354,0.5477059569029952,149.0
T2,single_shot,self_test_repair,pair_coin,boot,1138,569,none,569.0,569,normal_mixture,twosided_equal,0.025,0.025,0.025,0.05,10,20000,0.0,1.0,1.0,0.0,0.0,0.0,0.0,0.0009,1.0,62.0,74.0,87.0,62.0,74.0,87.0,,74.0,0.864935237258348,0.4323387961335677,0.8646775922671354,0.5477059569029952,149.0
T2,single_shot,self_test_repair,pair_coin,boot,1138,569,none,569.0,569,normal_mixture,twosided_equal,0.025,0.025,0.025,0.05,20,20000,0.0,1.0,1.0,0.0,0.0,0.0,0.0,0.0009,1.0,62.0,74.0,87.0,62.0,74.0,87.0,,74.0,0.864935237258348,0.4323387961335677,0.8646775922671354,0.5477059569029952,149.0
T2,single_shot,self_test_repair,pair_coin,boot,1138,569,none,569.0,569,normal_mixture,twosided_equal,0.025,0.025,0.025,0.1,10,20000,0.0,1.0,1.0,0.0,0.0,0.0,0.0,0.09875,1.0,62.0,74.0,87.0,62.0,74.0,87.0,,74.0,0.864935237258348,0.4323387961335677,0.8646775922671354,0.5477059569029952,149.0
T2,single_shot,self_test_repair,pair_coin,boot,1138,569,none,569.0,569,normal_mixture,twosided_equal,0.025,0.025,0.025,0.1,20,20000,0.0,1.0,1.0,0.0,0.0,0.0,0.0,0.09875,1.0,62.0,74.0,87.0,62.0,74.0,87.0,,74.0,0.864935237258348,0.4323387961335677,0.8646775922671354,0.5477059569029952,149.0
T2,single_shot,self_test_repair,pair_coin,boot,1138,569,none,569.0,569,normal_mixture,twosided_equal,0.025,0.025,0.025,0.15,10,20000,0.0,1.0,1.0,0.0,0.0,0.0,0.0,0.7195,1.0,62.0,74.0,87.0,62.0,74.0,87.0,,74.0,0.864935237258348,0.4323387961335677,0.8646775922671354,0.5477059569029952,149.0
T2,single_shot,self_test_repair,pair_coin,boot,1138,569,none,569.0,569,normal_mixture,twosided_equal,0.025,0.025,0.025,0.15,20,20000,0.0,1.0,1.0,0.0,0.0,0.0,0.0,0.7195,1.0,62.0,74.0,87.0,62.0,74.0,87.0,,74.0,0.864935237258348,0.4323387961335677,0.8646775922671354,0.5477059569029952,149.0
T2,single_shot,self_test_repair,pair_coin,boot,1138,569,none,569.0,569,normal_mixture,bonf3,0.0166666666666666,0.0166666666666666,0.0166666666666666,0.03,10,20000,0.0,1.0,1.0,0.0,0.0,0.0,0.0,0.0,1.0,66.0,79.0,93.0,66.0,79.0,93.0,,79.0,0.8562021968365554,0.4279787785588752,0.8559575571177505,0.5421866457163582,159.0
T2,single_shot,self_test_repair,pair_coin,boot,1138,569,none,569.0,569,normal_mixture,bonf3,0.0166666666666666,0.0166666666666666,0.0166666666666666,0.03,20,20000,0.0,1.0,1.0,0.0,0.0,0.0,0.0,0.0,1.0,66.0,79.0,93.0,66.0,79.0,93.0,,79.0,0.8562021968365554,0.4279787785588752,0.8559575571177505,0.5421866457163582,159.0
T2,single_shot,self_test_repair,pair_coin,boot,1138,569,none,569.0,569,normal_mixture,bonf3,0.0166666666666666,0.0166666666666666,0.0166666666666666,0.05,10,20000,0.0,1.0,1.0,0.0,0.0,0.0,0.0,0.00045,1.0,66.0,79.0,93.0,66.0,79.0,93.0,,79.0,0.8562021968365554,0.4279787785588752,0.8559575571177505,0.5421866457163582,159.0
T2,single_shot,self_test_repair,pair_coin,boot,1138,569,none,569.0,569,normal_mixture,bonf3,0.0166666666666666,0.0166666666666666,0.0166666666666666,0.05,20,20000,0.0,1.0,1.0,0.0,0.0,0.0,0.0,0.00045,1.0,66.0,79.0,93.0,66.0,79.0,93.0,,79.0,0.8562021968365554,0.4279787785588752,0.8559575571177505,0.5421866457163582,159.0
T2,single_shot,self_test_repair,pair_coin,boot,1138,569,none,569.0,569,normal_mixture,bonf3,0.0166666666666666,0.0166666666666666,0.0166666666666666,0.1,10,20000,0.0,1.0,1.0,0.0,0.0,0.0,0.0,0.06475,1.0,66.0,79.0,93.0,66.0,79.0,93.0,,79.0,0.8562021968365554,0.4279787785588752,0.8559575571177505,0.5421866457163582,159.0
T2,single_shot,self_test_repair,pair_coin,boot,1138,569,none,569.0,569,normal_mixture,bonf3,0.0166666666666666,0.0166666666666666,0.0166666666666666,0.1,20,20000,0.0,1.0,1.0,0.0,0.0,0.0,0.0,0.06475,1.0,66.0,79.0,93.0,66.0,79.0,93.0,,79.0,0.8562021968365554,0.4279787785588752,0.8559575571177505,0.5421866457163582,159.0
T2,single_shot,self_test_repair,pair_coin,boot,1138,569,none,569.0,569,normal_mixture,bonf3,0.0166666666666666,0.0166666666666666,0.0166666666666666,0.15,10,20000,0.0,1.0,1.0,0.0,0.0,0.0,0.0,0.64235,1.0,66.0,79.0,93.0,66.0,79.0,93.0,,79.0,0.8562021968365554,0.4279787785588752,0.8559575571177505,0.5421866457163582,159.0
T2,single_shot,self_test_repair,pair_coin,boot,1138,569,none,569.0,569,normal_mixture,bonf3,0.0166666666666666,0.0166666666666666,0.0166666666666666,0.15,20,20000,0.0,1.0,1.0,0.0,0.0,0.0,0.0,0.64235,1.0,66.0,79.0,93.0,66.0,79.0,93.0,,79.0,0.8562021968365554,0.4279787785588752,0.8559575571177505,0.5421866457163582,159.0
T2,single_shot,self_test_repair,arrival_coin,perm,591,295,none,285.7444,244,betting,nosplit_iut,0.05,0.05,0.05,0.03,10,20000,0.0,1.0,1.0,0.0,0.0,0.0,0.0,0.0218,1.0,22.0,34.0,48.0,22.0,34.0,48.0,,34.0,0.861651945854484,0.4307874788494078,0.8618240263006636,0.5459595038070589,76.0
T2,single_shot,self_test_repair,arrival_coin,perm,591,295,none,285.7444,244,betting,nosplit_iut,0.05,0.05,0.05,0.03,20,20000,0.0,1.0,1.0,0.0,0.0,0.0,0.0,0.0216,1.0,24.0,35.0,49.0,24.0,35.0,49.0,,35.0,0.8551422165820642,0.4275587140439932,0.8553646299133488,0.5418559475332092,77.0
T2,single_shot,self_test_repair,arrival_coin,perm,591,295,none,285.7444,244,betting,nosplit_iut,0.05,0.05,0.05,0.05,10,20000,0.0,1.0,1.0,0.0,0.0,0.0,0.0,0.05765,1.0,22.0,34.0,48.0,22.0,34.0,48.0,,34.0,0.861651945854484,0.4307874788494078,0.8618240263006636,0.5459595038070589,76.0
T2,single_shot,self_test_repair,arrival_coin,perm,591,295,none,285.7444,244,betting,nosplit_iut,0.05,0.05,0.05,0.05,20,20000,0.0,1.0,1.0,0.0,0.0,0.0,0.0,0.0568,1.0,24.0,35.0,49.0,24.0,35.0,49.0,,35.0,0.8551422165820642,0.4275587140439932,0.8553646299133488,0.5418559475332092,77.0
T2,single_shot,self_test_repair,arrival_coin,perm,591,295,none,285.7444,244,betting,nosplit_iut,0.05,0.05,0.05,0.1,10,20000,0.0,1.0,1.0,0.0,0.0,0.0,0.0,0.389,1.0,22.0,34.0,48.0,22.0,34.0,48.0,,34.0,0.861651945854484,0.4307874788494078,0.8618240263006636,0.5459595038070589,76.0
T2,single_shot,self_test_repair,arrival_coin,perm,591,295,none,285.7444,244,betting,nosplit_iut,0.05,0.05,0.05,0.1,20,20000,0.0,1.0,1.0,0.0,0.0,0.0,0.0,0.38815,1.0,24.0,35.0,49.0,24.0,35.0,49.0,,35.0,0.8551422165820642,0.4275587140439932,0.8553646299133488,0.5418559475332092,77.0
T2,single_shot,self_test_repair,arrival_coin,perm,591,295,none,285.7444,244,betting,nosplit_iut,0.05,0.05,0.05,0.15,10,20000,0.0,1.0,1.0,0.0,0.0,0.0,0.0,0.8636,1.0,22.0,34.0,48.0,22.0,34.0,48.0,,34.0,0.861651945854484,0.4307874788494078,0.8618240263006636,0.5459595038070589,76.0
T2,single_shot,self_test_repair,arrival_coin,perm,591,295,none,285.7444,244,betting,nosplit_iut,0.05,0.05,0.05,0.15,20,20000,0.0,1.0,1.0,0.0,0.0,0.0,0.0,0.86335,1.0,24.0,35.0,49.0,24.0,35.0,49.0,,35.0,0.8551422165820642,0.4275587140439932,0.8553646299133488,0.5418559475332092,77.0
T2,single_shot,self_test_repair,arrival_coin,perm,591,295,none,285.7444,244,betting,deploy_bonf2,0.025,0.025,0.05,0.03,10,20000,0.0,1.0,1.0,0.0,0.0,0.0,0.0,0.01125,1.0,22.0,34.0,48.0,22.0,34.0,48.0,,34.0,0.861651945854484,0.4307874788494078,0.8618240263006636,0.5459595038070589,76.0
T2,single_shot,self_test_repair,arrival_coin,perm,591,295,none,285.7444,244,betting,deploy_bonf2,0.025,0.025,0.05,0.03,20,20000,0.0,1.0,1.0,0.0,0.0,0.0,0.0,0.01125,1.0,24.0,35.0,49.0,24.0,35.0,49.0,,35.0,0.8551422165820642,0.4275587140439932,0.8553646299133488,0.5418559475332092,77.0
T2,single_shot,self_test_repair,arrival_coin,perm,591,295,none,285.7444,244,betting,deploy_bonf2,0.025,0.025,0.05,0.05,10,20000,0.0,1.0,1.0,0.0,0.0,0.0,0.0,0.0316,1.0,22.0,34.0,48.0,22.0,34.0,48.0,,34.0,0.861651945854484,0.4307874788494078,0.8618240263006636,0.5459595038070589,76.0
T2,single_shot,self_test_repair,arrival_coin,perm,591,295,none,285.7444,244,betting,deploy_bonf2,0.025,0.025,0.05,0.05,20,20000,0.0,1.0,1.0,0.0,0.0,0.0,0.0,0.03145,1.0,24.0,35.0,49.0,24.0,35.0,49.0,,35.0,0.8551422165820642,0.4275587140439932,0.8553646299133488,0.5418559475332092,77.0
T2,single_shot,self_test_repair,arrival_coin,perm,591,295,none,285.7444,244,betting,deploy_bonf2,0.025,0.025,0.05,0.1,10,20000,0.0,1.0,1.0,0.0,0.0,0.0,0.0,0.2872,1.0,22.0,34.0,48.0,22.0,34.0,48.0,,34.0,0.861651945854484,0.4307874788494078,0.8618240263006636,0.5459595038070589,76.0
T2,single_shot,self_test_repair,arrival_coin,perm,591,295,none,285.7444,244,betting,deploy_bonf2,0.025,0.025,0.05,0.1,20,20000,0.0,1.0,1.0,0.0,0.0,0.0,0.0,0.2868,1.0,24.0,35.0,49.0,24.0,35.0,49.0,,35.0,0.8551422165820642,0.4275587140439932,0.8553646299133488,0.5418559475332092,77.0
T2,single_shot,self_test_repair,arrival_coin,perm,591,295,none,285.7444,244,betting,deploy_bonf2,0.025,0.025,0.05,0.15,10,20000,0.0,1.0,1.0,0.0,0.0,0.0,0.0,0.79775,1.0,22.0,34.0,48.0,22.0,34.0,48.0,,34.0,0.861651945854484,0.4307874788494078,0.8618240263006636,0.5459595038070589,76.0
T2,single_shot,self_test_repair,arrival_coin,perm,591,295,none,285.7444,244,betting,deploy_bonf2,0.025,0.025,0.05,0.15,20,20000,0.0,1.0,1.0,0.0,0.0,0.0,0.0,0.79745,1.0,24.0,35.0,49.0,24.0,35.0,49.0,,35.0,0.8551422165820642,0.4275587140439932,0.8553646299133488,0.5418559475332092,77.0
T2,single_shot,self_test_repair,arrival_coin,perm,591,295,none,285.7444,244,betting,twosided_equal,0.025,0.025,0.025,0.03,10,20000,0.0,1.0,1.0,0.0,0.0,0.0,0.0,0.01125,1.0,27.0,39.0,55.0,27.0,39.0,55.0,,39.0,0.8421104060913706,0.4210505922165821,0.8423446234546296,0.5336096411283808,87.0
T2,single_shot,self_test_repair,arrival_coin,perm,591,295,none,285.7444,244,betting,twosided_equal,0.025,0.025,0.025,0.03,20,20000,0.0,1.0,1.0,0.0,0.0,0.0,0.0,0.01125,1.0,27.0,40.0,55.0,27.0,40.0,55.0,,40.0,0.8388318104906937,0.4194146362098139,0.8390717655796295,0.5315117701782148,87.0
T2,single_shot,self_test_repair,arrival_coin,perm,591,295,none,285.7444,244,betting,twosided_equal,0.025,0.025,0.025,0.05,10,20000,0.0,1.0,1.0,0.0,0.0,0.0,0.0,0.0316,1.0,27.0,39.0,55.0,27.0,39.0,55.0,,39.0,0.8421104060913706,0.4210505922165821,0.8423446234546296,0.5336096411283808,87.0
T2,single_shot,self_test_repair,arrival_coin,perm,591,295,none,285.7444,244,betting,twosided_equal,0.025,0.025,0.025,0.05,20,20000,0.0,1.0,1.0,0.0,0.0,0.0,0.0,0.03145,1.0,27.0,40.0,55.0,27.0,40.0,55.0,,40.0,0.8388318104906937,0.4194146362098139,0.8390717655796295,0.5315117701782148,87.0
T2,single_shot,self_test_repair,arrival_coin,perm,591,295,none,285.7444,244,betting,twosided_equal,0.025,0.025,0.025,0.1,10,20000,0.0,1.0,1.0,0.0,0.0,0.0,0.0,0.2872,1.0,27.0,39.0,55.0,27.0,39.0,55.0,,39.0,0.8421104060913706,0.4210505922165821,0.8423446234546296,0.5336096411283808,87.0
T2,single_shot,self_test_repair,arrival_coin,perm,591,295,none,285.7444,244,betting,twosided_equal,0.025,0.025,0.025,0.1,20,20000,0.0,1.0,1.0,0.0,0.0,0.0,0.0,0.2868,1.0,27.0,40.0,55.0,27.0,40.0,55.0,,40.0,0.8388318104906937,0.4194146362098139,0.8390717655796295,0.5315117701782148,87.0
T2,single_shot,self_test_repair,arrival_coin,perm,591,295,none,285.7444,244,betting,twosided_equal,0.025,0.025,0.025,0.15,10,20000,0.0,1.0,1.0,0.0,0.0,0.0,0.0,0.79775,1.0,27.0,39.0,55.0,27.0,39.0,55.0,,39.0,0.8421104060913706,0.4210505922165821,0.8423446234546296,0.5336096411283808,87.0
T2,single_shot,self_test_repair,arrival_coin,perm,591,295,none,285.7444,244,betting,twosided_equal,0.025,0.025,0.025,0.15,20,20000,0.0,1.0,1.0,0.0,0.0,0.0,0.0,0.79745,1.0,27.0,40.0,55.0,27.0,40.0,55.0,,40.0,0.8388318104906937,0.4194146362098139,0.8390717655796295,0.5315117701782148,87.0
T2,single_shot,self_test_repair,arrival_coin,perm,591,295,none,285.7444,244,betting,bonf3,0.0166666666666666,0.0166666666666666,0.0166666666666666,0.03,10,20000,0.0,1.0,1.0,0.0,0.0,0.0,0.0,0.0069,1.0,28.0,42.0,59.0,28.0,42.0,59.0,,42.0,0.8323087140439932,0.4161329949238578,0.8325065856596119,0.5273616224468674,93.0
T2,single_shot,self_test_repair,arrival_coin,perm,591,295,none,285.7444,244,betting,bonf3,0.0166666666666666,0.0166666666666666,0.0166666666666666,0.03,20,20000,0.0,1.0,1.0,0.0,0.0,0.0,0.0,0.00685,1.0,29.0,42.0,59.0,29.0,42.0,59.0,,42.0,0.8286153130287648,0.4142828257191201,0.8288051775369261,0.5249955086128038,93.0
T2,single_shot,self_test_repair,arrival_coin,perm,591,295,none,285.7444,244,betting,bonf3,0.0166666666666666,0.0166666666666666,0.0166666666666666,0.05,10,20000,0.0,1.0,1.0,0.0,0.0,0.0,0.0,0.02285,1.0,28.0,42.0,59.0,28.0,42.0,59.0,,42.0,0.8323087140439932,0.4161329949238578,0.8325065856596119,0.5273616224468674,93.0
T2,single_shot,self_test_repair,arrival_coin,perm,591,295,none,285.7444,244,betting,bonf3,0.0166666666666666,0.0166666666666666,0.0166666666666666,0.05,20,20000,0.0,1.0,1.0,0.0,0.0,0.0,0.0,0.02285,1.0,29.0,42.0,59.0,29.0,42.0,59.0,,42.0,0.8286153130287648,0.4142828257191201,0.8288051775369261,0.5249955086128038,93.0
T2,single_shot,self_test_repair,arrival_coin,perm,591,295,none,285.7444,244,betting,bonf3,0.0166666666666666,0.0166666666666666,0.0166666666666666,0.1,10,20000,0.0,1.0,1.0,0.0,0.0,0.0,0.0,0.2372,1.0,28.0,42.0,59.0,28.0,42.0,59.0,,42.0,0.8323087140439932,0.4161329949238578,0.8325065856596119,0.5273616224468674,93.0
T2,single_shot,self_test_repair,arrival_coin,perm,591,295,none,285.7444,244,betting,bonf3,0.0166666666666666,0.0166666666666666,0.0166666666666666,0.1,20,20000,0.0,1.0,1.0,0.0,0.0,0.0,0.0,0.2369,1.0,29.0,42.0,59.0,29.0,42.0,59.0,,42.0,0.8286153130287648,0.4142828257191201,0.8288051775369261,0.5249955086128038,93.0
T2,single_shot,self_test_repair,arrival_coin,perm,591,295,none,285.7444,244,betting,bonf3,0.0166666666666666,0.0166666666666666,0.0166666666666666,0.15,10,20000,0.0,1.0,1.0,0.0,0.0,0.0,0.0,0.7537,1.0,28.0,42.0,59.0,28.0,42.0,59.0,,42.0,0.8323087140439932,0.4161329949238578,0.8325065856596119,0.5273616224468674,93.0
T2,single_shot,self_test_repair,arrival_coin,perm,591,295,none,285.7444,244,betting,bonf3,0.0166666666666666,0.0166666666666666,0.0166666666666666,0.15,20,20000,0.0,1.0,1.0,0.0,0.0,0.0,0.0,0.75345,1.0,29.0,42.0,59.0,29.0,42.0,59.0,,42.0,0.8286153130287648,0.4142828257191201,0.8288051775369261,0.5249955086128038,93.0
T2,single_shot,self_test_repair,arrival_coin,perm,591,295,none,285.7444,244,normal_mixture,nosplit_iut,0.05,0.05,0.05,0.03,10,20000,0.0,1.0,1.0,0.0,0.0,0.0,0.0,0.0,1.0,55.0,64.0,76.0,55.0,64.0,76.0,,64.0,0.7566133671742808,0.3783245346869712,0.7568678054503738,0.4793762907828248,139.0
T2,single_shot,self_test_repair,arrival_coin,perm,591,295,none,285.7444,244,normal_mixture,nosplit_iut,0.05,0.05,0.05,0.03,20,20000,0.0,1.0,1.0,0.0,0.0,0.0,0.0,0.0,1.0,55.0,64.0,76.0,55.0,64.0,76.0,,64.0,0.7566133671742808,0.3783245346869712,0.7568678054503738,0.4793762907828248,139.0
T2,single_shot,self_test_repair,arrival_coin,perm,591,295,none,285.7444,244,normal_mixture,nosplit_iut,0.05,0.05,0.05,0.05,10,20000,0.0,1.0,1.0,0.0,0.0,0.0,0.0,0.0001,1.0,55.0,64.0,76.0,55.0,64.0,76.0,,64.0,0.7566133671742808,0.3783245346869712,0.7568678054503738,0.4793762907828248,139.0
T2,single_shot,self_test_repair,arrival_coin,perm,591,295,none,285.7444,244,normal_mixture,nosplit_iut,0.05,0.05,0.05,0.05,20,20000,0.0,1.0,1.0,0.0,0.0,0.0,0.0,0.0001,1.0,55.0,64.0,76.0,55.0,64.0,76.0,,64.0,0.7566133671742808,0.3783245346869712,0.7568678054503738,0.4793762907828248,139.0
T2,single_shot,self_test_repair,arrival_coin,perm,591,295,none,285.7444,244,normal_mixture,nosplit_iut,0.05,0.05,0.05,0.1,10,20000,0.0,1.0,1.0,0.0,0.0,0.0,0.0,0.0082,1.0,55.0,64.0,76.0,55.0,64.0,76.0,,64.0,0.7566133671742808,0.3783245346869712,0.7568678054503738,0.4793762907828248,139.0
T2,single_shot,self_test_repair,arrival_coin,perm,591,295,none,285.7444,244,normal_mixture,nosplit_iut,0.05,0.05,0.05,0.1,20,20000,0.0,1.0,1.0,0.0,0.0,0.0,0.0,0.0082,1.0,55.0,64.0,76.0,55.0,64.0,76.0,,64.0,0.7566133671742808,0.3783245346869712,0.7568678054503738,0.4793762907828248,139.0
T2,single_shot,self_test_repair,arrival_coin,perm,591,295,none,285.7444,244,normal_mixture,nosplit_iut,0.05,0.05,0.05,0.15,10,20000,0.0,1.0,1.0,0.0,0.0,0.0,0.0,0.1796,1.0,55.0,64.0,76.0,55.0,64.0,76.0,,64.0,0.7566133671742808,0.3783245346869712,0.7568678054503738,0.4793762907828248,139.0
T2,single_shot,self_test_repair,arrival_coin,perm,591,295,none,285.7444,244,normal_mixture,nosplit_iut,0.05,0.05,0.05,0.15,20,20000,0.0,1.0,1.0,0.0,0.0,0.0,0.0,0.1796,1.0,55.0,64.0,76.0,55.0,64.0,76.0,,64.0,0.7566133671742808,0.3783245346869712,0.7568678054503738,0.4793762907828248,139.0
T2,single_shot,self_test_repair,arrival_coin,perm,591,295,none,285.7444,244,normal_mixture,deploy_bonf2,0.025,0.025,0.05,0.03,10,20000,0.0,1.0,1.0,0.0,0.0,0.0,0.0,0.0,1.0,55.0,64.0,76.0,55.0,64.0,76.0,,64.0,0.7566133671742808,0.3783245346869712,0.7568678054503738,0.4793762907828248,139.0
T2,single_shot,self_test_repair,arrival_coin,perm,591,295,none,285.7444,244,normal_mixture,deploy_bonf2,0.025,0.025,0.05,0.03,20,20000,0.0,1.0,1.0,0.0,0.0,0.0,0.0,0.0,1.0,55.0,64.0,76.0,55.0,64.0,76.0,,64.0,0.7566133671742808,0.3783245346869712,0.7568678054503738,0.4793762907828248,139.0
T2,single_shot,self_test_repair,arrival_coin,perm,591,295,none,285.7444,244,normal_mixture,deploy_bonf2,0.025,0.025,0.05,0.05,10,20000,0.0,1.0,1.0,0.0,0.0,0.0,0.0,0.0,1.0,55.0,64.0,76.0,55.0,64.0,76.0,,64.0,0.7566133671742808,0.3783245346869712,0.7568678054503738,0.4793762907828248,139.0
T2,single_shot,self_test_repair,arrival_coin,perm,591,295,none,285.7444,244,normal_mixture,deploy_bonf2,0.025,0.025,0.05,0.05,20,20000,0.0,1.0,1.0,0.0,0.0,0.0,0.0,0.0,1.0,55.0,64.0,76.0,55.0,64.0,76.0,,64.0,0.7566133671742808,0.3783245346869712,0.7568678054503738,0.4793762907828248,139.0
T2,single_shot,self_test_repair,arrival_coin,perm,591,295,none,285.7444,244,normal_mixture,deploy_bonf2,0.025,0.025,0.05,0.1,10,20000,0.0,1.0,1.0,0.0,0.0,0.0,0.0,0.0019,1.0,55.0,64.0,76.0,55.0,64.0,76.0,,64.0,0.7566133671742808,0.3783245346869712,0.7568678054503738,0.4793762907828248,139.0
T2,single_shot,self_test_repair,arrival_coin,perm,591,295,none,285.7444,244,normal_mixture,deploy_bonf2,0.025,0.025,0.05,0.1,20,20000,0.0,1.0,1.0,0.0,0.0,0.0,0.0,0.0019,1.0,55.0,64.0,76.0,55.0,64.0,76.0,,64.0,0.7566133671742808,0.3783245346869712,0.7568678054503738,0.4793762907828248,139.0
T2,single_shot,self_test_repair,arrival_coin,perm,591,295,none,285.7444,244,normal_mixture,deploy_bonf2,0.025,0.025,0.05,0.15,10,20000,0.0,1.0,1.0,0.0,0.0,0.0,0.0,0.0776,1.0,55.0,64.0,76.0,55.0,64.0,76.0,,64.0,0.7566133671742808,0.3783245346869712,0.7568678054503738,0.4793762907828248,139.0
T2,single_shot,self_test_repair,arrival_coin,perm,591,295,none,285.7444,244,normal_mixture,deploy_bonf2,0.025,0.025,0.05,0.15,20,20000,0.0,1.0,1.0,0.0,0.0,0.0,0.0,0.0776,1.0,55.0,64.0,76.0,55.0,64.0,76.0,,64.0,0.7566133671742808,0.3783245346869712,0.7568678054503738,0.4793762907828248,139.0
T2,single_shot,self_test_repair,arrival_coin,perm,591,295,none,285.7444,244,normal_mixture,twosided_equal,0.025,0.025,0.025,0.03,10,20000,0.0,1.0,1.0,0.0,0.0,0.0,0.0,0.0,1.0,62.0,74.0,86.0,62.0,74.0,86.0,,74.0,0.7258499153976311,0.3629366328257191,0.7260831048973206,0.4598798845473865,158.0
T2,single_shot,self_test_repair,arrival_coin,perm,591,295,none,285.7444,244,normal_mixture,twosided_equal,0.025,0.025,0.025,0.03,20,20000,0.0,1.0,1.0,0.0,0.0,0.0,0.0,0.0,1.0,62.0,74.0,86.0,62.0,74.0,86.0,,74.0,0.7258499153976311,0.3629366328257191,0.7260831048973206,0.4598798845473865,158.0
T2,single_shot,self_test_repair,arrival_coin,perm,591,295,none,285.7444,244,normal_mixture,twosided_equal,0.025,0.025,0.025,0.05,10,20000,0.0,1.0,1.0,0.0,0.0,0.0,0.0,0.0,1.0,62.0,74.0,86.0,62.0,74.0,86.0,,74.0,0.7258499153976311,0.3629366328257191,0.7260831048973206,0.4598798845473865,158.0
T2,single_shot,self_test_repair,arrival_coin,perm,591,295,none,285.7444,244,normal_mixture,twosided_equal,0.025,0.025,0.025,0.05,20,20000,0.0,1.0,1.0,0.0,0.0,0.0,0.0,0.0,1.0,62.0,74.0,86.0,62.0,74.0,86.0,,74.0,0.7258499153976311,0.3629366328257191,0.7260831048973206,0.4598798845473865,158.0
T2,single_shot,self_test_repair,arrival_coin,perm,591,295,none,285.7444,244,normal_mixture,twosided_equal,0.025,0.025,0.025,0.1,10,20000,0.0,1.0,1.0,0.0,0.0,0.0,0.0,0.0019,1.0,62.0,74.0,86.0,62.0,74.0,86.0,,74.0,0.7258499153976311,0.3629366328257191,0.7260831048973206,0.4598798845473865,158.0
T2,single_shot,self_test_repair,arrival_coin,perm,591,295,none,285.7444,244,normal_mixture,twosided_equal,0.025,0.025,0.025,0.1,20,20000,0.0,1.0,1.0,0.0,0.0,0.0,0.0,0.0019,1.0,62.0,74.0,86.0,62.0,74.0,86.0,,74.0,0.7258499153976311,0.3629366328257191,0.7260831048973206,0.4598798845473865,158.0
T2,single_shot,self_test_repair,arrival_coin,perm,591,295,none,285.7444,244,normal_mixture,twosided_equal,0.025,0.025,0.025,0.15,10,20000,0.0,1.0,1.0,0.0,0.0,0.0,0.0,0.0776,1.0,62.0,74.0,86.0,62.0,74.0,86.0,,74.0,0.7258499153976311,0.3629366328257191,0.7260831048973206,0.4598798845473865,158.0
T2,single_shot,self_test_repair,arrival_coin,perm,591,295,none,285.7444,244,normal_mixture,twosided_equal,0.025,0.025,0.025,0.15,20,20000,0.0,1.0,1.0,0.0,0.0,0.0,0.0,0.0776,1.0,62.0,74.0,86.0,62.0,74.0,86.0,,74.0,0.7258499153976311,0.3629366328257191,0.7260831048973206,0.4598798845473865,158.0
T2,single_shot,self_test_repair,arrival_coin,perm,591,295,none,285.7444,244,normal_mixture,bonf3,0.0166666666666666,0.0166666666666666,0.0166666666666666,0.03,10,20000,0.0,1.0,1.0,0.0,0.0,0.0,0.0,0.0,1.0,66.0,78.0,90.0,66.0,78.0,90.0,,78.0,0.7087855329949239,0.3544269035532995,0.7090587262782543,0.4490615868627854,168.0
T2,single_shot,self_test_repair,arrival_coin,perm,591,295,none,285.7444,244,normal_mixture,bonf3,0.0166666666666666,0.0166666666666666,0.0166666666666666,0.03,20,20000,0.0,1.0,1.0,0.0,0.0,0.0,0.0,0.0,1.0,66.0,78.0,90.0,66.0,78.0,90.0,,78.0,0.7087855329949239,0.3544269035532995,0.7090587262782543,0.4490615868627854,168.0
T2,single_shot,self_test_repair,arrival_coin,perm,591,295,none,285.7444,244,normal_mixture,bonf3,0.0166666666666666,0.0166666666666666,0.0166666666666666,0.05,10,20000,0.0,1.0,1.0,0.0,0.0,0.0,0.0,0.0,1.0,66.0,78.0,90.0,66.0,78.0,90.0,,78.0,0.7087855329949239,0.3544269035532995,0.7090587262782543,0.4490615868627854,168.0
T2,single_shot,self_test_repair,arrival_coin,perm,591,295,none,285.7444,244,normal_mixture,bonf3,0.0166666666666666,0.0166666666666666,0.0166666666666666,0.05,20,20000,0.0,1.0,1.0,0.0,0.0,0.0,0.0,0.0,1.0,66.0,78.0,90.0,66.0,78.0,90.0,,78.0,0.7087855329949239,0.3544269035532995,0.7090587262782543,0.4490615868627854,168.0
T2,single_shot,self_test_repair,arrival_coin,perm,591,295,none,285.7444,244,normal_mixture,bonf3,0.0166666666666666,0.0166666666666666,0.0166666666666666,0.1,10,20000,0.0,1.0,1.0,0.0,0.0,0.0,0.0,0.0006,1.0,66.0,78.0,90.0,66.0,78.0,90.0,,78.0,0.7087855329949239,0.3544269035532995,0.7090587262782543,0.4490615868627854,168.0
T2,single_shot,self_test_repair,arrival_coin,perm,591,295,none,285.7444,244,normal_mixture,bonf3,0.0166666666666666,0.0166666666666666,0.0166666666666666,0.1,20,20000,0.0,1.0,1.0,0.0,0.0,0.0,0.0,0.0006,1.0,66.0,78.0,90.0,66.0,78.0,90.0,,78.0,0.7087855329949239,0.3544269035532995,0.7090587262782543,0.4490615868627854,168.0
T2,single_shot,self_test_repair,arrival_coin,perm,591,295,none,285.7444,244,normal_mixture,bonf3,0.0166666666666666,0.0166666666666666,0.0166666666666666,0.15,10,20000,0.0,1.0,1.0,0.0,0.0,0.0,0.0,0.04195,1.0,66.0,78.0,90.0,66.0,78.0,90.0,,78.0,0.7087855329949239,0.3544269035532995,0.7090587262782543,0.4490615868627854,168.0
T2,single_shot,self_test_repair,arrival_coin,perm,591,295,none,285.7444,244,normal_mixture,bonf3,0.0166666666666666,0.0166666666666666,0.0166666666666666,0.15,20,20000,0.0,1.0,1.0,0.0,0.0,0.0,0.0,0.04195,1.0,66.0,78.0,90.0,66.0,78.0,90.0,,78.0,0.7087855329949239,0.3544269035532995,0.7090587262782543,0.4490615868627854,168.0
T2,single_shot,self_test_repair,arrival_coin,boot,591,295,none,285.7497,243,betting,nosplit_iut,0.05,0.05,0.05,0.03,10,20000,0.0,1.0,1.0,0.0,0.0,0.0,0.0,0.0276,1.0,22.0,34.0,48.0,22.0,34.0,48.0,,34.0,0.8607009306260575,0.4302572758037225,0.860661198955558,0.5450667299502918,76.0
T2,single_shot,self_test_repair,arrival_coin,boot,591,295,none,285.7497,243,betting,nosplit_iut,0.05,0.05,0.05,0.03,20,20000,0.0,1.0,1.0,0.0,0.0,0.0,0.0,0.02735,1.0,24.0,35.0,49.0,24.0,35.0,49.0,,35.0,0.8541357021996616,0.4269769035532995,0.854099336384389,0.5408973521864738,78.0
T2,single_shot,self_test_repair,arrival_coin,boot,591,295,none,285.7497,243,betting,nosplit_iut,0.05,0.05,0.05,0.05,10,20000,0.0,1.0,1.0,0.0,0.0,0.0,0.0,0.07125,1.0,22.0,34.0,48.0,22.0,34.0,48.0,,34.0,0.8607009306260575,0.4302572758037225,0.860661198955558,0.5450667299502918,76.0
T2,single_shot,self_test_repair,arrival_coin,boot,591,295,none,285.7497,243,betting,nosplit_iut,0.05,0.05,0.05,0.05,20,20000,0.0,1.0,1.0,0.0,0.0,0.0,0.0,0.0705,1.0,24.0,35.0,49.0,24.0,35.0,49.0,,35.0,0.8541357021996616,0.4269769035532995,0.854099336384389,0.5408973521864738,78.0
T2,single_shot,self_test_repair,arrival_coin,boot,591,295,none,285.7497,243,betting,nosplit_iut,0.05,0.05,0.05,0.1,10,20000,0.0,1.0,1.0,0.0,0.0,0.0,0.0,0.4003,1.0,22.0,34.0,48.0,22.0,34.0,48.0,,34.0,0.8607009306260575,0.4302572758037225,0.860661198955558,0.5450667299502918,76.0
T2,single_shot,self_test_repair,arrival_coin,boot,591,295,none,285.7497,243,betting,nosplit_iut,0.05,0.05,0.05,0.1,20,20000,0.0,1.0,1.0,0.0,0.0,0.0,0.0,0.39955,1.0,24.0,35.0,49.0,24.0,35.0,49.0,,35.0,0.8541357021996616,0.4269769035532995,0.854099336384389,0.5408973521864738,78.0
T2,single_shot,self_test_repair,arrival_coin,boot,591,295,none,285.7497,243,betting,nosplit_iut,0.05,0.05,0.05,0.15,10,20000,0.0,1.0,1.0,0.0,0.0,0.0,0.0,0.85145,1.0,22.0,34.0,48.0,22.0,34.0,48.0,,34.0,0.8607009306260575,0.4302572758037225,0.860661198955558,0.5450667299502918,76.0
T2,single_shot,self_test_repair,arrival_coin,boot,591,295,none,285.7497,243,betting,nosplit_iut,0.05,0.05,0.05,0.15,20,20000,0.0,1.0,1.0,0.0,0.0,0.0,0.0,0.8509,1.0,24.0,35.0,49.0,24.0,35.0,49.0,,35.0,0.8541357021996616,0.4269769035532995,0.854099336384389,0.5408973521864738,78.0
T2,single_shot,self_test_repair,arrival_coin,boot,591,295,none,285.7497,243,betting,deploy_bonf2,0.025,0.025,0.05,0.03,10,20000,0.0,1.0,1.0,0.0,0.0,0.0,0.0,0.01375,1.0,22.0,34.0,48.0,22.0,34.0,48.0,,34.0,0.8607009306260575,0.4302572758037225,0.860661198955558,0.5450667299502918,76.0
T2,single_shot,self_test_repair,arrival_coin,boot,591,295,none,285.7497,243,betting,deploy_bonf2,0.025,0.025,0.05,0.03,20,20000,0.0,1.0,1.0,0.0,0.0,0.0,0.0,0.01365,1.0,24.0,35.0,49.0,24.0,35.0,49.0,,35.0,0.8541357021996616,0.4269769035532995,0.854099336384389,0.5408973521864738,78.0
T2,single_shot,self_test_repair,arrival_coin,boot,591,295,none,285.7497,243,betting,deploy_bonf2,0.025,0.025,0.05,0.05,10,20000,0.0,1.0,1.0,0.0,0.0,0.0,0.0,0.041,1.0,22.0,34.0,48.0,22.0,34.0,48.0,,34.0,0.8607009306260575,0.4302572758037225,0.860661198955558,0.5450667299502918,76.0
T2,single_shot,self_test_repair,arrival_coin,boot,591,295,none,285.7497,243,betting,deploy_bonf2,0.025,0.025,0.05,0.05,20,20000,0.0,1.0,1.0,0.0,0.0,0.0,0.0,0.0407,1.0,24.0,35.0,49.0,24.0,35.0,49.0,,35.0,0.8541357021996616,0.4269769035532995,0.854099336384389,0.5408973521864738,78.0
T2,single_shot,self_test_repair,arrival_coin,boot,591,295,none,285.7497,243,betting,deploy_bonf2,0.025,0.025,0.05,0.1,10,20000,0.0,1.0,1.0,0.0,0.0,0.0,0.0,0.30365,1.0,22.0,34.0,48.0,22.0,34.0,48.0,,34.0,0.8607009306260575,0.4302572758037225,0.860661198955558,0.5450667299502918,76.0
T2,single_shot,self_test_repair,arrival_coin,boot,591,295,none,285.7497,243,betting,deploy_bonf2,0.025,0.025,0.05,0.1,20,20000,0.0,1.0,1.0,0.0,0.0,0.0,0.0,0.30325,1.0,24.0,35.0,49.0,24.0,35.0,49.0,,35.0,0.8541357021996616,0.4269769035532995,0.854099336384389,0.5408973521864738,78.0
T2,single_shot,self_test_repair,arrival_coin,boot,591,295,none,285.7497,243,betting,deploy_bonf2,0.025,0.025,0.05,0.15,10,20000,0.0,1.0,1.0,0.0,0.0,0.0,0.0,0.78425,1.0,22.0,34.0,48.0,22.0,34.0,48.0,,34.0,0.8607009306260575,0.4302572758037225,0.860661198955558,0.5450667299502918,76.0
T2,single_shot,self_test_repair,arrival_coin,boot,591,295,none,285.7497,243,betting,deploy_bonf2,0.025,0.025,0.05,0.15,20,20000,0.0,1.0,1.0,0.0,0.0,0.0,0.0,0.7838,1.0,24.0,35.0,49.0,24.0,35.0,49.0,,35.0,0.8541357021996616,0.4269769035532995,0.854099336384389,0.5408973521864738,78.0
T2,single_shot,self_test_repair,arrival_coin,boot,591,295,none,285.7497,243,betting,twosided_equal,0.025,0.025,0.025,0.03,10,20000,0.0,1.0,1.0,0.0,0.0,0.0,0.0,0.01375,1.0,27.0,39.0,54.0,27.0,39.0,54.0,,39.0,0.8407757191201354,0.4203032148900169,0.8407496844216942,0.5324476644454682,87.0
T2,single_shot,self_test_repair,arrival_coin,boot,591,295,none,285.7497,243,betting,twosided_equal,0.025,0.025,0.025,0.03,20,20000,0.0,1.0,1.0,0.0,0.0,0.0,0.0,0.01365,1.0,28.0,40.0,55.0,28.0,40.0,55.0,,40.0,0.8374353637901861,0.4186268189509306,0.8373963211667368,0.5303062504004105,87.0
T2,single_shot,self_test_repair,arrival_coin,boot,591,295,none,285.7497,243,betting,twosided_equal,0.025,0.025,0.025,0.05,10,20000,0.0,1.0,1.0,0.0,0.0,0.0,0.0,0.041,1.0,27.0,39.0,54.0,27.0,39.0,54.0,,39.0,0.8407757191201354,0.4203032148900169,0.8407496844216942,0.5324476644454682,87.0
T2,single_shot,self_test_repair,arrival_coin,boot,591,295,none,285.7497,243,betting,twosided_equal,0.025,0.025,0.025,0.05,20,20000,0.0,1.0,1.0,0.0,0.0,0.0,0.0,0.0407,1.0,28.0,40.0,55.0,28.0,40.0,55.0,,40.0,0.8374353637901861,0.4186268189509306,0.8373963211667368,0.5303062504004105,87.0
T2,single_shot,self_test_repair,arrival_coin,boot,591,295,none,285.7497,243,betting,twosided_equal,0.025,0.025,0.025,0.1,10,20000,0.0,1.0,1.0,0.0,0.0,0.0,0.0,0.30365,1.0,27.0,39.0,54.0,27.0,39.0,54.0,,39.0,0.8407757191201354,0.4203032148900169,0.8407496844216942,0.5324476644454682,87.0
T2,single_shot,self_test_repair,arrival_coin,boot,591,295,none,285.7497,243,betting,twosided_equal,0.025,0.025,0.025,0.1,20,20000,0.0,1.0,1.0,0.0,0.0,0.0,0.0,0.30325,1.0,28.0,40.0,55.0,28.0,40.0,55.0,,40.0,0.8374353637901861,0.4186268189509306,0.8373963211667368,0.5303062504004105,87.0
T2,single_shot,self_test_repair,arrival_coin,boot,591,295,none,285.7497,243,betting,twosided_equal,0.025,0.025,0.025,0.15,10,20000,0.0,1.0,1.0,0.0,0.0,0.0,0.0,0.78425,1.0,27.0,39.0,54.0,27.0,39.0,54.0,,39.0,0.8407757191201354,0.4203032148900169,0.8407496844216942,0.5324476644454682,87.0
T2,single_shot,self_test_repair,arrival_coin,boot,591,295,none,285.7497,243,betting,twosided_equal,0.025,0.025,0.025,0.15,20,20000,0.0,1.0,1.0,0.0,0.0,0.0,0.0,0.7838,1.0,28.0,40.0,55.0,28.0,40.0,55.0,,40.0,0.8374353637901861,0.4186268189509306,0.8373963211667368,0.5303062504004105,87.0
T2,single_shot,self_test_repair,arrival_coin,boot,591,295,none,285.7497,243,betting,bonf3,0.0166666666666666,0.0166666666666666,0.0166666666666666,0.03,10,20000,0.0,1.0,1.0,0.0,0.0,0.0,0.0,0.009,1.0,28.0,42.0,59.0,28.0,42.0,59.0,,42.0,0.8310751269035532,0.415450592216582,0.8310427851243011,0.5263065023795633,93.0
T2,single_shot,self_test_repair,arrival_coin,boot,591,295,none,285.7497,243,betting,bonf3,0.0166666666666666,0.0166666666666666,0.0166666666666666,0.03,20,20000,0.0,1.0,1.0,0.0,0.0,0.0,0.0,0.0089,1.0,29.0,42.0,59.0,29.0,42.0,59.0,,42.0,0.8273612521150593,0.4135844331641286,0.82730983096443,0.5239269902281338,94.0
T2,single_shot,self_test_repair,arrival_coin,boot,591,295,none,285.7497,243,betting,bonf3,0.0166666666666666,0.0166666666666666,0.0166666666666666,0.05,10,20000,0.0,1.0,1.0,0.0,0.0,0.0,0.0,0.02945,1.0,28.0,42.0,59.0,28.0,42.0,59.0,,42.0,0.8310751269035532,0.415450592216582,0.8310427851243011,0.5263065023795633,93.0
T2,single_shot,self_test_repair,arrival_coin,boot,591,295,none,285.7497,243,betting,bonf3,0.0166666666666666,0.0166666666666666,0.0166666666666666,0.05,20,20000,0.0,1.0,1.0,0.0,0.0,0.0,0.0,0.02935,1.0,29.0,42.0,59.0,29.0,42.0,59.0,,42.0,0.8273612521150593,0.4135844331641286,0.82730983096443,0.5239269902281338,94.0
T2,single_shot,self_test_repair,arrival_coin,boot,591,295,none,285.7497,243,betting,bonf3,0.0166666666666666,0.0166666666666666,0.0166666666666666,0.1,10,20000,0.0,1.0,1.0,0.0,0.0,0.0,0.0,0.25945,1.0,28.0,42.0,59.0,28.0,42.0,59.0,,42.0,0.8310751269035532,0.415450592216582,0.8310427851243011,0.5263065023795633,93.0
T2,single_shot,self_test_repair,arrival_coin,boot,591,295,none,285.7497,243,betting,bonf3,0.0166666666666666,0.0166666666666666,0.0166666666666666,0.1,20,20000,0.0,1.0,1.0,0.0,0.0,0.0,0.0,0.25905,1.0,29.0,42.0,59.0,29.0,42.0,59.0,,42.0,0.8273612521150593,0.4135844331641286,0.82730983096443,0.5239269902281338,94.0
T2,single_shot,self_test_repair,arrival_coin,boot,591,295,none,285.7497,243,betting,bonf3,0.0166666666666666,0.0166666666666666,0.0166666666666666,0.15,10,20000,0.0,1.0,1.0,0.0,0.0,0.0,0.0,0.7407,1.0,28.0,42.0,59.0,28.0,42.0,59.0,,42.0,0.8310751269035532,0.415450592216582,0.8310427851243011,0.5263065023795633,93.0
T2,single_shot,self_test_repair,arrival_coin,boot,591,295,none,285.7497,243,betting,bonf3,0.0166666666666666,0.0166666666666666,0.0166666666666666,0.15,20,20000,0.0,1.0,1.0,0.0,0.0,0.0,0.0,0.74035,1.0,29.0,42.0,59.0,29.0,42.0,59.0,,42.0,0.8273612521150593,0.4135844331641286,0.82730983096443,0.5239269902281338,94.0
T2,single_shot,self_test_repair,arrival_coin,boot,591,295,none,285.7497,243,normal_mixture,nosplit_iut,0.05,0.05,0.05,0.03,10,20000,0.0,1.0,1.0,0.0,0.0,0.0,0.0,0.0,1.0,55.0,65.0,76.0,55.0,65.0,76.0,,65.0,0.7556219966159052,0.3777346869712352,0.7555981196796137,0.4785602060695675,139.0
T2,single_shot,self_test_repair,arrival_coin,boot,591,295,none,285.7497,243,normal_mixture,nosplit_iut,0.05,0.05,0.05,0.03,20,20000,0.0,1.0,1.0,0.0,0.0,0.0,0.0,0.0,1.0,55.0,65.0,76.0,55.0,65.0,76.0,,65.0,0.7556219966159052,0.3777346869712352,0.7555981196796137,0.4785602060695675,139.0
T2,single_shot,self_test_repair,arrival_coin,boot,591,295,none,285.7497,243,normal_mixture,nosplit_iut,0.05,0.05,0.05,0.05,10,20000,0.0,1.0,1.0,0.0,0.0,0.0,0.0,0.00015,1.0,55.0,65.0,76.0,55.0,65.0,76.0,,65.0,0.7556219966159052,0.3777346869712352,0.7555981196796137,0.4785602060695675,139.0
T2,single_shot,self_test_repair,arrival_coin,boot,591,295,none,285.7497,243,normal_mixture,nosplit_iut,0.05,0.05,0.05,0.05,20,20000,0.0,1.0,1.0,0.0,0.0,0.0,0.0,0.00015,1.0,55.0,65.0,76.0,55.0,65.0,76.0,,65.0,0.7556219966159052,0.3777346869712352,0.7555981196796137,0.4785602060695675,139.0
T2,single_shot,self_test_repair,arrival_coin,boot,591,295,none,285.7497,243,normal_mixture,nosplit_iut,0.05,0.05,0.05,0.1,10,20000,0.0,1.0,1.0,0.0,0.0,0.0,0.0,0.01455,1.0,55.0,65.0,76.0,55.0,65.0,76.0,,65.0,0.7556219966159052,0.3777346869712352,0.7555981196796137,0.4785602060695675,139.0
T2,single_shot,self_test_repair,arrival_coin,boot,591,295,none,285.7497,243,normal_mixture,nosplit_iut,0.05,0.05,0.05,0.1,20,20000,0.0,1.0,1.0,0.0,0.0,0.0,0.0,0.01455,1.0,55.0,65.0,76.0,55.0,65.0,76.0,,65.0,0.7556219966159052,0.3777346869712352,0.7555981196796137,0.4785602060695675,139.0
T2,single_shot,self_test_repair,arrival_coin,boot,591,295,none,285.7497,243,normal_mixture,nosplit_iut,0.05,0.05,0.05,0.15,10,20000,0.0,1.0,1.0,0.0,0.0,0.0,0.0,0.20445,1.0,55.0,65.0,76.0,55.0,65.0,76.0,,65.0,0.7556219966159052,0.3777346869712352,0.7555981196796137,0.4785602060695675,139.0
T2,single_shot,self_test_repair,arrival_coin,boot,591,295,none,285.7497,243,normal_mixture,nosplit_iut,0.05,0.05,0.05,0.15,20,20000,0.0,1.0,1.0,0.0,0.0,0.0,0.0,0.20445,1.0,55.0,65.0,76.0,55.0,65.0,76.0,,65.0,0.7556219966159052,0.3777346869712352,0.7555981196796137,0.4785602060695675,139.0
T2,single_shot,self_test_repair,arrival_coin,boot,591,295,none,285.7497,243,normal_mixture,deploy_bonf2,0.025,0.025,0.05,0.03,10,20000,0.0,1.0,1.0,0.0,0.0,0.0,0.0,0.0,1.0,55.0,65.0,76.0,55.0,65.0,76.0,,65.0,0.7556219966159052,0.3777346869712352,0.7555981196796137,0.4785602060695675,139.0
T2,single_shot,self_test_repair,arrival_coin,boot,591,295,none,285.7497,243,normal_mixture,deploy_bonf2,0.025,0.025,0.05,0.03,20,20000,0.0,1.0,1.0,0.0,0.0,0.0,0.0,0.0,1.0,55.0,65.0,76.0,55.0,65.0,76.0,,65.0,0.7556219966159052,0.3777346869712352,0.7555981196796137,0.4785602060695675,139.0
T2,single_shot,self_test_repair,arrival_coin,boot,591,295,none,285.7497,243,normal_mixture,deploy_bonf2,0.025,0.025,0.05,0.05,10,20000,0.0,1.0,1.0,0.0,0.0,0.0,0.0,0.0,1.0,55.0,65.0,76.0,55.0,65.0,76.0,,65.0,0.7556219966159052,0.3777346869712352,0.7555981196796137,0.4785602060695675,139.0
T2,single_shot,self_test_repair,arrival_coin,boot,591,295,none,285.7497,243,normal_mixture,deploy_bonf2,0.025,0.025,0.05,0.05,20,20000,0.0,1.0,1.0,0.0,0.0,0.0,0.0,0.0,1.0,55.0,65.0,76.0,55.0,65.0,76.0,,65.0,0.7556219966159052,0.3777346869712352,0.7555981196796137,0.4785602060695675,139.0
T2,single_shot,self_test_repair,arrival_coin,boot,591,295,none,285.7497,243,normal_mixture,deploy_bonf2,0.025,0.025,0.05,0.1,10,20000,0.0,1.0,1.0,0.0,0.0,0.0,0.0,0.0041,1.0,55.0,65.0,76.0,55.0,65.0,76.0,,65.0,0.7556219966159052,0.3777346869712352,0.7555981196796137,0.4785602060695675,139.0
T2,single_shot,self_test_repair,arrival_coin,boot,591,295,none,285.7497,243,normal_mixture,deploy_bonf2,0.025,0.025,0.05,0.1,20,20000,0.0,1.0,1.0,0.0,0.0,0.0,0.0,0.0041,1.0,55.0,65.0,76.0,55.0,65.0,76.0,,65.0,0.7556219966159052,0.3777346869712352,0.7555981196796137,0.4785602060695675,139.0
T2,single_shot,self_test_repair,arrival_coin,boot,591,295,none,285.7497,243,normal_mixture,deploy_bonf2,0.025,0.025,0.05,0.15,10,20000,0.0,1.0,1.0,0.0,0.0,0.0,0.0,0.09825,1.0,55.0,65.0,76.0,55.0,65.0,76.0,,65.0,0.7556219966159052,0.3777346869712352,0.7555981196796137,0.4785602060695675,139.0
T2,single_shot,self_test_repair,arrival_coin,boot,591,295,none,285.7497,243,normal_mixture,deploy_bonf2,0.025,0.025,0.05,0.15,20,20000,0.0,1.0,1.0,0.0,0.0,0.0,0.0,0.09825,1.0,55.0,65.0,76.0,55.0,65.0,76.0,,65.0,0.7556219966159052,0.3777346869712352,0.7555981196796137,0.4785602060695675,139.0
T2,single_shot,self_test_repair,arrival_coin,boot,591,295,none,285.7497,243,normal_mixture,twosided_equal,0.025,0.025,0.025,0.03,10,20000,0.0,1.0,1.0,0.0,0.0,0.0,0.0,0.0,1.0,62.0,74.0,87.0,62.0,74.0,87.0,,74.0,0.7244844331641286,0.3621598984771573,0.7244432342363579,0.4587504373164832,158.0
T2,single_shot,self_test_repair,arrival_coin,boot,591,295,none,285.7497,243,normal_mixture,twosided_equal,0.025,0.025,0.025,0.03,20,20000,0.0,1.0,1.0,0.0,0.0,0.0,0.0,0.0,1.0,62.0,74.0,87.0,62.0,74.0,87.0,,74.0,0.7244844331641286,0.3621598984771573,0.7244432342363579,0.4587504373164832,158.0
T2,single_shot,self_test_repair,arrival_coin,boot,591,295,none,285.7497,243,normal_mixture,twosided_equal,0.025,0.025,0.025,0.05,10,20000,0.0,1.0,1.0,0.0,0.0,0.0,0.0,0.0,1.0,62.0,74.0,87.0,62.0,74.0,87.0,,74.0,0.7244844331641286,0.3621598984771573,0.7244432342363579,0.4587504373164832,158.0
T2,single_shot,self_test_repair,arrival_coin,boot,591,295,none,285.7497,243,normal_mixture,twosided_equal,0.025,0.025,0.025,0.05,20,20000,0.0,1.0,1.0,0.0,0.0,0.0,0.0,0.0,1.0,62.0,74.0,87.0,62.0,74.0,87.0,,74.0,0.7244844331641286,0.3621598984771573,0.7244432342363579,0.4587504373164832,158.0
T2,single_shot,self_test_repair,arrival_coin,boot,591,295,none,285.7497,243,normal_mixture,twosided_equal,0.025,0.025,0.025,0.1,10,20000,0.0,1.0,1.0,0.0,0.0,0.0,0.0,0.0041,1.0,62.0,74.0,87.0,62.0,74.0,87.0,,74.0,0.7244844331641286,0.3621598984771573,0.7244432342363579,0.4587504373164832,158.0
T2,single_shot,self_test_repair,arrival_coin,boot,591,295,none,285.7497,243,normal_mixture,twosided_equal,0.025,0.025,0.025,0.1,20,20000,0.0,1.0,1.0,0.0,0.0,0.0,0.0,0.0041,1.0,62.0,74.0,87.0,62.0,74.0,87.0,,74.0,0.7244844331641286,0.3621598984771573,0.7244432342363579,0.4587504373164832,158.0
T2,single_shot,self_test_repair,arrival_coin,boot,591,295,none,285.7497,243,normal_mixture,twosided_equal,0.025,0.025,0.025,0.15,10,20000,0.0,1.0,1.0,0.0,0.0,0.0,0.0,0.09825,1.0,62.0,74.0,87.0,62.0,74.0,87.0,,74.0,0.7244844331641286,0.3621598984771573,0.7244432342363579,0.4587504373164832,158.0
T2,single_shot,self_test_repair,arrival_coin,boot,591,295,none,285.7497,243,normal_mixture,twosided_equal,0.025,0.025,0.025,0.15,20,20000,0.0,1.0,1.0,0.0,0.0,0.0,0.0,0.09825,1.0,62.0,74.0,87.0,62.0,74.0,87.0,,74.0,0.7244844331641286,0.3621598984771573,0.7244432342363579,0.4587504373164832,158.0
T2,single_shot,self_test_repair,arrival_coin,boot,591,295,none,285.7497,243,normal_mixture,bonf3,0.0166666666666666,0.0166666666666666,0.0166666666666666,0.03,10,20000,0.0,1.0,1.0,0.0,0.0,0.0,0.0,0.0,1.0,66.0,79.0,92.0,66.0,79.0,92.0,,79.0,0.7072532994923858,0.3535553299492386,0.7072311644302167,0.4478732121091192,168.0
T2,single_shot,self_test_repair,arrival_coin,boot,591,295,none,285.7497,243,normal_mixture,bonf3,0.0166666666666666,0.0166666666666666,0.0166666666666666,0.03,20,20000,0.0,1.0,1.0,0.0,0.0,0.0,0.0,0.0,1.0,66.0,79.0,92.0,66.0,79.0,92.0,,79.0,0.7072532994923858,0.3535553299492386,0.7072311644302167,0.4478732121091192,168.0
T2,single_shot,self_test_repair,arrival_coin,boot,591,295,none,285.7497,243,normal_mixture,bonf3,0.0166666666666666,0.0166666666666666,0.0166666666666666,0.05,10,20000,0.0,1.0,1.0,0.0,0.0,0.0,0.0,0.0,1.0,66.0,79.0,92.0,66.0,79.0,92.0,,79.0,0.7072532994923858,0.3535553299492386,0.7072311644302167,0.4478732121091192,168.0
T2,single_shot,self_test_repair,arrival_coin,boot,591,295,none,285.7497,243,normal_mixture,bonf3,0.0166666666666666,0.0166666666666666,0.0166666666666666,0.05,20,20000,0.0,1.0,1.0,0.0,0.0,0.0,0.0,0.0,1.0,66.0,79.0,92.0,66.0,79.0,92.0,,79.0,0.7072532994923858,0.3535553299492386,0.7072311644302167,0.4478732121091192,168.0
T2,single_shot,self_test_repair,arrival_coin,boot,591,295,none,285.7497,243,normal_mixture,bonf3,0.0166666666666666,0.0166666666666666,0.0166666666666666,0.1,10,20000,0.0,1.0,1.0,0.0,0.0,0.0,0.0,0.0016,1.0,66.0,79.0,92.0,66.0,79.0,92.0,,79.0,0.7072532994923858,0.3535553299492386,0.7072311644302167,0.4478732121091192,168.0
T2,single_shot,self_test_repair,arrival_coin,boot,591,295,none,285.7497,243,normal_mixture,bonf3,0.0166666666666666,0.0166666666666666,0.0166666666666666,0.1,20,20000,0.0,1.0,1.0,0.0,0.0,0.0,0.0,0.0016,1.0,66.0,79.0,92.0,66.0,79.0,92.0,,79.0,0.7072532994923858,0.3535553299492386,0.7072311644302167,0.4478732121091192,168.0
T2,single_shot,self_test_repair,arrival_coin,boot,591,295,none,285.7497,243,normal_mixture,bonf3,0.0166666666666666,0.0166666666666666,0.0166666666666666,0.15,10,20000,0.0,1.0,1.0,0.0,0.0,0.0,0.0,0.05985,1.0,66.0,79.0,92.0,66.0,79.0,92.0,,79.0,0.7072532994923858,0.3535553299492386,0.7072311644302167,0.4478732121091192,168.0
T2,single_shot,self_test_repair,arrival_coin,boot,591,295,none,285.7497,243,normal_mixture,bonf3,0.0166666666666666,0.0166666666666666,0.0166666666666666,0.15,20,20000,0.0,1.0,1.0,0.0,0.0,0.0,0.0,0.05985,1.0,66.0,79.0,92.0,66.0,79.0,92.0,,79.0,0.7072532994923858,0.3535553299492386,0.7072311644302167,0.4478732121091192,168.0
T2,single_shot,self_test_repair,arrival_coin,boot,1138,569,none,555.53415,501,betting,nosplit_iut,0.05,0.05,0.05,0.03,10,20000,0.0,1.0,1.0,0.0,0.0,0.0,0.0,0.05485,1.0,22.0,34.0,48.0,22.0,34.0,48.0,,34.0,0.9278186291739896,0.4639474956063269,0.9277620228594654,0.5876101944659782,76.0
T2,single_shot,self_test_repair,arrival_coin,boot,1138,569,none,555.53415,501,betting,nosplit_iut,0.05,0.05,0.05,0.03,20,20000,0.0,1.0,1.0,0.0,0.0,0.0,0.0,0.0547,1.0,24.0,34.5,49.0,24.0,34.5,49.0,,34.5,0.9242021528998244,0.4621386643233743,0.9241448787085086,0.5853250528717163,77.0
T2,single_shot,self_test_repair,arrival_coin,boot,1138,569,none,555.53415,501,betting,nosplit_iut,0.05,0.05,0.05,0.05,10,20000,0.0,1.0,1.0,0.0,0.0,0.0,0.0,0.1615,1.0,22.0,34.0,48.0,22.0,34.0,48.0,,34.0,0.9278186291739896,0.4639474956063269,0.9277620228594654,0.5876101944659782,76.0
T2,single_shot,self_test_repair,arrival_coin,boot,1138,569,none,555.53415,501,betting,nosplit_iut,0.05,0.05,0.05,0.05,20,20000,0.0,1.0,1.0,0.0,0.0,0.0,0.0,0.16115,1.0,24.0,34.5,49.0,24.0,34.5,49.0,,34.5,0.9242021528998244,0.4621386643233743,0.9241448787085086,0.5853250528717163,77.0
T2,single_shot,self_test_repair,arrival_coin,boot,1138,569,none,555.53415,501,betting,nosplit_iut,0.05,0.05,0.05,0.1,10,20000,0.0,1.0,1.0,0.0,0.0,0.0,0.0,0.7817,1.0,22.0,34.0,48.0,22.0,34.0,48.0,,34.0,0.9278186291739896,0.4639474956063269,0.9277620228594654,0.5876101944659782,76.0
T2,single_shot,self_test_repair,arrival_coin,boot,1138,569,none,555.53415,501,betting,nosplit_iut,0.05,0.05,0.05,0.1,20,20000,0.0,1.0,1.0,0.0,0.0,0.0,0.0,0.78155,1.0,24.0,34.5,49.0,24.0,34.5,49.0,,34.5,0.9242021528998244,0.4621386643233743,0.9241448787085086,0.5853250528717163,77.0
T2,single_shot,self_test_repair,arrival_coin,boot,1138,569,none,555.53415,501,betting,nosplit_iut,0.05,0.05,0.05,0.15,10,20000,0.0,1.0,1.0,0.0,0.0,0.0,0.0,0.99595,1.0,22.0,34.0,48.0,22.0,34.0,48.0,,34.0,0.9278186291739896,0.4639474956063269,0.9277620228594654,0.5876101944659782,76.0
T2,single_shot,self_test_repair,arrival_coin,boot,1138,569,none,555.53415,501,betting,nosplit_iut,0.05,0.05,0.05,0.15,20,20000,0.0,1.0,1.0,0.0,0.0,0.0,0.0,0.9959,1.0,24.0,34.5,49.0,24.0,34.5,49.0,,34.5,0.9242021528998244,0.4621386643233743,0.9241448787085086,0.5853250528717163,77.0
T2,single_shot,self_test_repair,arrival_coin,boot,1138,569,none,555.53415,501,betting,deploy_bonf2,0.025,0.025,0.05,0.03,10,20000,0.0,1.0,1.0,0.0,0.0,0.0,0.0,0.0317,1.0,22.0,34.0,48.0,22.0,34.0,48.0,,34.0,0.9278186291739896,0.4639474956063269,0.9277620228594654,0.5876101944659782,76.0
T2,single_shot,self_test_repair,arrival_coin,boot,1138,569,none,555.53415,501,betting,deploy_bonf2,0.025,0.025,0.05,0.03,20,20000,0.0,1.0,1.0,0.0,0.0,0.0,0.0,0.0316,1.0,24.0,34.5,49.0,24.0,34.5,49.0,,34.5,0.9242021528998244,0.4621386643233743,0.9241448787085086,0.5853250528717163,77.0
T2,single_shot,self_test_repair,arrival_coin,boot,1138,569,none,555.53415,501,betting,deploy_bonf2,0.025,0.025,0.05,0.05,10,20000,0.0,1.0,1.0,0.0,0.0,0.0,0.0,0.1066,1.0,22.0,34.0,48.0,22.0,34.0,48.0,,34.0,0.9278186291739896,0.4639474956063269,0.9277620228594654,0.5876101944659782,76.0
T2,single_shot,self_test_repair,arrival_coin,boot,1138,569,none,555.53415,501,betting,deploy_bonf2,0.025,0.025,0.05,0.05,20,20000,0.0,1.0,1.0,0.0,0.0,0.0,0.0,0.1065,1.0,24.0,34.5,49.0,24.0,34.5,49.0,,34.5,0.9242021528998244,0.4621386643233743,0.9241448787085086,0.5853250528717163,77.0
T2,single_shot,self_test_repair,arrival_coin,boot,1138,569,none,555.53415,501,betting,deploy_bonf2,0.025,0.025,0.05,0.1,10,20000,0.0,1.0,1.0,0.0,0.0,0.0,0.0,0.70295,1.0,22.0,34.0,48.0,22.0,34.0,48.0,,34.0,0.9278186291739896,0.4639474956063269,0.9277620228594654,0.5876101944659782,76.0
T2,single_shot,self_test_repair,arrival_coin,boot,1138,569,none,555.53415,501,betting,deploy_bonf2,0.025,0.025,0.05,0.1,20,20000,0.0,1.0,1.0,0.0,0.0,0.0,0.0,0.70295,1.0,24.0,34.5,49.0,24.0,34.5,49.0,,34.5,0.9242021528998244,0.4621386643233743,0.9241448787085086,0.5853250528717163,77.0
T2,single_shot,self_test_repair,arrival_coin,boot,1138,569,none,555.53415,501,betting,deploy_bonf2,0.025,0.025,0.05,0.15,10,20000,0.0,1.0,1.0,0.0,0.0,0.0,0.0,0.9914,1.0,22.0,34.0,48.0,22.0,34.0,48.0,,34.0,0.9278186291739896,0.4639474956063269,0.9277620228594654,0.5876101944659782,76.0
T2,single_shot,self_test_repair,arrival_coin,boot,1138,569,none,555.53415,501,betting,deploy_bonf2,0.025,0.025,0.05,0.15,20,20000,0.0,1.0,1.0,0.0,0.0,0.0,0.0,0.9914,1.0,24.0,34.5,49.0,24.0,34.5,49.0,,34.5,0.9242021528998244,0.4621386643233743,0.9241448787085086,0.5853250528717163,77.0
T2,single_shot,self_test_repair,arrival_coin,boot,1138,569,none,555.53415,501,betting,twosided_equal,0.025,0.025,0.025,0.03,10,20000,0.0,1.0,1.0,0.0,0.0,0.0,0.0,0.0317,1.0,27.0,39.0,55.0,27.0,39.0,55.0,,39.0,0.9172543936731108,0.458652460456942,0.9171734701291931,0.580906386293143,87.0
T2,single_shot,self_test_repair,arrival_coin,boot,1138,569,none,555.53415,501,betting,twosided_equal,0.025,0.025,0.025,0.03,20,20000,0.0,1.0,1.0,0.0,0.0,0.0,0.0,0.0316,1.0,27.0,40.0,55.0,27.0,40.0,55.0,,40.0,0.9154641915641476,0.4577591827768014,0.9153871707842224,0.5797706556218121,88.0
T2,single_shot,self_test_repair,arrival_coin,boot,1138,569,none,555.53415,501,betting,twosided_equal,0.025,0.025,0.025,0.05,10,20000,0.0,1.0,1.0,0.0,0.0,0.0,0.0,0.1066,1.0,27.0,39.0,55.0,27.0,39.0,55.0,,39.0,0.9172543936731108,0.458652460456942,0.9171734701291931,0.580906386293143,87.0
T2,single_shot,self_test_repair,arrival_coin,boot,1138,569,none,555.53415,501,betting,twosided_equal,0.025,0.025,0.025,0.05,20,20000,0.0,1.0,1.0,0.0,0.0,0.0,0.0,0.1065,1.0,27.0,40.0,55.0,27.0,40.0,55.0,,40.0,0.9154641915641476,0.4577591827768014,0.9153871707842224,0.5797706556218121,88.0
T2,single_shot,self_test_repair,arrival_coin,boot,1138,569,none,555.53415,501,betting,twosided_equal,0.025,0.025,0.025,0.1,10,20000,0.0,1.0,1.0,0.0,0.0,0.0,0.0,0.70295,1.0,27.0,39.0,55.0,27.0,39.0,55.0,,39.0,0.9172543936731108,0.458652460456942,0.9171734701291931,0.580906386293143,87.0
T2,single_shot,self_test_repair,arrival_coin,boot,1138,569,none,555.53415,501,betting,twosided_equal,0.025,0.025,0.025,0.1,20,20000,0.0,1.0,1.0,0.0,0.0,0.0,0.0,0.70295,1.0,27.0,40.0,55.0,27.0,40.0,55.0,,40.0,0.9154641915641476,0.4577591827768014,0.9153871707842224,0.5797706556218121,88.0
T2,single_shot,self_test_repair,arrival_coin,boot,1138,569,none,555.53415,501,betting,twosided_equal,0.025,0.025,0.025,0.15,10,20000,0.0,1.0,1.0,0.0,0.0,0.0,0.0,0.9914,1.0,27.0,39.0,55.0,27.0,39.0,55.0,,39.0,0.9172543936731108,0.458652460456942,0.9171734701291931,0.580906386293143,87.0
T2,single_shot,self_test_repair,arrival_coin,boot,1138,569,none,555.53415,501,betting,twosided_equal,0.025,0.025,0.025,0.15,20,20000,0.0,1.0,1.0,0.0,0.0,0.0,0.0,0.9914,1.0,27.0,40.0,55.0,27.0,40.0,55.0,,40.0,0.9154641915641476,0.4577591827768014,0.9153871707842224,0.5797706556218121,88.0
T2,single_shot,self_test_repair,arrival_coin,boot,1138,569,none,555.53415,501,betting,bonf3,0.0166666666666666,0.0166666666666666,0.0166666666666666,0.03,10,20000,0.0,1.0,1.0,0.0,0.0,0.0,0.0,0.02335,1.0,28.0,42.0,59.0,28.0,42.0,59.0,,42.0,0.9122656414762742,0.4561593585237258,0.9121879807911536,0.5777420265548252,93.0
T2,single_shot,self_test_repair,arrival_coin,boot,1138,569,none,555.53415,501,betting,bonf3,0.0166666666666666,0.0166666666666666,0.0166666666666666,0.03,20,20000,0.0,1.0,1.0,0.0,0.0,0.0,0.0,0.02325,1.0,28.0,42.0,59.0,28.0,42.0,59.0,,42.0,0.9102718804920914,0.4551674868189806,0.910204521654234,0.5764779588293842,93.0
T2,single_shot,self_test_repair,arrival_coin,boot,1138,569,none,555.53415,501,betting,bonf3,0.0166666666666666,0.0166666666666666,0.0166666666666666,0.05,10,20000,0.0,1.0,1.0,0.0,0.0,0.0,0.0,0.0835,1.0,28.0,42.0,59.0,28.0,42.0,59.0,,42.0,0.9122656414762742,0.4561593585237258,0.9121879807911536,0.5777420265548252,93.0
T2,single_shot,self_test_repair,arrival_coin,boot,1138,569,none,555.53415,501,betting,bonf3,0.0166666666666666,0.0166666666666666,0.0166666666666666,0.05,20,20000,0.0,1.0,1.0,0.0,0.0,0.0,0.0,0.0834,1.0,28.0,42.0,59.0,28.0,42.0,59.0,,42.0,0.9102718804920914,0.4551674868189806,0.910204521654234,0.5764779588293842,93.0
T2,single_shot,self_test_repair,arrival_coin,boot,1138,569,none,555.53415,501,betting,bonf3,0.0166666666666666,0.0166666666666666,0.0166666666666666,0.1,10,20000,0.0,1.0,1.0,0.0,0.0,0.0,0.0,0.6527,1.0,28.0,42.0,59.0,28.0,42.0,59.0,,42.0,0.9122656414762742,0.4561593585237258,0.9121879807911536,0.5777420265548252,93.0
T2,single_shot,self_test_repair,arrival_coin,boot,1138,569,none,555.53415,501,betting,bonf3,0.0166666666666666,0.0166666666666666,0.0166666666666666,0.1,20,20000,0.0,1.0,1.0,0.0,0.0,0.0,0.0,0.65265,1.0,28.0,42.0,59.0,28.0,42.0,59.0,,42.0,0.9102718804920914,0.4551674868189806,0.910204521654234,0.5764779588293842,93.0
T2,single_shot,self_test_repair,arrival_coin,boot,1138,569,none,555.53415,501,betting,bonf3,0.0166666666666666,0.0166666666666666,0.0166666666666666,0.15,10,20000,0.0,1.0,1.0,0.0,0.0,0.0,0.0,0.98745,1.0,28.0,42.0,59.0,28.0,42.0,59.0,,42.0,0.9122656414762742,0.4561593585237258,0.9121879807911536,0.5777420265548252,93.0
T2,single_shot,self_test_repair,arrival_coin,boot,1138,569,none,555.53415,501,betting,bonf3,0.0166666666666666,0.0166666666666666,0.0166666666666666,0.15,20,20000,0.0,1.0,1.0,0.0,0.0,0.0,0.0,0.98745,1.0,28.0,42.0,59.0,28.0,42.0,59.0,,42.0,0.9102718804920914,0.4551674868189806,0.910204521654234,0.5764779588293842,93.0
T2,single_shot,self_test_repair,arrival_coin,boot,1138,569,none,555.53415,501,normal_mixture,nosplit_iut,0.05,0.05,0.05,0.03,10,20000,0.0,1.0,1.0,0.0,0.0,0.0,0.0,0.00025,1.0,55.0,64.0,76.0,55.0,64.0,76.0,,64.0,0.872914367311072,0.4364855887521968,0.8728460797929576,0.552819959210466,139.0
T2,single_shot,self_test_repair,arrival_coin,boot,1138,569,none,555.53415,501,normal_mixture,nosplit_iut,0.05,0.05,0.05,0.03,20,20000,0.0,1.0,1.0,0.0,0.0,0.0,0.0,0.00025,1.0,55.0,64.0,76.0,55.0,64.0,76.0,,64.0,0.872914367311072,0.4364855887521968,0.8728460797929576,0.552819959210466,139.0
T2,single_shot,self_test_repair,arrival_coin,boot,1138,569,none,555.53415,501,normal_mixture,nosplit_iut,0.05,0.05,0.05,0.05,10,20000,0.0,1.0,1.0,0.0,0.0,0.0,0.0,0.00395,1.0,55.0,64.0,76.0,55.0,64.0,76.0,,64.0,0.872914367311072,0.4364855887521968,0.8728460797929576,0.552819959210466,139.0
T2,single_shot,self_test_repair,arrival_coin,boot,1138,569,none,555.53415,501,normal_mixture,nosplit_iut,0.05,0.05,0.05,0.05,20,20000,0.0,1.0,1.0,0.0,0.0,0.0,0.0,0.00395,1.0,55.0,64.0,76.0,55.0,64.0,76.0,,64.0,0.872914367311072,0.4364855887521968,0.8728460797929576,0.552819959210466,139.0
T2,single_shot,self_test_repair,arrival_coin,boot,1138,569,none,555.53415,501,normal_mixture,nosplit_iut,0.05,0.05,0.05,0.1,10,20000,0.0,1.0,1.0,0.0,0.0,0.0,0.0,0.17945,1.0,55.0,64.0,76.0,55.0,64.0,76.0,,64.0,0.872914367311072,0.4364855887521968,0.8728460797929576,0.552819959210466,139.0
T2,single_shot,self_test_repair,arrival_coin,boot,1138,569,none,555.53415,501,normal_mixture,nosplit_iut,0.05,0.05,0.05,0.1,20,20000,0.0,1.0,1.0,0.0,0.0,0.0,0.0,0.17945,1.0,55.0,64.0,76.0,55.0,64.0,76.0,,64.0,0.872914367311072,0.4364855887521968,0.8728460797929576,0.552819959210466,139.0
T2,single_shot,self_test_repair,arrival_coin,boot,1138,569,none,555.53415,501,normal_mixture,nosplit_iut,0.05,0.05,0.05,0.15,10,20000,0.0,1.0,1.0,0.0,0.0,0.0,0.0,0.8295,1.0,55.0,64.0,76.0,55.0,64.0,76.0,,64.0,0.872914367311072,0.4364855887521968,0.8728460797929576,0.552819959210466,139.0
T2,single_shot,self_test_repair,arrival_coin,boot,1138,569,none,555.53415,501,normal_mixture,nosplit_iut,0.05,0.05,0.05,0.15,20,20000,0.0,1.0,1.0,0.0,0.0,0.0,0.0,0.8295,1.0,55.0,64.0,76.0,55.0,64.0,76.0,,64.0,0.872914367311072,0.4364855887521968,0.8728460797929576,0.552819959210466,139.0
T2,single_shot,self_test_repair,arrival_coin,boot,1138,569,none,555.53415,501,normal_mixture,deploy_bonf2,0.025,0.025,0.05,0.03,10,20000,0.0,1.0,1.0,0.0,0.0,0.0,0.0,0.0,1.0,55.0,64.0,76.0,55.0,64.0,76.0,,64.0,0.872914367311072,0.4364855887521968,0.8728460797929576,0.552819959210466,139.0
T2,single_shot,self_test_repair,arrival_coin,boot,1138,569,none,555.53415,501,normal_mixture,deploy_bonf2,0.025,0.025,0.05,0.03,20,20000,0.0,1.0,1.0,0.0,0.0,0.0,0.0,0.0,1.0,55.0,64.0,76.0,55.0,64.0,76.0,,64.0,0.872914367311072,0.4364855887521968,0.8728460797929576,0.552819959210466,139.0
T2,single_shot,self_test_repair,arrival_coin,boot,1138,569,none,555.53415,501,normal_mixture,deploy_bonf2,0.025,0.025,0.05,0.05,10,20000,0.0,1.0,1.0,0.0,0.0,0.0,0.0,0.00075,1.0,55.0,64.0,76.0,55.0,64.0,76.0,,64.0,0.872914367311072,0.4364855887521968,0.8728460797929576,0.552819959210466,139.0
T2,single_shot,self_test_repair,arrival_coin,boot,1138,569,none,555.53415,501,normal_mixture,deploy_bonf2,0.025,0.025,0.05,0.05,20,20000,0.0,1.0,1.0,0.0,0.0,0.0,0.0,0.00075,1.0,55.0,64.0,76.0,55.0,64.0,76.0,,64.0,0.872914367311072,0.4364855887521968,0.8728460797929576,0.552819959210466,139.0
T2,single_shot,self_test_repair,arrival_coin,boot,1138,569,none,555.53415,501,normal_mixture,deploy_bonf2,0.025,0.025,0.05,0.1,10,20000,0.0,1.0,1.0,0.0,0.0,0.0,0.0,0.0863,1.0,55.0,64.0,76.0,55.0,64.0,76.0,,64.0,0.872914367311072,0.4364855887521968,0.8728460797929576,0.552819959210466,139.0
T2,single_shot,self_test_repair,arrival_coin,boot,1138,569,none,555.53415,501,normal_mixture,deploy_bonf2,0.025,0.025,0.05,0.1,20,20000,0.0,1.0,1.0,0.0,0.0,0.0,0.0,0.0863,1.0,55.0,64.0,76.0,55.0,64.0,76.0,,64.0,0.872914367311072,0.4364855887521968,0.8728460797929576,0.552819959210466,139.0
T2,single_shot,self_test_repair,arrival_coin,boot,1138,569,none,555.53415,501,normal_mixture,deploy_bonf2,0.025,0.025,0.05,0.15,10,20000,0.0,1.0,1.0,0.0,0.0,0.0,0.0,0.6991,1.0,55.0,64.0,76.0,55.0,64.0,76.0,,64.0,0.872914367311072,0.4364855887521968,0.8728460797929576,0.552819959210466,139.0
T2,single_shot,self_test_repair,arrival_coin,boot,1138,569,none,555.53415,501,normal_mixture,deploy_bonf2,0.025,0.025,0.05,0.15,20,20000,0.0,1.0,1.0,0.0,0.0,0.0,0.0,0.6991,1.0,55.0,64.0,76.0,55.0,64.0,76.0,,64.0,0.872914367311072,0.4364855887521968,0.8728460797929576,0.552819959210466,139.0
T2,single_shot,self_test_repair,arrival_coin,boot,1138,569,none,555.53415,501,normal_mixture,twosided_equal,0.025,0.025,0.025,0.03,10,20000,0.0,1.0,1.0,0.0,0.0,0.0,0.0,0.0,1.0,62.0,74.0,87.0,62.0,74.0,87.0,,74.0,0.8567203427065027,0.4283910808435852,0.8566593838791646,0.5425830206028157,158.0
T2,single_shot,self_test_repair,arrival_coin,boot,1138,569,none,555.53415,501,normal_mixture,twosided_equal,0.025,0.025,0.025,0.03,20,20000,0.0,1.0,1.0,0.0,0.0,0.0,0.0,0.0,1.0,62.0,74.0,87.0,62.0,74.0,87.0,,74.0,0.8567203427065027,0.4283910808435852,0.8566593838791646,0.5425830206028157,158.0
T2,single_shot,self_test_repair,arrival_coin,boot,1138,569,none,555.53415,501,normal_mixture,twosided_equal,0.025,0.025,0.025,0.05,10,20000,0.0,1.0,1.0,0.0,0.0,0.0,0.0,0.00075,1.0,62.0,74.0,87.0,62.0,74.0,87.0,,74.0,0.8567203427065027,0.4283910808435852,0.8566593838791646,0.5425830206028157,158.0
T2,single_shot,self_test_repair,arrival_coin,boot,1138,569,none,555.53415,501,normal_mixture,twosided_equal,0.025,0.025,0.025,0.05,20,20000,0.0,1.0,1.0,0.0,0.0,0.0,0.0,0.00075,1.0,62.0,74.0,87.0,62.0,74.0,87.0,,74.0,0.8567203427065027,0.4283910808435852,0.8566593838791646,0.5425830206028157,158.0
T2,single_shot,self_test_repair,arrival_coin,boot,1138,569,none,555.53415,501,normal_mixture,twosided_equal,0.025,0.025,0.025,0.1,10,20000,0.0,1.0,1.0,0.0,0.0,0.0,0.0,0.0863,1.0,62.0,74.0,87.0,62.0,74.0,87.0,,74.0,0.8567203427065027,0.4283910808435852,0.8566593838791646,0.5425830206028157,158.0
T2,single_shot,self_test_repair,arrival_coin,boot,1138,569,none,555.53415,501,normal_mixture,twosided_equal,0.025,0.025,0.025,0.1,20,20000,0.0,1.0,1.0,0.0,0.0,0.0,0.0,0.0863,1.0,62.0,74.0,87.0,62.0,74.0,87.0,,74.0,0.8567203427065027,0.4283910808435852,0.8566593838791646,0.5425830206028157,158.0
T2,single_shot,self_test_repair,arrival_coin,boot,1138,569,none,555.53415,501,normal_mixture,twosided_equal,0.025,0.025,0.025,0.15,10,20000,0.0,1.0,1.0,0.0,0.0,0.0,0.0,0.6991,1.0,62.0,74.0,87.0,62.0,74.0,87.0,,74.0,0.8567203427065027,0.4283910808435852,0.8566593838791646,0.5425830206028157,158.0
T2,single_shot,self_test_repair,arrival_coin,boot,1138,569,none,555.53415,501,normal_mixture,twosided_equal,0.025,0.025,0.025,0.15,20,20000,0.0,1.0,1.0,0.0,0.0,0.0,0.0,0.6991,1.0,62.0,74.0,87.0,62.0,74.0,87.0,,74.0,0.8567203427065027,0.4283910808435852,0.8566593838791646,0.5425830206028157,158.0
T2,single_shot,self_test_repair,arrival_coin,boot,1138,569,none,555.53415,501,normal_mixture,bonf3,0.0166666666666666,0.0166666666666666,0.0166666666666666,0.03,10,20000,0.0,1.0,1.0,0.0,0.0,0.0,0.0,0.0,1.0,66.0,78.0,93.0,66.0,78.0,93.0,,78.0,0.8477960896309314,0.4239174428822495,0.8477133901107846,0.5369270656003565,167.0
T2,single_shot,self_test_repair,arrival_coin,boot,1138,569,none,555.53415,501,normal_mixture,bonf3,0.0166666666666666,0.0166666666666666,0.0166666666666666,0.03,20,20000,0.0,1.0,1.0,0.0,0.0,0.0,0.0,0.0,1.0,66.0,78.0,93.0,66.0,78.0,93.0,,78.0,0.8477960896309314,0.4239174428822495,0.8477133901107846,0.5369270656003565,167.0
T2,single_shot,self_test_repair,arrival_coin,boot,1138,569,none,555.53415,501,normal_mixture,bonf3,0.0166666666666666,0.0166666666666666,0.0166666666666666,0.05,10,20000,0.0,1.0,1.0,0.0,0.0,0.0,0.0,0.0003,1.0,66.0,78.0,93.0,66.0,78.0,93.0,,78.0,0.8477960896309314,0.4239174428822495,0.8477133901107846,0.5369270656003565,167.0
T2,single_shot,self_test_repair,arrival_coin,boot,1138,569,none,555.53415,501,normal_mixture,bonf3,0.0166666666666666,0.0166666666666666,0.0166666666666666,0.05,20,20000,0.0,1.0,1.0,0.0,0.0,0.0,0.0,0.0003,1.0,66.0,78.0,93.0,66.0,78.0,93.0,,78.0,0.8477960896309314,0.4239174428822495,0.8477133901107846,0.5369270656003565,167.0
T2,single_shot,self_test_repair,arrival_coin,boot,1138,569,none,555.53415,501,normal_mixture,bonf3,0.0166666666666666,0.0166666666666666,0.0166666666666666,0.1,10,20000,0.0,1.0,1.0,0.0,0.0,0.0,0.0,0.05615,1.0,66.0,78.0,93.0,66.0,78.0,93.0,,78.0,0.8477960896309314,0.4239174428822495,0.8477133901107846,0.5369270656003565,167.0
T2,single_shot,self_test_repair,arrival_coin,boot,1138,569,none,555.53415,501,normal_mixture,bonf3,0.0166666666666666,0.0166666666666666,0.0166666666666666,0.1,20,20000,0.0,1.0,1.0,0.0,0.0,0.0,0.0,0.05615,1.0,66.0,78.0,93.0,66.0,78.0,93.0,,78.0,0.8477960896309314,0.4239174428822495,0.8477133901107846,0.5369270656003565,167.0
T2,single_shot,self_test_repair,arrival_coin,boot,1138,569,none,555.53415,501,normal_mixture,bonf3,0.0166666666666666,0.0166666666666666,0.0166666666666666,0.15,10,20000,0.0,1.0,1.0,0.0,0.0,0.0,0.0,0.6113,1.0,66.0,78.0,93.0,66.0,78.0,93.0,,78.0,0.8477960896309314,0.4239174428822495,0.8477133901107846,0.5369270656003565,167.0
T2,single_shot,self_test_repair,arrival_coin,boot,1138,569,none,555.53415,501,normal_mixture,bonf3,0.0166666666666666,0.0166666666666666,0.0166666666666666,0.15,20,20000,0.0,1.0,1.0,0.0,0.0,0.0,0.0,0.6113,1.0,66.0,78.0,93.0,66.0,78.0,93.0,,78.0,0.8477960896309314,0.4239174428822495,0.8477133901107846,0.5369270656003565,167.0
T4,single_shot,single_shot,pair_coin,perm,591,295,none,295.0,295,betting,nosplit_iut,0.05,0.05,0.05,0.03,10,20000,0.0025,0.00935,0.01185,0.0003531111722956,0.0006805357264684,0.00305,0.00875,0.02745,0.00935,20.0,48.0,144.0,,,,115.5,44.0,0.0083612521150592,0.0,,0.0,98.0
T4,single_shot,single_shot,pair_coin,perm,591,295,none,295.0,295,betting,nosplit_iut,0.05,0.05,0.05,0.03,20,20000,0.00245,0.00765,0.0101,0.0003495709870684,0.0006160956703305,0.00295,0.007,0.02725,0.00765,34.0,77.5,159.25,,,,117.0,65.0,0.00657910321489,0.0,,0.0,156.5
T4,single_shot,single_shot,pair_coin,perm,591,295,none,295.0,295,betting,nosplit_iut,0.05,0.05,0.05,0.05,10,20000,0.0036,0.00935,0.01295,0.0004234997048405,0.0006805357264684,0.0042,0.00875,0.07235,0.00935,21.0,53.0,147.0,,,,115.5,44.0,0.0090324873096446,0.0,,0.0,108.0
T4,single_shot,single_shot,pair_coin,perm,591,295,none,295.0,295,betting,nosplit_iut,0.05,0.05,0.05,0.05,20,20000,0.00335,0.00765,0.011,0.0004085815402095,0.0006160956703305,0.0039,0.007,0.07155,0.00765,35.75,81.5,160.0,,,,121.0,65.0,0.0070602368866328,0.0,,0.0,164.5
T4,single_shot,single_shot,pair_coin,perm,591,295,none,295.0,295,betting,nosplit_iut,0.05,0.05,0.05,0.1,10,20000,0.0061,0.00935,0.01545,0.0005505810567028,0.0006805357264684,0.0073,0.00875,0.41025,0.00935,24.0,59.0,149.0,,,,109.0,44.0,0.010594923857868,0.0,,0.0,120.0
T4,single_shot,single_shot,pair_coin,perm,591,295,none,295.0,295,betting,nosplit_iut,0.05,0.05,0.05,0.1,20,20000,0.0058,0.00765,0.01345,0.0005369525118667,0.0006160956703305,0.0065,0.007,0.4097,0.00765,42.0,87.0,160.0,,,,114.0,65.0,0.0085515228426395,0.0,,0.0,175.0
T4,single_shot,single_shot,pair_coin,perm,591,295,none,295.0,295,betting,nosplit_iut,0.05,0.05,0.05,0.15,10,20000,0.00685,0.00935,0.0162,0.0005832271212829,0.0006805357264684,0.0086,0.00875,0.85845,0.00935,23.75,59.0,145.5,,,,96.0,44.0,0.0112261421319796,0.0,,0.0,119.5
T4,single_shot,single_shot,pair_coin,perm,591,295,none,295.0,295,betting,nosplit_iut,0.05,0.05,0.05,0.15,20,20000,0.00655,0.00765,0.0142,0.0005703988735963,0.0006160956703305,0.007,0.007,0.8582,0.00765,40.0,83.5,154.25,,,,104.0,65.0,0.0091795262267343,0.0,,0.0,171.0
T4,single_shot,single_shot,pair_coin,perm,591,295,none,295.0,295,betting,deploy_bonf2,0.025,0.025,0.05,0.03,10,20000,0.00115,0.00935,0.0105,0.0002396536563459,0.0006805357264684,0.00165,0.0045,0.0156,0.00935,18.0,46.5,136.25,,,,131.0,44.0,0.0074721658206429,0.0,,0.0,94.5
T4,single_shot,single_shot,pair_coin,perm,591,295,none,295.0,295,betting,deploy_bonf2,0.025,0.025,0.05,0.03,20,20000,0.0011,0.00765,0.00875,0.0002343917660669,0.0006160956703305,0.00155,0.00385,0.01545,0.00765,34.0,79.0,154.5,,,,135.5,65.0,0.0056908629441624,0.0,,0.0,159.0
T4,single_shot,single_shot,pair_coin,perm,591,295,none,295.0,295,betting,deploy_bonf2,0.025,0.025,0.05,0.05,10,20000,0.00165,0.00935,0.011,0.0002869910712896,0.0006805357264684,0.002,0.0045,0.04265,0.00935,18.0,48.5,138.5,,,,125.0,44.0,0.0077846023688663,0.0,,0.0,98.0
T4,single_shot,single_shot,pair_coin,perm,591,295,none,295.0,295,betting,deploy_bonf2,0.025,0.025,0.05,0.05,20,20000,0.0016,0.00765,0.00925,0.0002826163477224,0.0006160956703305,0.0019,0.00385,0.04245,0.00765,35.0,79.0,156.0,,,,128.0,65.0,0.0060026226734348,0.0,,0.0,159.0
T4,single_shot,single_shot,pair_coin,perm,591,295,none,295.0,295,betting,deploy_bonf2,0.025,0.025,0.05,0.1,10,20000,0.0032,0.00935,0.01255,0.0003993594871791,0.0006805357264684,0.00385,0.0045,0.3159,0.00935,22.0,58.0,146.0,,,,123.0,44.0,0.0086954314720812,0.0,,0.0,117.0
T4,single_shot,single_shot,pair_coin,perm,591,295,none,295.0,295,betting,deploy_bonf2,0.025,0.025,0.05,0.1,20,20000,0.0031,0.00765,0.01075,0.0003930896844232,0.0006160956703305,0.00355,0.00385,0.31555,0.00765,36.5,83.0,166.5,,,,128.0,65.0,0.0068662436548223,0.0,,0.0,167.0
T4,single_shot,single_shot,pair_coin,perm,591,295,none,295.0,295,betting,deploy_bonf2,0.025,0.025,0.05,0.15,10,20000,0.0038,0.00935,0.01315,0.000435060915275,0.0006805357264684,0.00445,0.0045,0.79305,0.00935,22.0,56.0,142.0,,,,88.5,44.0,0.0092048223350253,0.0,,0.0,113.0
T4,single_shot,single_shot,pair_coin,perm,591,295,none,295.0,295,betting,deploy_bonf2,0.025,0.025,0.05,0.15,20,20000,0.0036,0.00765,0.01125,0.0004234997048405,0.0006160956703305,0.00385,0.00385,0.7929,0.00765,37.0,79.0,157.0,,,,98.0,65.0,0.0072807106598984,0.0,,0.0,159.0
T4,single_shot,single_shot,pair_coin,perm,591,295,none,295.0,295,betting,twosided_equal,0.025,0.025,0.025,0.03,10,20000,0.00115,0.00405,0.0052,0.0002396536563459,0.0004490878254862,0.00165,0.0045,0.0156,0.00405,21.75,77.0,157.5,,,,131.0,53.0,0.0034983925549915,0.0,,0.0,156.0
T4,single_shot,single_shot,pair_coin,perm,591,295,none,295.0,295,betting,twosided_equal,0.025,0.025,0.025,0.03,20,20000,0.0011,0.0035,0.0046,0.0002343917660669,0.0004175972940525,0.00155,0.00385,0.01545,0.0035,32.0,99.5,181.5,,,,135.5,84.0,0.0028776649746192,0.0,,0.0,200.5
T4,single_shot,single_shot,pair_coin,perm,591,295,none,295.0,295,betting,twosided_equal,0.025,0.025,0.025,0.05,10,20000,0.00165,0.00405,0.0057,0.0002869910712896,0.0004490878254862,0.002,0.0045,0.04265,0.00405,23.25,80.5,160.5,,,,125.0,53.0,0.0038108291032148,0.0,,0.0,162.5
T4,single_shot,single_shot,pair_coin,perm,591,295,none,295.0,295,betting,twosided_equal,0.025,0.025,0.025,0.05,20,20000,0.0016,0.0035,0.0051,0.0002826163477224,0.0004175972940525,0.0019,0.00385,0.04245,0.0035,33.0,97.0,172.25,,,,128.0,84.0,0.0031894247038917,0.0,,0.0,195.5
T4,single_shot,single_shot,pair_coin,perm,591,295,none,295.0,295,betting,twosided_equal,0.025,0.025,0.025,0.1,10,20000,0.0032,0.00405,0.00725,0.0003993594871791,0.0004490878254862,0.00385,0.0045,0.3159,0.00405,31.0,83.0,167.0,,,,123.0,53.0,0.0047216582064297,0.0,,0.0,169.0
T4,single_shot,single_shot,pair_coin,perm,591,295,none,295.0,295,betting,twosided_equal,0.025,0.025,0.025,0.1,20,20000,0.0031,0.0035,0.0066,0.0003930896844232,0.0004175972940525,0.00355,0.00385,0.31555,0.0035,39.25,97.0,175.5,,,,128.0,84.0,0.0040530456852791,0.0,,0.0,195.5
T4,single_shot,single_shot,pair_coin,perm,591,295,none,295.0,295,betting,twosided_equal,0.025,0.025,0.025,0.15,10,20000,0.0038,0.00405,0.00785,0.000435060915275,0.0004490878254862,0.00445,0.0045,0.79305,0.00405,31.0,77.0,162.0,,,,88.5,53.0,0.0052310490693739,0.0,,0.0,156.0
T4,single_shot,single_shot,pair_coin,perm,591,295,none,295.0,295,betting,twosided_equal,0.025,0.025,0.025,0.15,20,20000,0.0036,0.0035,0.0071,0.0004234997048405,0.0004175972940525,0.00385,0.00385,0.7929,0.0035,38.0,89.5,170.75,,,,98.0,84.0,0.0044675126903553,0.0,,0.0,181.0
T4,single_shot,single_shot,pair_coin,perm,591,295,none,295.0,295,betting,bonf3,0.0166666666666666,0.0166666666666666,0.0166666666666666,0.03,10,20000,0.0008,0.0028,0.0036,0.0001999199839935,0.0003736415394465,0.00105,0.00275,0.01165,0.0028,16.0,37.5,125.0,,,,125.5,32.0,0.0025587140439932,0.0,,0.0,77.5
T4,single_shot,single_shot,pair_coin,perm,591,295,none,295.0,295,betting,bonf3,0.0166666666666666,0.0166666666666666,0.0166666666666666,0.03,20,20000,0.0007,0.00205,0.00275,0.0001870173788715,0.0003198278833998,0.0009,0.00205,0.01155,0.00205,32.0,92.0,182.0,,,,134.0,61.0,0.0017121827411167,0.0,,0.0,188.0
T4,single_shot,single_shot,pair_coin,perm,591,295,none,295.0,295,betting,bonf3,0.0166666666666666,0.0166666666666666,0.0166666666666666,0.05,10,20000,0.0009,0.0028,0.0037,0.0002120365534524,0.0003736415394465,0.00125,0.00275,0.0307,0.0028,16.25,40.5,134.0,,,,134.0,32.0,0.0026047377326565,0.0,,0.0,84.5
T4,single_shot,single_shot,pair_coin,perm,591,295,none,295.0,295,betting,bonf3,0.0166666666666666,0.0166666666666666,0.0166666666666666,0.05,20,20000,0.0008,0.00205,0.00285,0.0001999199839935,0.0003198278833998,0.0011,0.00205,0.03055,0.00205,32.0,95.0,172.0,,,,147.5,61.0,0.00175820642978,0.0,,0.0,191.0
T4,single_shot,single_shot,pair_coin,perm,591,295,none,295.0,295,betting,bonf3,0.0166666666666666,0.0166666666666666,0.0166666666666666,0.1,10,20000,0.0018,0.0028,0.0046,0.0002997298783905,0.0003736415394465,0.0021,0.00275,0.26955,0.0028,20.25,51.5,171.0,,,,145.5,32.0,0.0030642978003384,0.0,,0.0,104.5
T4,single_shot,single_shot,pair_coin,perm,591,295,none,295.0,295,betting,bonf3,0.0166666666666666,0.0166666666666666,0.0166666666666666,0.1,20,20000,0.00165,0.00205,0.0037,0.0002869910712896,0.0003198278833998,0.0018,0.00205,0.26935,0.00205,35.5,105.0,191.75,,,,158.0,61.0,0.0021707275803722,0.0,,0.0,213.0
T4,single_shot,single_shot,pair_coin,perm,591,295,none,295.0,295,betting,bonf3,0.0166666666666666,0.0166666666666666,0.0166666666666666,0.15,10,20000,0.0019,0.0028,0.0047,0.0003079277512664,0.0003736415394465,0.00265,0.00275,0.75125,0.0028,18.0,44.0,170.75,,,,134.0,32.0,0.0031692893401015,0.0,,0.0,89.0
T4,single_shot,single_shot,pair_coin,perm,591,295,none,295.0,295,betting,bonf3,0.0166666666666666,0.0166666666666666,0.0166666666666666,0.15,20,20000,0.0017,0.00205,0.00375,0.0002912996738755,0.0003198278833998,0.00205,0.00205,0.75115,0.00205,36.0,102.0,190.5,,,,156.0,61.0,0.0022217428087986,0.0,,0.0,209.0
T4,single_shot,single_shot,pair_coin,perm,591,295,none,295.0,295,normal_mixture,nosplit_iut,0.05,0.05,0.05,0.03,10,20000,0.0,0.00175,0.00175,0.0,0.0002955450473278,0.0,0.00175,0.0,0.00175,160.0,197.0,262.5,,,,,197.0,0.0005445854483925,0.0,,0.0,395.0
T4,single_shot,single_shot,pair_coin,perm,591,295,none,295.0,295,normal_mixture,nosplit_iut,0.05,0.05,0.05,0.03,20,20000,0.0,0.00175,0.00175,0.0,0.0002955450473278,0.0,0.00175,0.0,0.00175,160.0,197.0,262.5,,,,,197.0,0.0005445854483925,0.0,,0.0,395.0
T4,single_shot,single_shot,pair_coin,perm,591,295,none,295.0,295,normal_mixture,nosplit_iut,0.05,0.05,0.05,0.05,10,20000,5e-05,0.00175,0.0018,4.999874998437461e-05,0.0002955450473278,5e-05,0.00175,0.00035,0.00175,161.0,199.0,266.0,,,,269.0,197.0,0.0005489001692047,0.0,,0.0,399.0
T4,single_shot,single_shot,pair_coin,perm,591,295,none,295.0,295,normal_mixture,nosplit_iut,0.05,0.05,0.05,0.05,20,20000,5e-05,0.00175,0.0018,4.999874998437461e-05,0.0002955450473278,5e-05,0.00175,0.00035,0.00175,161.0,199.0,266.0,,,,269.0,197.0,0.0005489001692047,0.0,,0.0,399.0
T4,single_shot,single_shot,pair_coin,perm,591,295,none,295.0,295,normal_mixture,nosplit_iut,0.05,0.05,0.05,0.1,10,20000,0.0007,0.00175,0.00245,0.0001870173788715,0.0002955450473278,0.00075,0.00175,0.0172,0.00175,162.0,210.0,259.0,,,,221.0,197.0,0.0007356175972927,0.0,,0.0,421.0
T4,single_shot,single_shot,pair_coin,perm,591,295,none,295.0,295,normal_mixture,nosplit_iut,0.05,0.05,0.05,0.1,20,20000,0.0007,0.00175,0.00245,0.0001870173788715,0.0002955450473278,0.00075,0.00175,0.0172,0.00175,162.0,210.0,259.0,,,,221.0,197.0,0.0007356175972927,0.0,,0.0,421.0
T4,single_shot,single_shot,pair_coin,perm,591,295,none,295.0,295,normal_mixture,nosplit_iut,0.05,0.05,0.05,0.15,10,20000,0.00165,0.00175,0.0034,0.0002869910712896,0.0002955450473278,0.00175,0.00175,0.22975,0.00175,172.5,210.5,256.0,,,,219.0,197.0,0.0009939932318104,0.0,,0.0,422.5
T4,single_shot,single_shot,pair_coin,perm,591,295,none,295.0,295,normal_mixture,nosplit_iut,0.05,0.05,0.05,0.15,20,20000,0.00165,0.00175,0.0034,0.0002869910712896,0.0002955450473278,0.00175,0.00175,0.22975,0.00175,172.5,210.5,256.0,,,,219.0,197.0,0.0009939932318104,0.0,,0.0,422.5
T4,single_shot,single_shot,pair_coin,perm,591,295,none,295.0,295,normal_mixture,deploy_bonf2,0.025,0.025,0.05,0.03,10,20000,0.0,0.00175,0.00175,0.0,0.0002955450473278,0.0,0.0007,0.0,0.00175,160.0,197.0,262.5,,,,,197.0,0.0005445854483925,0.0,,0.0,395.0
T4,single_shot,single_shot,pair_coin,perm,591,295,none,295.0,295,normal_mixture,deploy_bonf2,0.025,0.025,0.05,0.03,20,20000,0.0,0.00175,0.00175,0.0,0.0002955450473278,0.0,0.0007,0.0,0.00175,160.0,197.0,262.5,,,,,197.0,0.0005445854483925,0.0,,0.0,395.0
T4,single_shot,single_shot,pair_coin,perm,591,295,none,295.0,295,normal_mixture,deploy_bonf2,0.025,0.025,0.05,0.05,10,20000,0.0,0.00175,0.00175,0.0,0.0002955450473278,0.0,0.0007,0.0,0.00175,160.0,197.0,262.5,,,,,197.0,0.0005445854483925,0.0,,0.0,395.0
T4,single_shot,single_shot,pair_coin,perm,591,295,none,295.0,295,normal_mixture,deploy_bonf2,0.025,0.025,0.05,0.05,20,20000,0.0,0.00175,0.00175,0.0,0.0002955450473278,0.0,0.0007,0.0,0.00175,160.0,197.0,262.5,,,,,197.0,0.0005445854483925,0.0,,0.0,395.0
T4,single_shot,single_shot,pair_coin,perm,591,295,none,295.0,295,normal_mixture,deploy_bonf2,0.025,0.025,0.05,0.1,10,20000,0.0002,0.00175,0.00195,9.998999949995e-05,0.0002955450473278,0.0002,0.0007,0.00495,0.00175,171.0,210.0,266.0,,,,257.5,197.0,0.0005685279187817,0.0,,0.0,421.0
T4,single_shot,single_shot,pair_coin,perm,591,295,none,295.0,295,normal_mixture,deploy_bonf2,0.025,0.025,0.05,0.1,20,20000,0.0002,0.00175,0.00195,9.998999949995e-05,0.0002955450473278,0.0002,0.0007,0.00495,0.00175,171.0,210.0,266.0,,,,257.5,197.0,0.0005685279187817,0.0,,0.0,421.0
T4,single_shot,single_shot,pair_coin,perm,591,295,none,295.0,295,normal_mixture,deploy_bonf2,0.025,0.025,0.05,0.15,10,20000,0.0006,0.00175,0.00235,0.000173153111436,0.0002955450473278,0.00065,0.0007,0.1104,0.00175,182.0,236.0,268.5,,,,257.5,197.0,0.0006368020304568,0.0,,0.0,475.0
T4,single_shot,single_shot,pair_coin,perm,591,295,none,295.0,295,normal_mixture,deploy_bonf2,0.025,0.025,0.05,0.15,20,20000,0.0006,0.00175,0.00235,0.000173153111436,0.0002955450473278,0.00065,0.0007,0.1104,0.00175,182.0,236.0,268.5,,,,257.5,197.0,0.0006368020304568,0.0,,0.0,475.0
T4,single_shot,single_shot,pair_coin,perm,591,295,none,295.0,295,normal_mixture,twosided_equal,0.025,0.025,0.025,0.03,10,20000,0.0,0.00065,0.00065,0.0,0.0001802189640409,0.0,0.0007,0.0,0.00065,173.0,212.0,271.0,,,,,212.0,0.0001922165820642,0.0,,0.0,425.0
T4,single_shot,single_shot,pair_coin,perm,591,295,none,295.0,295,normal_mixture,twosided_equal,0.025,0.025,0.025,0.03,20,20000,0.0,0.00065,0.00065,0.0,0.0001802189640409,0.0,0.0007,0.0,0.00065,173.0,212.0,271.0,,,,,212.0,0.0001922165820642,0.0,,0.0,425.0
T4,single_shot,single_shot,pair_coin,perm,591,295,none,295.0,295,normal_mixture,twosided_equal,0.025,0.025,0.025,0.05,10,20000,0.0,0.00065,0.00065,0.0,0.0001802189640409,0.0,0.0007,0.0,0.00065,173.0,212.0,271.0,,,,,212.0,0.0001922165820642,0.0,,0.0,425.0
T4,single_shot,single_shot,pair_coin,perm,591,295,none,295.0,295,normal_mixture,twosided_equal,0.025,0.025,0.025,0.05,20,20000,0.0,0.00065,0.00065,0.0,0.0001802189640409,0.0,0.0007,0.0,0.00065,173.0,212.0,271.0,,,,,212.0,0.0001922165820642,0.0,,0.0,425.0
T4,single_shot,single_shot,pair_coin,perm,591,295,none,295.0,295,normal_mixture,twosided_equal,0.025,0.025,0.025,0.1,10,20000,0.0002,0.00065,0.00085,9.998999949995e-05,0.0001802189640409,0.0002,0.0007,0.00495,0.00065,194.0,223.0,271.0,,,,257.5,212.0,0.0002161590524534,0.0,,0.0,449.0
T4,single_shot,single_shot,pair_coin,perm,591,295,none,295.0,295,normal_mixture,twosided_equal,0.025,0.025,0.025,0.1,20,20000,0.0002,0.00065,0.00085,9.998999949995e-05,0.0001802189640409,0.0002,0.0007,0.00495,0.00065,194.0,223.0,271.0,,,,257.5,212.0,0.0002161590524534,0.0,,0.0,449.0
T4,single_shot,single_shot,pair_coin,perm,591,295,none,295.0,295,normal_mixture,twosided_equal,0.025,0.025,0.025,0.15,10,20000,0.0006,0.00065,0.00125,0.000173153111436,0.0001802189640409,0.00065,0.0007,0.1104,0.00065,201.0,243.0,271.0,,,,257.5,212.0,0.0002844331641285,0.0,,0.0,487.0
T4,single_shot,single_shot,pair_coin,perm,591,295,none,295.0,295,normal_mixture,twosided_equal,0.025,0.025,0.025,0.15,20,20000,0.0006,0.00065,0.00125,0.000173153111436,0.0001802189640409,0.00065,0.0007,0.1104,0.00065,201.0,243.0,271.0,,,,257.5,212.0,0.0002844331641285,0.0,,0.0,487.0
T4,single_shot,single_shot,pair_coin,perm,591,295,none,295.0,295,normal_mixture,bonf3,0.0166666666666666,0.0166666666666666,0.0166666666666666,0.03,10,20000,0.0,0.0004,0.0004,0.0,0.000141393069137,0.0,0.00035,0.0,0.0004,192.5,216.0,251.25,,,,,216.0,0.0001005076142131,0.0,,0.0,435.5
T4,single_shot,single_shot,pair_coin,perm,591,295,none,295.0,295,normal_mixture,bonf3,0.0166666666666666,0.0166666666666666,0.0166666666666666,0.03,20,20000,0.0,0.0004,0.0004,0.0,0.000141393069137,0.0,0.00035,0.0,0.0004,192.5,216.0,251.25,,,,,216.0,0.0001005076142131,0.0,,0.0,435.5
T4,single_shot,single_shot,pair_coin,perm,591,295,none,295.0,295,normal_mixture,bonf3,0.0166666666666666,0.0166666666666666,0.0166666666666666,0.05,10,20000,0.0,0.0004,0.0004,0.0,0.000141393069137,0.0,0.00035,0.0,0.0004,192.5,216.0,251.25,,,,,216.0,0.0001005076142131,0.0,,0.0,435.5
T4,single_shot,single_shot,pair_coin,perm,591,295,none,295.0,295,normal_mixture,bonf3,0.0166666666666666,0.0166666666666666,0.0166666666666666,0.05,20,20000,0.0,0.0004,0.0004,0.0,0.000141393069137,0.0,0.00035,0.0,0.0004,192.5,216.0,251.25,,,,,216.0,0.0001005076142131,0.0,,0.0,435.5
T4,single_shot,single_shot,pair_coin,perm,591,295,none,295.0,295,normal_mixture,bonf3,0.0166666666666666,0.0166666666666666,0.0166666666666666,0.1,10,20000,0.0,0.0004,0.0004,0.0,0.000141393069137,5e-05,0.00035,0.0023,0.0004,192.5,216.0,251.25,,,,,216.0,0.0001005076142131,0.0,,0.0,435.5
T4,single_shot,single_shot,pair_coin,perm,591,295,none,295.0,295,normal_mixture,bonf3,0.0166666666666666,0.0166666666666666,0.0166666666666666,0.1,20,20000,0.0,0.0004,0.0004,0.0,0.000141393069137,5e-05,0.00035,0.0023,0.0004,192.5,216.0,251.25,,,,,216.0,0.0001005076142131,0.0,,0.0,435.5
T4,single_shot,single_shot,pair_coin,perm,591,295,none,295.0,295,normal_mixture,bonf3,0.0166666666666666,0.0166666666666666,0.0166666666666666,0.15,10,20000,0.0002,0.0004,0.0006,9.998999949995e-05,0.000141393069137,0.00025,0.00035,0.06715,0.0004,211.5,240.5,278.5,,,,280.0,216.0,0.0001156514382402,0.0,,0.0,482.5
T4,single_shot,single_shot,pair_coin,perm,591,295,none,295.0,295,normal_mixture,bonf3,0.0166666666666666,0.0166666666666666,0.0166666666666666,0.15,20,20000,0.0002,0.0004,0.0006,9.998999949995e-05,0.000141393069137,0.00025,0.00035,0.06715,0.0004,211.5,240.5,278.5,,,,280.0,216.0,0.0001156514382402,0.0,,0.0,482.5
T4,single_shot,single_shot,pair_coin,boot,591,295,none,295.0,295,betting,nosplit_iut,0.05,0.05,0.05,0.03,10,20000,0.0021,0.00885,0.01095,0.0003236966172205,0.0006622566534207,0.003,0.01005,0.0292,0.00885,24.0,56.0,147.5,,,,135.5,51.0,0.007554399323181,0.0,,0.0,113.0
T4,single_shot,single_shot,pair_coin,boot,591,295,none,295.0,295,betting,nosplit_iut,0.05,0.05,0.05,0.03,20,20000,0.0021,0.0073,0.0094,0.0003236966172205,0.0006019431036235,0.00285,0.008,0.0291,0.0073,35.5,77.5,159.25,,,,135.5,62.5,0.0060433164128595,0.0,,0.0,156.0
T4,single_shot,single_shot,pair_coin,boot,591,295,none,295.0,295,betting,nosplit_iut,0.05,0.05,0.05,0.05,10,20000,0.0033,0.00885,0.01215,0.0004055311332068,0.0006622566534207,0.0046,0.01005,0.0768,0.00885,26.0,64.0,153.5,,,,136.0,51.0,0.0081840947546531,0.0,,0.0,129.0
T4,single_shot,single_shot,pair_coin,boot,591,295,none,295.0,295,betting,nosplit_iut,0.05,0.05,0.05,0.05,20,20000,0.00325,0.0073,0.01055,0.0004024572958712,0.0006019431036235,0.0043,0.008,0.07615,0.0073,39.0,84.0,162.5,,,,143.0,62.5,0.0066262267343485,0.0,,0.0,169.0
T4,single_shot,single_shot,pair_coin,boot,591,295,none,295.0,295,betting,nosplit_iut,0.05,0.05,0.05,0.1,10,20000,0.0062,0.00885,0.01505,0.000555047745694,0.0006622566534207,0.0086,0.01005,0.4145,0.00885,29.0,67.0,150.0,,,,110.5,51.0,0.0101366328257191,0.0,,0.0,135.0
T4,single_shot,single_shot,pair_coin,boot,591,295,none,295.0,295,betting,nosplit_iut,0.05,0.05,0.05,0.1,20,20000,0.006,0.0073,0.0133,0.000546076917659,0.0006019431036235,0.00725,0.008,0.4136,0.0073,42.0,86.5,158.0,,,,111.0,62.5,0.0084374788494077,0.0,,0.0,174.0
T4,single_shot,single_shot,pair_coin,boot,591,295,none,295.0,295,betting,nosplit_iut,0.05,0.05,0.05,0.15,10,20000,0.0075,0.00885,0.01635,0.0006100717170956,0.0006622566534207,0.0098,0.01005,0.8629,0.00885,28.5,59.0,142.0,,,,81.0,51.0,0.0112628595600676,0.0,,0.0,122.0
T4,single_shot,single_shot,pair_coin,boot,591,295,none,295.0,295,betting,nosplit_iut,0.05,0.05,0.05,0.15,20,20000,0.00705,0.0073,0.01435,0.0005916205498459,0.0006019431036235,0.00795,0.008,0.8626,0.0073,38.5,74.0,153.0,,,,90.0,62.5,0.009324027072758,0.0,,0.0,150.0
T4,single_shot,single_shot,pair_coin,boot,591,295,none,295.0,295,betting,deploy_bonf2,0.025,0.025,0.05,0.03,10,20000,0.00065,0.00885,0.0095,0.0001802189640409,0.0006622566534207,0.0009,0.00405,0.01525,0.00885,21.25,52.0,125.75,,,,112.0,51.0,0.0068684433164128,0.0,,0.0,105.5
T4,single_shot,single_shot,pair_coin,boot,591,295,none,295.0,295,betting,deploy_bonf2,0.025,0.025,0.05,0.03,20,20000,0.00065,0.0073,0.00795,0.0001802189640409,0.0006019431036235,0.0009,0.0036,0.0152,0.0073,33.0,67.0,147.5,,,,112.0,62.5,0.0053573604060913,0.0,,0.0,135.0
T4,single_shot,single_shot,pair_coin,boot,591,295,none,295.0,295,betting,deploy_bonf2,0.025,0.025,0.05,0.05,10,20000,0.00115,0.00885,0.01,0.0002396536563459,0.0006622566534207,0.00155,0.00405,0.0449,0.00885,22.0,54.5,130.25,,,,128.0,51.0,0.0070884094754653,0.0,,0.0,111.0
T4,single_shot,single_shot,pair_coin,boot,591,295,none,295.0,295,betting,deploy_bonf2,0.025,0.025,0.05,0.05,20,20000,0.00115,0.0073,0.00845,0.0002396536563459,0.0006019431036235,0.00155,0.0036,0.04475,0.0073,34.0,72.0,152.0,,,,128.0,62.5,0.0055773265651438,0.0,,0.0,145.0
T4,single_shot,single_shot,pair_coin,boot,591,295,none,295.0,295,betting,deploy_bonf2,0.025,0.025,0.05,0.1,10,20000,0.00215,0.00885,0.011,0.0003275192742419,0.0006622566534207,0.0034,0.00405,0.3209,0.00885,24.0,59.5,137.5,,,,117.0,51.0,0.0076552453468697,0.0,,0.0,121.0
T4,single_shot,single_shot,pair_coin,boot,591,295,none,295.0,295,betting,deploy_bonf2,0.025,0.025,0.05,0.1,20,20000,0.00215,0.0073,0.00945,0.0003275192742419,0.0006019431036235,0.00305,0.0036,0.3207,0.0073,36.0,77.0,154.0,,,,117.0,62.5,0.0061441624365482,0.0,,0.0,155.0
T4,single_shot,single_shot,pair_coin,boot,591,295,none,295.0,295,betting,deploy_bonf2,0.025,0.025,0.05,0.15,10,20000,0.00295,0.00885,0.0118,0.0003834903844948,0.0006622566534207,0.004,0.00405,0.79705,0.00885,24.0,59.0,128.5,,,,87.0,51.0,0.0083208967851099,0.0,,0.0,119.5
T4,single_shot,single_shot,pair_coin,boot,591,295,none,295.0,295,betting,deploy_bonf2,0.025,0.025,0.05,0.15,20,20000,0.00285,0.0073,0.01015,0.0003769534122408,0.0006019431036235,0.00355,0.0036,0.7968,0.0073,36.0,73.0,149.5,,,,88.0,62.5,0.0067147208121827,0.0,,0.0,147.0
T4,single_shot,single_shot,pair_coin,boot,591,295,none,295.0,295,betting,twosided_equal,0.025,0.025,0.025,0.03,10,20000,0.00065,0.004,0.00465,0.0001802189640409,0.0004463182720884,0.0009,0.00405,0.01525,0.004,29.0,70.0,158.0,,,,112.0,59.5,0.0031313028764805,0.0,,0.0,141.0
T4,single_shot,single_shot,pair_coin,boot,591,295,none,295.0,295,betting,twosided_equal,0.025,0.025,0.025,0.03,20,20000,0.00065,0.00355,0.0042,0.0001802189640409,0.0004205590029948,0.0009,0.0036,0.0152,0.00355,33.75,86.0,160.0,,,,112.0,77.0,0.0026988155668358,0.0,,0.0,173.5
T4,single_shot,single_shot,pair_coin,boot,591,295,none,295.0,295,betting,twosided_equal,0.025,0.025,0.025,0.05,10,20000,0.00115,0.004,0.00515,0.0002396536563459,0.0004463182720884,0.00155,0.00405,0.0449,0.004,30.0,82.0,160.0,,,,128.0,59.5,0.0033512690355329,0.0,,0.0,165.0
T4,single_shot,single_shot,pair_coin,boot,591,295,none,295.0,295,betting,twosided_equal,0.025,0.025,0.025,0.05,20,20000,0.00115,0.00355,0.0047,0.0002396536563459,0.0004205590029948,0.00155,0.0036,0.04475,0.00355,35.0,99.5,167.5,,,,128.0,77.0,0.0029187817258883,0.0,,0.0,200.5
T4,single_shot,single_shot,pair_coin,boot,591,295,none,295.0,295,betting,twosided_equal,0.025,0.025,0.025,0.1,10,20000,0.00215,0.004,0.00615,0.0003275192742419,0.0004463182720884,0.0034,0.00405,0.3209,0.004,33.0,88.0,167.0,,,,117.0,59.5,0.0039181049069373,0.0,,0.0,177.0
T4,single_shot,single_shot,pair_coin,boot,591,295,none,295.0,295,betting,twosided_equal,0.025,0.025,0.025,0.1,20,20000,0.00215,0.00355,0.0057,0.0003275192742419,0.0004205590029948,0.00305,0.0036,0.3207,0.00355,39.75,98.0,170.25,,,,117.0,77.0,0.0034856175972927,0.0,,0.0,199.0
T4,single_shot,single_shot,pair_coin,boot,591,295,none,295.0,295,betting,twosided_equal,0.025,0.025,0.025,0.15,10,20000,0.00295,0.004,0.00695,0.0003834903844948,0.0004463182720884,0.004,0.00405,0.79705,0.004,33.0,77.0,158.5,,,,87.0,59.5,0.0045837563451776,0.0,,0.0,156.0
T4,single_shot,single_shot,pair_coin,boot,591,295,none,295.0,295,betting,twosided_equal,0.025,0.025,0.025,0.15,20,20000,0.00285,0.00355,0.0064,0.0003769534122408,0.0004205590029948,0.00355,0.0036,0.7968,0.00355,36.0,82.5,161.5,,,,88.0,77.0,0.0040561759729272,0.0,,0.0,167.0
T4,single_shot,single_shot,pair_coin,boot,591,295,none,295.0,295,betting,bonf3,0.0166666666666666,0.0166666666666666,0.0166666666666666,0.03,10,20000,0.00035,0.00305,0.0034,0.0001322644132032,0.0003899164974709,0.0004,0.0027,0.0108,0.00305,24.0,58.5,163.25,,,,130.0,54.0,0.0022947546531302,0.0,,0.0,118.5
T4,single_shot,single_shot,pair_coin,boot,591,295,none,295.0,295,betting,bonf3,0.0166666666666666,0.0166666666666666,0.0166666666666666,0.03,20,20000,0.00035,0.0026,0.00295,0.0001322644132032,0.0003600861008147,0.0004,0.0021,0.01075,0.0026,32.0,75.0,170.0,,,,130.0,71.5,0.0018617597292724,0.0,,0.0,151.0
T4,single_shot,single_shot,pair_coin,boot,591,295,none,295.0,295,betting,bonf3,0.0166666666666666,0.0166666666666666,0.0166666666666666,0.05,10,20000,0.00055,0.00305,0.0036,0.0001657856296546,0.0003899164974709,0.00085,0.0027,0.03355,0.00305,25.5,70.5,167.0,,,,154.0,54.0,0.0023578680203045,0.0,,0.0,143.5
T4,single_shot,single_shot,pair_coin,boot,591,295,none,295.0,295,betting,bonf3,0.0166666666666666,0.0166666666666666,0.0166666666666666,0.05,20,20000,0.00055,0.0026,0.00315,0.0001657856296546,0.0003600861008147,0.00085,0.0021,0.0335,0.0026,33.0,79.0,174.0,,,,154.0,71.5,0.0019248730964467,0.0,,0.0,160.0
T4,single_shot,single_shot,pair_coin,boot,591,295,none,295.0,295,betting,bonf3,0.0166666666666666,0.0166666666666666,0.0166666666666666,0.1,10,20000,0.0012,0.00305,0.00425,0.0002448019607764,0.0003899164974709,0.0021,0.0027,0.27505,0.00305,30.0,76.0,173.0,,,,137.0,54.0,0.0026907783417935,0.0,,0.0,154.0
T4,single_shot,single_shot,pair_coin,boot,591,295,none,295.0,295,betting,bonf3,0.0166666666666666,0.0166666666666666,0.0166666666666666,0.1,20,20000,0.0012,0.0026,0.0038,0.0002448019607764,0.0003600861008147,0.00185,0.0021,0.2749,0.0026,33.75,97.0,179.0,,,,137.0,71.5,0.0022577834179357,0.0,,0.0,195.0
T4,single_shot,single_shot,pair_coin,boot,591,295,none,295.0,295,betting,bonf3,0.0166666666666666,0.0166666666666666,0.0166666666666666,0.15,10,20000,0.0017,0.00305,0.00475,0.0002912996738755,0.0003899164974709,0.00265,0.0027,0.758,0.00305,30.5,70.0,165.5,,,,92.5,54.0,0.003112013536379,0.0,,0.0,141.0
T4,single_shot,single_shot,pair_coin,boot,591,295,none,295.0,295,betting,bonf3,0.0166666666666666,0.0166666666666666,0.0166666666666666,0.15,20,20000,0.00165,0.0026,0.00425,0.0002869910712896,0.0003600861008147,0.00205,0.0021,0.75785,0.0026,36.0,79.0,173.0,,,,97.0,71.5,0.0026319796954314,0.0,,0.0,160.0
T4,single_shot,single_shot,pair_coin,boot,591,295,none,295.0,295,normal_mixture,nosplit_iut,0.05,0.05,0.05,0.03,10,20000,0.0,0.00195,0.00195,0.0,0.0003119453077063,0.0,0.00195,0.0,0.00195,160.0,178.0,218.5,,,,,178.0,0.0007340101522842,0.0,,0.0,357.0
T4,single_shot,single_shot,pair_coin,boot,591,295,none,295.0,295,normal_mixture,nosplit_iut,0.05,0.05,0.05,0.03,20,20000,0.0,0.00195,0.00195,0.0,0.0003119453077063,0.0,0.00195,0.0,0.00195,160.0,178.0,218.5,,,,,178.0,0.0007340101522842,0.0,,0.0,357.0
T4,single_shot,single_shot,pair_coin,boot,591,295,none,295.0,295,normal_mixture,nosplit_iut,0.05,0.05,0.05,0.05,10,20000,0.0,0.00195,0.00195,0.0,0.0003119453077063,0.0,0.00195,0.00035,0.00195,160.0,178.0,218.5,,,,,178.0,0.0007340101522842,0.0,,0.0,357.0
T4,single_shot,single_shot,pair_coin,boot,591,295,none,295.0,295,normal_mixture,nosplit_iut,0.05,0.05,0.05,0.05,20,20000,0.0,0.00195,0.00195,0.0,0.0003119453077063,0.0,0.00195,0.00035,0.00195,160.0,178.0,218.5,,,,,178.0,0.0007340101522842,0.0,,0.0,357.0
T4,single_shot,single_shot,pair_coin,boot,591,295,none,295.0,295,normal_mixture,nosplit_iut,0.05,0.05,0.05,0.1,10,20000,0.00055,0.00195,0.0025,0.0001657856296546,0.0003119453077063,0.0007,0.00195,0.0191,0.00195,162.5,193.5,254.75,,,,256.0,178.0,0.0008033840947546,0.0,,0.0,388.0
T4,single_shot,single_shot,pair_coin,boot,591,295,none,295.0,295,normal_mixture,nosplit_iut,0.05,0.05,0.05,0.1,20,20000,0.00055,0.00195,0.0025,0.0001657856296546,0.0003119453077063,0.0007,0.00195,0.0191,0.00195,162.5,193.5,254.75,,,,256.0,178.0,0.0008033840947546,0.0,,0.0,388.0
T4,single_shot,single_shot,pair_coin,boot,591,295,none,295.0,295,normal_mixture,nosplit_iut,0.05,0.05,0.05,0.15,10,20000,0.00155,0.00195,0.0035,0.0002781723836041,0.0003119453077063,0.0018,0.00195,0.23005,0.00195,162.5,196.5,245.0,,,,237.0,178.0,0.0011359560067681,0.0,,0.0,396.0
T4,single_shot,single_shot,pair_coin,boot,591,295,none,295.0,295,normal_mixture,nosplit_iut,0.05,0.05,0.05,0.15,20,20000,0.00155,0.00195,0.0035,0.0002781723836041,0.0003119453077063,0.0018,0.00195,0.23005,0.00195,162.5,196.5,245.0,,,,237.0,178.0,0.0011359560067681,0.0,,0.0,396.0
T4,single_shot,single_shot,pair_coin,boot,591,295,none,295.0,295,normal_mixture,deploy_bonf2,0.025,0.025,0.05,0.03,10,20000,0.0,0.00195,0.00195,0.0,0.0003119453077063,0.0,0.00045,0.0,0.00195,160.0,178.0,218.5,,,,,178.0,0.0007340101522842,0.0,,0.0,357.0
T4,single_shot,single_shot,pair_coin,boot,591,295,none,295.0,295,normal_mixture,deploy_bonf2,0.025,0.025,0.05,0.03,20,20000,0.0,0.00195,0.00195,0.0,0.0003119453077063,0.0,0.00045,0.0,0.00195,160.0,178.0,218.5,,,,,178.0,0.0007340101522842,0.0,,0.0,357.0
T4,single_shot,single_shot,pair_coin,boot,591,295,none,295.0,295,normal_mixture,deploy_bonf2,0.025,0.025,0.05,0.05,10,20000,0.0,0.00195,0.00195,0.0,0.0003119453077063,0.0,0.00045,0.0,0.00195,160.0,178.0,218.5,,,,,178.0,0.0007340101522842,0.0,,0.0,357.0
T4,single_shot,single_shot,pair_coin,boot,591,295,none,295.0,295,normal_mixture,deploy_bonf2,0.025,0.025,0.05,0.05,20,20000,0.0,0.00195,0.00195,0.0,0.0003119453077063,0.0,0.00045,0.0,0.00195,160.0,178.0,218.5,,,,,178.0,0.0007340101522842,0.0,,0.0,357.0
T4,single_shot,single_shot,pair_coin,boot,591,295,none,295.0,295,normal_mixture,deploy_bonf2,0.025,0.025,0.05,0.1,10,20000,0.0001,0.00195,0.00205,7.070714249635605e-05,0.0003119453077063,0.0001,0.00045,0.00435,0.00195,160.0,182.0,221.0,,,,274.0,178.0,0.0007410321489001,0.0,,0.0,365.0
T4,single_shot,single_shot,pair_coin,boot,591,295,none,295.0,295,normal_mixture,deploy_bonf2,0.025,0.025,0.05,0.1,20,20000,0.0001,0.00195,0.00205,7.070714249635605e-05,0.0003119453077063,0.0001,0.00045,0.00435,0.00195,160.0,182.0,221.0,,,,274.0,178.0,0.0007410321489001,0.0,,0.0,365.0
T4,single_shot,single_shot,pair_coin,boot,591,295,none,295.0,295,normal_mixture,deploy_bonf2,0.025,0.025,0.05,0.15,10,20000,0.0003,0.00195,0.00225,0.000122456114588,0.0003119453077063,0.0004,0.00045,0.11285,0.00195,161.0,187.0,254.0,,,,266.0,178.0,0.0007587140439932,0.0,,0.0,375.0
T4,single_shot,single_shot,pair_coin,boot,591,295,none,295.0,295,normal_mixture,deploy_bonf2,0.025,0.025,0.05,0.15,20,20000,0.0003,0.00195,0.00225,0.000122456114588,0.0003119453077063,0.0004,0.00045,0.11285,0.00195,161.0,187.0,254.0,,,,266.0,178.0,0.0007587140439932,0.0,,0.0,375.0
T4,single_shot,single_shot,pair_coin,boot,591,295,none,295.0,295,normal_mixture,twosided_equal,0.025,0.025,0.025,0.03,10,20000,0.0,0.00085,0.00085,0.0,0.00020606764666,0.0,0.00045,0.0,0.00085,189.0,213.0,268.0,,,,,213.0,0.0002408629441624,0.0,,0.0,427.0
T4,single_shot,single_shot,pair_coin,boot,591,295,none,295.0,295,normal_mixture,twosided_equal,0.025,0.025,0.025,0.03,20,20000,0.0,0.00085,0.00085,0.0,0.00020606764666,0.0,0.00045,0.0,0.00085,189.0,213.0,268.0,,,,,213.0,0.0002408629441624,0.0,,0.0,427.0
T4,single_shot,single_shot,pair_coin,boot,591,295,none,295.0,295,normal_mixture,twosided_equal,0.025,0.025,0.025,0.05,10,20000,0.0,0.00085,0.00085,0.0,0.00020606764666,0.0,0.00045,0.0,0.00085,189.0,213.0,268.0,,,,,213.0,0.0002408629441624,0.0,,0.0,427.0
T4,single_shot,single_shot,pair_coin,boot,591,295,none,295.0,295,normal_mixture,twosided_equal,0.025,0.025,0.025,0.05,20,20000,0.0,0.00085,0.00085,0.0,0.00020606764666,0.0,0.00045,0.0,0.00085,189.0,213.0,268.0,,,,,213.0,0.0002408629441624,0.0,,0.0,427.0
T4,single_shot,single_shot,pair_coin,boot,591,295,none,295.0,295,normal_mixture,twosided_equal,0.025,0.025,0.025,0.1,10,20000,0.0001,0.00085,0.00095,7.070714249635605e-05,0.00020606764666,0.0001,0.00045,0.00435,0.00085,189.5,224.0,268.0,,,,274.0,213.0,0.0002478849407783,0.0,,0.0,449.0
T4,single_shot,single_shot,pair_coin,boot,591,295,none,295.0,295,normal_mixture,twosided_equal,0.025,0.025,0.025,0.1,20,20000,0.0001,0.00085,0.00095,7.070714249635605e-05,0.00020606764666,0.0001,0.00045,0.00435,0.00085,189.5,224.0,268.0,,,,274.0,213.0,0.0002478849407783,0.0,,0.0,449.0
T4,single_shot,single_shot,pair_coin,boot,591,295,none,295.0,295,normal_mixture,twosided_equal,0.025,0.025,0.025,0.15,10,20000,0.0003,0.00085,0.00115,0.000122456114588,0.00020606764666,0.0004,0.00045,0.11285,0.00085,196.0,237.0,268.0,,,,266.0,213.0,0.0002655668358714,0.0,,0.0,475.0
T4,single_shot,single_shot,pair_coin,boot,591,295,none,295.0,295,normal_mixture,twosided_equal,0.025,0.025,0.025,0.15,20,20000,0.0003,0.00085,0.00115,0.000122456114588,0.00020606764666,0.0004,0.00045,0.11285,0.00085,196.0,237.0,268.0,,,,266.0,213.0,0.0002655668358714,0.0,,0.0,475.0
T4,single_shot,single_shot,pair_coin,boot,591,295,none,295.0,295,normal_mixture,bonf3,0.0166666666666666,0.0166666666666666,0.0166666666666666,0.03,10,20000,0.0,0.0003,0.0003,0.0,0.000122456114588,0.0,0.00015,0.0,0.0003,198.5,212.5,239.25,,,,,212.5,7.876480541455161e-05,0.0,,0.0,427.0
T4,single_shot,single_shot,pair_coin,boot,591,295,none,295.0,295,normal_mixture,bonf3,0.0166666666666666,0.0166666666666666,0.0166666666666666,0.03,20,20000,0.0,0.0003,0.0003,0.0,0.000122456114588,0.0,0.00015,0.0,0.0003,198.5,212.5,239.25,,,,,212.5,7.876480541455161e-05,0.0,,0.0,427.0
T4,single_shot,single_shot,pair_coin,boot,591,295,none,295.0,295,normal_mixture,bonf3,0.0166666666666666,0.0166666666666666,0.0166666666666666,0.05,10,20000,0.0,0.0003,0.0003,0.0,0.000122456114588,0.0,0.00015,0.0,0.0003,198.5,212.5,239.25,,,,,212.5,7.876480541455161e-05,0.0,,0.0,427.0
T4,single_shot,single_shot,pair_coin,boot,591,295,none,295.0,295,normal_mixture,bonf3,0.0166666666666666,0.0166666666666666,0.0166666666666666,0.05,20,20000,0.0,0.0003,0.0003,0.0,0.000122456114588,0.0,0.00015,0.0,0.0003,198.5,212.5,239.25,,,,,212.5,7.876480541455161e-05,0.0,,0.0,427.0
T4,single_shot,single_shot,pair_coin,boot,591,295,none,295.0,295,normal_mixture,bonf3,0.0166666666666666,0.0166666666666666,0.0166666666666666,0.1,10,20000,0.0,0.0003,0.0003,0.0,0.000122456114588,0.0,0.00015,0.0022,0.0003,198.5,212.5,239.25,,,,,212.5,7.876480541455161e-05,0.0,,0.0,427.0
T4,single_shot,single_shot,pair_coin,boot,591,295,none,295.0,295,normal_mixture,bonf3,0.0166666666666666,0.0166666666666666,0.0166666666666666,0.1,20,20000,0.0,0.0003,0.0003,0.0,0.000122456114588,0.0,0.00015,0.0022,0.0003,198.5,212.5,239.25,,,,,212.5,7.876480541455161e-05,0.0,,0.0,427.0
T4,single_shot,single_shot,pair_coin,boot,591,295,none,295.0,295,normal_mixture,bonf3,0.0166666666666666,0.0166666666666666,0.0166666666666666,0.15,10,20000,0.0001,0.0003,0.0004,7.070714249635605e-05,0.000122456114588,0.0001,0.00015,0.07,0.0003,205.5,229.0,255.75,,,,262.0,212.5,8.993231810490694e-05,0.0,,0.0,459.0
T4,single_shot,single_shot,pair_coin,boot,591,295,none,295.0,295,normal_mixture,bonf3,0.0166666666666666,0.0166666666666666,0.0166666666666666,0.15,20,20000,0.0001,0.0003,0.0004,7.070714249635605e-05,0.000122456114588,0.0001,0.00015,0.07,0.0003,205.5,229.0,255.75,,,,262.0,212.5,8.993231810490694e-05,0.0,,0.0,459.0
T4,single_shot,single_shot,pair_coin,boot,1138,569,none,569.0,569,betting,nosplit_iut,0.05,0.05,0.05,0.03,10,20000,0.00375,0.0119,0.01565,0.0004322000404905,0.0007667590886321,0.0051,0.01095,0.05735,0.0119,30.0,99.0,238.0,,,,226.0,74.5,0.0114368189806678,0.0,,0.0,199.0
T4,single_shot,single_shot,pair_coin,boot,1138,569,none,569.0,569,betting,nosplit_iut,0.05,0.05,0.05,0.03,20,20000,0.00375,0.0099,0.01365,0.0004322000404905,0.0007000710678209,0.0047,0.0091,0.0573,0.0099,54.0,122.0,268.0,,,,226.0,103.5,0.0094456502636203,0.0,,0.0,245.0
T4,single_shot,single_shot,pair_coin,boot,1138,569,none,569.0,569,betting,nosplit_iut,0.05,0.05,0.05,0.05,10,20000,0.0051,0.0119,0.017,0.0005036859140377,0.0007667590886321,0.00735,0.01095,0.17145,0.0119,30.75,103.5,251.5,,,,211.5,74.5,0.0123553163444639,0.0,,0.0,208.5
T4,single_shot,single_shot,pair_coin,boot,1138,569,none,569.0,569,betting,nosplit_iut,0.05,0.05,0.05,0.05,20,20000,0.005,0.0099,0.0149,0.0004987484335815,0.0007000710678209,0.0067,0.0091,0.1712,0.0099,55.25,129.0,273.75,,,,220.0,103.5,0.0102666959578207,0.0,,0.0,260.5
T4,single_shot,single_shot,pair_coin,boot,1138,569,none,569.0,569,betting,nosplit_iut,0.05,0.05,0.05,0.1,10,20000,0.0072,0.0119,0.0191,0.0005978360979398,0.0007667590886321,0.0105,0.01095,0.79475,0.0119,33.5,101.0,245.25,,,,173.0,74.5,0.0139139279437609,0.0,,0.0,204.5
T4,single_shot,single_shot,pair_coin,boot,1138,569,none,569.0,569,betting,nosplit_iut,0.05,0.05,0.05,0.1,20,20000,0.007,0.0099,0.0169,0.0005895337140486,0.0007000710678209,0.00885,0.0091,0.79445,0.0099,57.0,124.0,270.75,,,,183.5,103.5,0.0117279437609841,0.0,,0.0,249.0
T4,single_shot,single_shot,pair_coin,boot,1138,569,none,569.0,569,betting,nosplit_iut,0.05,0.05,0.05,0.15,10,20000,0.008,0.0119,0.0199,0.0006299206299209,0.0007667590886321,0.01095,0.01095,0.99595,0.0119,32.0,95.5,239.5,,,,140.0,74.5,0.0146542618629173,0.0,,0.0,192.0
T4,single_shot,single_shot,pair_coin,boot,1138,569,none,569.0,569,betting,nosplit_iut,0.05,0.05,0.05,0.15,20,20000,0.0077,0.0099,0.0176,0.0006180902037728,0.0007000710678209,0.0091,0.0091,0.99595,0.0099,52.0,119.0,268.0,,,,142.0,103.5,0.0123706063268892,0.0,,0.0,239.0
T4,single_shot,single_shot,pair_coin,boot,1138,569,none,569.0,569,betting,deploy_bonf2,0.025,0.025,0.05,0.03,10,20000,0.0016,0.0119,0.0135,0.0002826163477224,0.0007667590886321,0.0019,0.00455,0.0333,0.0119,26.0,85.5,223.25,,,,295.0,74.5,0.0100984182776801,0.0,,0.0,172.5
T4,single_shot,single_shot,pair_coin,boot,1138,569,none,569.0,569,betting,deploy_bonf2,0.025,0.025,0.05,0.03,20,20000,0.0016,0.0099,0.0115,0.0002826163477224,0.0007000710678209,0.0018,0.0043,0.03325,0.0099,47.0,116.0,260.75,,,,295.0,103.5,0.0081072495606326,0.0,,0.0,233.5
T4,single_shot,single_shot,pair_coin,boot,1138,569,none,569.0,569,betting,deploy_bonf2,0.025,0.025,0.05,0.05,10,20000,0.0025,0.0119,0.0144,0.0003531111722956,0.0007667590886321,0.0031,0.00455,0.11365,0.0119,27.0,91.5,224.75,,,,227.5,74.5,0.0107077768014059,0.0,,0.0,184.0
T4,single_shot,single_shot,pair_coin,boot,1138,569,none,569.0,569,betting,deploy_bonf2,0.025,0.025,0.05,0.05,20,20000,0.0025,0.0099,0.0124,0.0003531111722956,0.0007000710678209,0.003,0.0043,0.1136,0.0099,49.25,117.5,260.25,,,,227.5,103.5,0.0087166080843585,0.0,,0.0,236.5
T4,single_shot,single_shot,pair_coin,boot,1138,569,none,569.0,569,betting,deploy_bonf2,0.025,0.025,0.05,0.1,10,20000,0.00355,0.0119,0.01545,0.0004205590029948,0.0007667590886321,0.00425,0.00455,0.71145,0.0119,28.0,91.0,221.0,,,,191.0,74.5,0.0115206942003514,0.0,,0.0,183.0
T4,single_shot,single_shot,pair_coin,boot,1138,569,none,569.0,569,betting,deploy_bonf2,0.025,0.025,0.05,0.1,20,20000,0.00355,0.0099,0.01345,0.0004205590029948,0.0007000710678209,0.0041,0.0043,0.71145,0.0099,47.0,117.0,250.0,,,,191.0,103.5,0.009529525483304,0.0,,0.0,236.0
T4,single_shot,single_shot,pair_coin,boot,1138,569,none,569.0,569,betting,deploy_bonf2,0.025,0.025,0.05,0.15,10,20000,0.00395,0.0119,0.01585,0.0004435311432131,0.0007667590886321,0.00455,0.00455,0.99185,0.0119,27.0,86.0,215.0,,,,145.0,74.5,0.0118941564147627,0.0,,0.0,175.0
T4,single_shot,single_shot,pair_coin,boot,1138,569,none,569.0,569,betting,deploy_bonf2,0.025,0.025,0.05,0.15,20,20000,0.00385,0.0099,0.01375,0.0004379028145604,0.0007000710678209,0.0043,0.0043,0.9918,0.0099,47.0,114.0,244.5,,,,151.0,103.5,0.0098058875219683,0.0,,0.0,230.0
T4,single_shot,single_shot,pair_coin,boot,1138,569,none,569.0,569,betting,twosided_equal,0.025,0.025,0.025,0.03,10,20000,0.0016,0.0051,0.0067,0.0002826163477224,0.0005036859140377,0.0019,0.00455,0.0333,0.0051,48.5,106.0,277.0,,,,295.0,83.0,0.0046838752196836,0.0,,0.0,213.5
T4,single_shot,single_shot,pair_coin,boot,1138,569,none,569.0,569,betting,twosided_equal,0.025,0.025,0.025,0.03,20,20000,0.0016,0.0045,0.0061,0.0002826163477224,0.0004732731769285,0.0018,0.0043,0.03325,0.0045,61.0,119.0,296.0,,,,295.0,100.0,0.004095913884007,0.0,,0.0,241.0
T4,single_shot,single_shot,pair_coin,boot,1138,569,none,569.0,569,betting,twosided_equal,0.025,0.025,0.025,0.05,10,20000,0.0025,0.0051,0.0076,0.0003531111722956,0.0005036859140377,0.0031,0.00455,0.11365,0.0051,53.0,110.0,279.25,,,,227.5,83.0,0.0052932337434094,0.0,,0.0,221.5
T4,single_shot,single_shot,pair_coin,boot,1138,569,none,569.0,569,betting,twosided_equal,0.025,0.025,0.025,0.05,20,20000,0.0025,0.0045,0.007,0.0003531111722956,0.0004732731769285,0.003,0.0043,0.1136,0.0045,60.75,125.5,291.0,,,,227.5,100.0,0.0047052724077328,0.0,,0.0,252.5
T4,single_shot,single_shot,pair_coin,boot,1138,569,none,569.0,569,betting,twosided_equal,0.025,0.025,0.025,0.1,10,20000,0.00355,0.0051,0.00865,0.0004205590029948,0.0005036859140377,0.00425,0.00455,0.71145,0.0051,48.0,109.0,272.0,,,,191.0,83.0,0.006106151142355,0.0,,0.0,220.0
T4,single_shot,single_shot,pair_coin,boot,1138,569,none,569.0,569,betting,twosided_equal,0.025,0.025,0.025,0.1,20,20000,0.00355,0.0045,0.00805,0.0004205590029948,0.0004732731769285,0.0041,0.0043,0.71145,0.0045,59.0,124.0,283.0,,,,191.0,100.0,0.0055181898066783,0.0,,0.0,249.0
T4,single_shot,single_shot,pair_coin,boot,1138,569,none,569.0,569,betting,twosided_equal,0.025,0.025,0.025,0.15,10,20000,0.00395,0.0051,0.00905,0.0004435311432131,0.0005036859140377,0.00455,0.00455,0.99185,0.0051,47.0,100.0,256.0,,,,145.0,83.0,0.0064796133567662,0.0,,0.0,204.0
T4,single_shot,single_shot,pair_coin,boot,1138,569,none,569.0,569,betting,twosided_equal,0.025,0.025,0.025,0.15,20,20000,0.00385,0.0045,0.00835,0.0004379028145604,0.0004732731769285,0.0043,0.0043,0.9918,0.0045,56.0,113.0,276.0,,,,151.0,100.0,0.0057945518453427,0.0,,0.0,227.0
T4,single_shot,single_shot,pair_coin,boot,1138,569,none,569.0,569,betting,bonf3,0.0166666666666666,0.0166666666666666,0.0166666666666666,0.03,10,20000,0.001,0.00355,0.00455,0.0002234949663862,0.0004205590029948,0.0013,0.0034,0.02435,0.00355,39.0,92.0,266.0,,,,297.0,75.0,0.0032970123022847,0.0,,0.0,185.0
T4,single_shot,single_shot,pair_coin,boot,1138,569,none,569.0,569,betting,bonf3,0.0166666666666666,0.0166666666666666,0.0166666666666666,0.03,20,20000,0.001,0.00295,0.00395,0.0002234949663862,0.0003834903844948,0.0012,0.00315,0.0243,0.00295,60.5,114.0,282.0,,,,297.0,92.0,0.0027083040421792,0.0,,0.0,231.0
T4,single_shot,single_shot,pair_coin,boot,1138,569,none,569.0,569,betting,bonf3,0.0166666666666666,0.0166666666666666,0.0166666666666666,0.05,10,20000,0.0018,0.00355,0.00535,0.0002997298783905,0.0004205590029948,0.0022,0.0034,0.0907,0.00355,42.5,104.0,278.0,,,,236.5,75.0,0.0037938488576449,0.0,,0.0,209.0
T4,single_shot,single_shot,pair_coin,boot,1138,569,none,569.0,569,betting,bonf3,0.0166666666666666,0.0166666666666666,0.0166666666666666,0.05,20,20000,0.0018,0.00295,0.00475,0.0002997298783905,0.0003834903844948,0.0021,0.00315,0.09065,0.00295,62.0,123.0,286.5,,,,236.5,92.0,0.0032051405975395,0.0,,0.0,248.0
T4,single_shot,single_shot,pair_coin,boot,1138,569,none,569.0,569,betting,bonf3,0.0166666666666666,0.0166666666666666,0.0166666666666666,0.1,10,20000,0.0025,0.00355,0.00605,0.0003531111722956,0.0004205590029948,0.00315,0.0034,0.666,0.00355,42.0,104.0,259.0,,,,154.5,75.0,0.0043405096660808,0.0,,0.0,209.0
T4,single_shot,single_shot,pair_coin,boot,1138,569,none,569.0,569,betting,bonf3,0.0166666666666666,0.0166666666666666,0.0166666666666666,0.1,20,20000,0.0025,0.00295,0.00545,0.0003531111722956,0.0003834903844948,0.00295,0.00315,0.66595,0.00295,60.0,114.0,284.0,,,,154.5,92.0,0.0037518014059753,0.0,,0.0,231.0
T4,single_shot,single_shot,pair_coin,boot,1138,569,none,569.0,569,betting,bonf3,0.0166666666666666,0.0166666666666666,0.0166666666666666,0.15,10,20000,0.00285,0.00355,0.0064,0.0003769534122408,0.0004205590029948,0.0034,0.0034,0.98855,0.00355,40.75,94.5,255.75,,,,144.0,75.0,0.004666827768014,0.0,,0.0,190.0
T4,single_shot,single_shot,pair_coin,boot,1138,569,none,569.0,569,betting,bonf3,0.0166666666666666,0.0166666666666666,0.0166666666666666,0.15,20,20000,0.0028,0.00295,0.00575,0.0003736415394465,0.0003834903844948,0.00315,0.00315,0.9885,0.00295,53.5,109.0,278.0,,,,146.5,92.0,0.0040293057996485,0.0,,0.0,220.0
T4,single_shot,single_shot,pair_coin,boot,1138,569,none,569.0,569,normal_mixture,nosplit_iut,0.05,0.05,0.05,0.03,10,20000,0.0002,0.00345,0.00365,9.998999949995e-05,0.0004146141278345,0.00025,0.00405,0.00075,0.00345,194.0,293.0,411.0,,,,402.0,280.0,0.0016858523725834,0.0,,0.0,588.0
T4,single_shot,single_shot,pair_coin,boot,1138,569,none,569.0,569,normal_mixture,nosplit_iut,0.05,0.05,0.05,0.03,20,20000,0.0002,0.00345,0.00365,9.998999949995e-05,0.0004146141278345,0.00025,0.00405,0.00075,0.00345,194.0,293.0,411.0,,,,402.0,280.0,0.0016858523725834,0.0,,0.0,588.0
T4,single_shot,single_shot,pair_coin,boot,1138,569,none,569.0,569,normal_mixture,nosplit_iut,0.05,0.05,0.05,0.05,10,20000,0.0007,0.00345,0.00415,0.0001870173788715,0.0004146141278345,0.0008,0.00405,0.004,0.00345,202.5,313.0,445.0,,,,475.5,280.0,0.0018199472759226,0.0,,0.0,627.0
T4,single_shot,single_shot,pair_coin,boot,1138,569,none,569.0,569,normal_mixture,nosplit_iut,0.05,0.05,0.05,0.05,20,20000,0.0007,0.00345,0.00415,0.0001870173788715,0.0004146141278345,0.0008,0.00405,0.004,0.00345,202.5,313.0,445.0,,,,475.5,280.0,0.0018199472759226,0.0,,0.0,627.0
T4,single_shot,single_shot,pair_coin,boot,1138,569,none,569.0,569,normal_mixture,nosplit_iut,0.05,0.05,0.05,0.1,10,20000,0.00295,0.00345,0.0064,0.0003834903844948,0.0004146141278345,0.00345,0.00405,0.1937,0.00345,234.5,321.0,411.75,,,,343.0,280.0,0.0027560632688927,0.0,,0.0,643.5
T4,single_shot,single_shot,pair_coin,boot,1138,569,none,569.0,569,normal_mixture,nosplit_iut,0.05,0.05,0.05,0.1,20,20000,0.00295,0.00345,0.0064,0.0003834903844948,0.0004146141278345,0.00345,0.00405,0.1937,0.00345,234.5,321.0,411.75,,,,343.0,280.0,0.0027560632688927,0.0,,0.0,643.5
T4,single_shot,single_shot,pair_coin,boot,1138,569,none,569.0,569,normal_mixture,nosplit_iut,0.05,0.05,0.05,0.15,10,20000,0.00395,0.00345,0.0074,0.0004435311432131,0.0004146141278345,0.00405,0.00405,0.8387,0.00345,219.5,316.5,398.0,,,,321.0,280.0,0.0033634885764499,0.0,,0.0,635.0
T4,single_shot,single_shot,pair_coin,boot,1138,569,none,569.0,569,normal_mixture,nosplit_iut,0.05,0.05,0.05,0.15,20,20000,0.00395,0.00345,0.0074,0.0004435311432131,0.0004146141278345,0.00405,0.00405,0.8387,0.00345,219.5,316.5,398.0,,,,321.0,280.0,0.0033634885764499,0.0,,0.0,635.0
T4,single_shot,single_shot,pair_coin,boot,1138,569,none,569.0,569,normal_mixture,deploy_bonf2,0.025,0.025,0.05,0.03,10,20000,5e-05,0.00345,0.0035,4.999874998437461e-05,0.0004146141278345,5e-05,0.00165,0.0002,0.00345,192.5,286.5,409.5,,,,375.0,280.0,0.0016461335676625,0.0,,0.0,574.0
T4,single_shot,single_shot,pair_coin,boot,1138,569,none,569.0,569,normal_mixture,deploy_bonf2,0.025,0.025,0.05,0.03,20,20000,5e-05,0.00345,0.0035,4.999874998437461e-05,0.0004146141278345,5e-05,0.00165,0.0002,0.00345,192.5,286.5,409.5,,,,375.0,280.0,0.0016461335676625,0.0,,0.0,574.0
T4,single_shot,single_shot,pair_coin,boot,1138,569,none,569.0,569,normal_mixture,deploy_bonf2,0.025,0.025,0.05,0.05,10,20000,0.00015,0.00345,0.0036,8.659604494432757e-05,0.0004146141278345,0.0003,0.00165,0.0015,0.00345,193.5,293.0,410.25,,,,322.0,280.0,0.0016806239015817,0.0,,0.0,587.5
T4,single_shot,single_shot,pair_coin,boot,1138,569,none,569.0,569,normal_mixture,deploy_bonf2,0.025,0.025,0.05,0.05,20,20000,0.00015,0.00345,0.0036,8.659604494432757e-05,0.0004146141278345,0.0003,0.00165,0.0015,0.00345,193.5,293.0,410.25,,,,322.0,280.0,0.0016806239015817,0.0,,0.0,587.5
T4,single_shot,single_shot,pair_coin,boot,1138,569,none,569.0,569,normal_mixture,deploy_bonf2,0.025,0.025,0.05,0.1,10,20000,0.0013,0.00345,0.00475,0.000254785203652,0.0004146141278345,0.00155,0.00165,0.10035,0.00345,220.5,324.0,420.5,,,,381.0,280.0,0.0020587434094903,0.0,,0.0,649.0
T4,single_shot,single_shot,pair_coin,boot,1138,569,none,569.0,569,normal_mixture,deploy_bonf2,0.025,0.025,0.05,0.1,20,20000,0.0013,0.00345,0.00475,0.000254785203652,0.0004146141278345,0.00155,0.00165,0.10035,0.00345,220.5,324.0,420.5,,,,381.0,280.0,0.0020587434094903,0.0,,0.0,649.0
T4,single_shot,single_shot,pair_coin,boot,1138,569,none,569.0,569,normal_mixture,deploy_bonf2,0.025,0.025,0.05,0.15,10,20000,0.0016,0.00345,0.00505,0.0002826163477224,0.0004146141278345,0.00165,0.00165,0.71855,0.00345,200.0,313.0,410.0,,,,324.0,280.0,0.0023141476274165,0.0,,0.0,627.0
T4,single_shot,single_shot,pair_coin,boot,1138,569,none,569.0,569,normal_mixture,deploy_bonf2,0.025,0.025,0.05,0.15,20,20000,0.0016,0.00345,0.00505,0.0002826163477224,0.0004146141278345,0.00165,0.00165,0.71855,0.00345,200.0,313.0,410.0,,,,324.0,280.0,0.0023141476274165,0.0,,0.0,627.0
T4,single_shot,single_shot,pair_coin,boot,1138,569,none,569.0,569,normal_mixture,twosided_equal,0.025,0.025,0.025,0.03,10,20000,5e-05,0.0013,0.00135,4.999874998437461e-05,0.000254785203652,5e-05,0.00165,0.0002,0.0013,237.5,354.0,474.0,,,,375.0,333.5,0.0005094903339191,0.0,,0.0,709.0
T4,single_shot,single_shot,pair_coin,boot,1138,569,none,569.0,569,normal_mixture,twosided_equal,0.025,0.025,0.025,0.03,20,20000,5e-05,0.0013,0.00135,4.999874998437461e-05,0.000254785203652,5e-05,0.00165,0.0002,0.0013,237.5,354.0,474.0,,,,375.0,333.5,0.0005094903339191,0.0,,0.0,709.0
T4,single_shot,single_shot,pair_coin,boot,1138,569,none,569.0,569,normal_mixture,twosided_equal,0.025,0.025,0.025,0.05,10,20000,0.00015,0.0013,0.00145,8.659604494432757e-05,0.000254785203652,0.0003,0.00165,0.0015,0.0013,259.0,322.0,481.0,,,,322.0,333.5,0.0005439806678383,0.0,,0.0,646.0
T4,single_shot,single_shot,pair_coin,boot,1138,569,none,569.0,569,normal_mixture,twosided_equal,0.025,0.025,0.025,0.05,20,20000,0.00015,0.0013,0.00145,8.659604494432757e-05,0.000254785203652,0.0003,0.00165,0.0015,0.0013,259.0,322.0,481.0,,,,322.0,333.5,0.0005439806678383,0.0,,0.0,646.0
T4,single_shot,single_shot,pair_coin,boot,1138,569,none,569.0,569,normal_mixture,twosided_equal,0.025,0.025,0.025,0.1,10,20000,0.0013,0.0013,0.0026,0.000254785203652,0.000254785203652,0.00155,0.00165,0.10035,0.0013,283.25,376.0,453.25,,,,381.0,333.5,0.0009221001757469,0.0,,0.0,754.5
T4,single_shot,single_shot,pair_coin,boot,1138,569,none,569.0,569,normal_mixture,twosided_equal,0.025,0.025,0.025,0.1,20,20000,0.0013,0.0013,0.0026,0.000254785203652,0.000254785203652,0.00155,0.00165,0.10035,0.0013,283.25,376.0,453.25,,,,381.0,333.5,0.0009221001757469,0.0,,0.0,754.5
T4,single_shot,single_shot,pair_coin,boot,1138,569,none,569.0,569,normal_mixture,twosided_equal,0.025,0.025,0.025,0.15,10,20000,0.0016,0.0013,0.0029,0.0002826163477224,0.000254785203652,0.00165,0.00165,0.71855,0.0013,245.25,324.0,433.5,,,,324.0,333.5,0.0011775043936731,0.0,,0.0,649.0
T4,single_shot,single_shot,pair_coin,boot,1138,569,none,569.0,569,normal_mixture,twosided_equal,0.025,0.025,0.025,0.15,20,20000,0.0016,0.0013,0.0029,0.0002826163477224,0.000254785203652,0.00165,0.00165,0.71855,0.0013,245.25,324.0,433.5,,,,324.0,333.5,0.0011775043936731,0.0,,0.0,649.0
T4,single_shot,single_shot,pair_coin,boot,1138,569,none,569.0,569,normal_mixture,bonf3,0.0166666666666666,0.0166666666666666,0.0166666666666666,0.03,10,20000,0.0,0.00065,0.00065,0.0,0.0001802189640409,0.0,0.001,0.00015,0.00065,230.0,357.0,498.0,,,,,357.0,0.000234841827768,0.0,,0.0,716.0
T4,single_shot,single_shot,pair_coin,boot,1138,569,none,569.0,569,normal_mixture,bonf3,0.0166666666666666,0.0166666666666666,0.0166666666666666,0.03,20,20000,0.0,0.00065,0.00065,0.0,0.0001802189640409,0.0,0.001,0.00015,0.00065,230.0,357.0,498.0,,,,,357.0,0.000234841827768,0.0,,0.0,716.0
T4,single_shot,single_shot,pair_coin,boot,1138,569,none,569.0,569,normal_mixture,bonf3,0.0166666666666666,0.0166666666666666,0.0166666666666666,0.05,10,20000,0.0001,0.00065,0.00075,7.070714249635605e-05,0.0001802189640409,0.0001,0.001,0.00085,0.00065,262.0,357.0,499.5,,,,415.5,357.0,0.0002617311072056,0.0,,0.0,716.0
T4,single_shot,single_shot,pair_coin,boot,1138,569,none,569.0,569,normal_mixture,bonf3,0.0166666666666666,0.0166666666666666,0.0166666666666666,0.05,20,20000,0.0001,0.00065,0.00075,7.070714249635605e-05,0.0001802189640409,0.0001,0.001,0.00085,0.00065,262.0,357.0,499.5,,,,415.5,357.0,0.0002617311072056,0.0,,0.0,716.0
T4,single_shot,single_shot,pair_coin,boot,1138,569,none,569.0,569,normal_mixture,bonf3,0.0166666666666666,0.0166666666666666,0.0166666666666666,0.1,10,20000,0.0008,0.00065,0.00145,0.0001999199839935,0.0001802189640409,0.00085,0.001,0.06585,0.00065,335.0,389.0,478.0,,,,415.5,357.0,0.0004618629173989,0.0,,0.0,781.0
T4,single_shot,single_shot,pair_coin,boot,1138,569,none,569.0,569,normal_mixture,bonf3,0.0166666666666666,0.0166666666666666,0.0166666666666666,0.1,20,20000,0.0008,0.00065,0.00145,0.0001999199839935,0.0001802189640409,0.00085,0.001,0.06585,0.00065,335.0,389.0,478.0,,,,415.5,357.0,0.0004618629173989,0.0,,0.0,781.0
T4,single_shot,single_shot,pair_coin,boot,1138,569,none,569.0,569,normal_mixture,bonf3,0.0166666666666666,0.0166666666666666,0.0166666666666666,0.15,10,20000,0.0009,0.00065,0.00155,0.0002120365534524,0.0001802189640409,0.001,0.001,0.63745,0.00065,246.5,335.0,415.5,,,,317.5,357.0,0.0006096221441124,0.0,,0.0,671.0
T4,single_shot,single_shot,pair_coin,boot,1138,569,none,569.0,569,normal_mixture,bonf3,0.0166666666666666,0.0166666666666666,0.0166666666666666,0.15,20,20000,0.0009,0.00065,0.00155,0.0002120365534524,0.0001802189640409,0.001,0.001,0.63745,0.00065,246.5,335.0,415.5,,,,317.5,357.0,0.0006096221441124,0.0,,0.0,671.0
T4,single_shot,single_shot,arrival_coin,perm,591,295,none,285.70215,247,betting,nosplit_iut,0.05,0.05,0.05,0.03,10,20000,0.00225,0.008,0.01025,0.0003350326476628,0.0006299206299209,0.003,0.009,0.0284,0.008,21.0,52.0,129.0,,,,109.0,41.0,0.0073191201353637,0.0,,0.0,110.0
T4,single_shot,single_shot,arrival_coin,perm,591,295,none,285.70215,247,betting,nosplit_iut,0.05,0.05,0.05,0.03,20,20000,0.00215,0.0063,0.00845,0.0003275192742419,0.0005594778816003,0.00275,0.00745,0.0283,0.0063,34.0,65.0,143.0,,,,119.0,57.0,0.0055884940778341,0.0,,0.0,140.0
T4,single_shot,single_shot,arrival_coin,perm,591,295,none,285.70215,247,betting,nosplit_iut,0.05,0.05,0.05,0.05,10,20000,0.0036,0.008,0.0116,0.0004234997048405,0.0006299206299209,0.00455,0.009,0.0684,0.008,22.75,54.0,134.75,,,,106.0,41.0,0.0080396785109983,0.0,,0.0,116.0
T4,single_shot,single_shot,arrival_coin,perm,591,295,none,285.70215,247,betting,nosplit_iut,0.05,0.05,0.05,0.05,20,20000,0.00345,0.0063,0.00975,0.0004146141278345,0.0005594778816003,0.0042,0.00745,0.06785,0.0063,35.0,66.0,149.5,,,,109.0,57.0,0.006260744500846,0.0,,0.0,144.0
T4,single_shot,single_shot,arrival_coin,perm,591,295,none,285.70215,247,betting,nosplit_iut,0.05,0.05,0.05,0.1,10,20000,0.00605,0.008,0.01405,0.000548333725937,0.0006299206299209,0.0076,0.009,0.3957,0.008,23.0,57.0,141.0,,,,83.0,41.0,0.0096609983079526,0.0,,0.0,125.0
T4,single_shot,single_shot,arrival_coin,perm,591,295,none,285.70215,247,betting,nosplit_iut,0.05,0.05,0.05,0.1,20,20000,0.0056,0.0063,0.0119,0.0005276665613813,0.0005594778816003,0.00665,0.00745,0.3947,0.0063,38.0,69.0,150.75,,,,92.0,57.0,0.0075919627749576,0.0,,0.0,152.0
T4,single_shot,single_shot,arrival_coin,perm,591,295,none,285.70215,247,betting,nosplit_iut,0.05,0.05,0.05,0.15,10,20000,0.00735,0.008,0.01535,0.0006039858235091,0.0006299206299209,0.0088,0.009,0.8482,0.008,23.0,54.0,129.0,,,,75.0,41.0,0.0107444162436548,0.0,,0.0,118.0
T4,single_shot,single_shot,arrival_coin,perm,591,295,none,285.70215,247,betting,nosplit_iut,0.05,0.05,0.05,0.15,20,20000,0.0067,0.0063,0.013,0.0005768496337868,0.0005594778816003,0.0074,0.00745,0.84785,0.0063,37.75,66.5,145.0,,,,77.5,57.0,0.0084853637901861,0.0,,0.0,145.0
T4,single_shot,single_shot,arrival_coin,perm,591,295,none,285.70215,247,betting,deploy_bonf2,0.025,0.025,0.05,0.03,10,20000,0.0011,0.008,0.0091,0.0002343917660669,0.0006299206299209,0.00135,0.0042,0.01485,0.008,21.0,46.5,121.75,,,,102.5,41.0,0.0066302030456852,0.0,,0.0,99.5
T4,single_shot,single_shot,arrival_coin,perm,591,295,none,285.70215,247,betting,deploy_bonf2,0.025,0.025,0.05,0.03,20,20000,0.0011,0.0063,0.0074,0.0002343917660669,0.0005594778816003,0.0013,0.00365,0.01485,0.0063,32.75,60.5,142.25,,,,102.5,57.0,0.004994923857868,0.0,,0.0,131.0
T4,single_shot,single_shot,arrival_coin,perm,591,295,none,285.70215,247,betting,deploy_bonf2,0.025,0.025,0.05,0.05,10,20000,0.00175,0.008,0.00975,0.0002955450473278,0.0006299206299209,0.0021,0.0042,0.0417,0.008,21.0,48.0,129.0,,,,113.0,41.0,0.0069762267343485,0.0,,0.0,107.0
T4,single_shot,single_shot,arrival_coin,perm,591,295,none,285.70215,247,betting,deploy_bonf2,0.025,0.025,0.05,0.05,20,20000,0.00165,0.0063,0.00795,0.0002869910712896,0.0005594778816003,0.002,0.00365,0.04155,0.0063,34.0,64.0,144.5,,,,121.0,57.0,0.0052471235194585,0.0,,0.0,138.0
T4,single_shot,single_shot,arrival_coin,perm,591,295,none,285.70215,247,betting,deploy_bonf2,0.025,0.025,0.05,0.1,10,20000,0.0029,0.008,0.0109,0.0003802361108574,0.0006299206299209,0.00355,0.0042,0.3015,0.008,22.0,53.0,130.5,,,,94.5,41.0,0.0077071065989847,0.0,,0.0,110.5
T4,single_shot,single_shot,arrival_coin,perm,591,295,none,285.70215,247,betting,deploy_bonf2,0.025,0.025,0.05,0.1,20,20000,0.0028,0.0063,0.0091,0.0003736415394465,0.0005594778816003,0.0033,0.00365,0.30135,0.0063,36.0,64.5,144.75,,,,96.0,57.0,0.0059662436548223,0.0,,0.0,140.0
T4,single_shot,single_shot,arrival_coin,perm,591,295,none,285.70215,247,betting,deploy_bonf2,0.025,0.025,0.05,0.15,10,20000,0.00345,0.008,0.01145,0.0004146141278345,0.0006299206299209,0.00415,0.0042,0.7809,0.008,22.0,52.0,126.0,,,,73.0,41.0,0.008133502538071,0.0,,0.0,111.0
T4,single_shot,single_shot,arrival_coin,perm,591,295,none,285.70215,247,betting,deploy_bonf2,0.025,0.025,0.05,0.15,20,20000,0.00315,0.0063,0.00945,0.0003962371449018,0.0005594778816003,0.00365,0.00365,0.78065,0.0063,36.0,62.0,144.0,,,,86.0,57.0,0.006203130287648,0.0,,0.0,138.0
T4,single_shot,single_shot,arrival_coin,perm,591,295,none,285.70215,247,betting,twosided_equal,0.025,0.025,0.025,0.03,10,20000,0.0011,0.0033,0.0044,0.0002343917660669,0.0004055311332068,0.00135,0.0042,0.01485,0.0033,34.75,59.5,139.5,,,,102.5,50.0,0.003015820642978,0.0,,0.0,122.5
T4,single_shot,single_shot,arrival_coin,perm,591,295,none,285.70215,247,betting,twosided_equal,0.025,0.025,0.025,0.03,20,20000,0.0011,0.0029,0.004,0.0002343917660669,0.0003802361108574,0.0013,0.00365,0.01485,0.0029,40.0,63.0,142.75,,,,102.5,57.0,0.0026331641285956,0.0,,0.0,134.5
T4,single_shot,single_shot,arrival_coin,perm,591,295,none,285.70215,247,betting,twosided_equal,0.025,0.025,0.025,0.05,10,20000,0.00175,0.0033,0.00505,0.0002955450473278,0.0004055311332068,0.0021,0.0042,0.0417,0.0033,35.0,62.0,142.0,,,,113.0,50.0,0.0033618443316412,0.0,,0.0,128.0
T4,single_shot,single_shot,arrival_coin,perm,591,295,none,285.70215,247,betting,twosided_equal,0.025,0.025,0.025,0.05,20,20000,0.00165,0.0029,0.00455,0.0002869910712896,0.0003802361108574,0.002,0.00365,0.04155,0.0029,40.0,69.0,150.5,,,,121.0,57.0,0.0028853637901861,0.0,,0.0,146.0
T4,single_shot,single_shot,arrival_coin,perm,591,295,none,285.70215,247,betting,twosided_equal,0.025,0.025,0.025,0.1,10,20000,0.0029,0.0033,0.0062,0.0003802361108574,0.0004055311332068,0.00355,0.0042,0.3015,0.0033,36.75,62.5,142.75,,,,94.5,50.0,0.0040927241962774,0.0,,0.0,134.5
T4,single_shot,single_shot,arrival_coin,perm,591,295,none,285.70215,247,betting,twosided_equal,0.025,0.025,0.025,0.1,20,20000,0.0028,0.0029,0.0057,0.0003736415394465,0.0003802361108574,0.0033,0.00365,0.30135,0.0029,42.25,70.5,156.25,,,,96.0,57.0,0.0036044839255499,0.0,,0.0,153.5
T4,single_shot,single_shot,arrival_coin,perm,591,295,none,285.70215,247,betting,twosided_equal,0.025,0.025,0.025,0.15,10,20000,0.00345,0.0033,0.00675,0.0004146141278345,0.0004055311332068,0.00415,0.0042,0.7809,0.0033,36.0,60.0,140.0,,,,73.0,50.0,0.0045191201353637,0.0,,0.0,128.0
T4,single_shot,single_shot,arrival_coin,perm,591,295,none,285.70215,247,betting,twosided_equal,0.025,0.025,0.025,0.15,20,20000,0.00315,0.0029,0.00605,0.0003962371449018,0.0003802361108574,0.00365,0.00365,0.78065,0.0029,43.0,63.0,145.0,,,,86.0,57.0,0.0038413705583756,0.0,,0.0,144.0
T4,single_shot,single_shot,arrival_coin,perm,591,295,none,285.70215,247,betting,bonf3,0.0166666666666666,0.0166666666666666,0.0166666666666666,0.03,10,20000,0.0007,0.0023,0.003,0.0001870173788715,0.0003387262906832,0.001,0.0033,0.01105,0.0023,26.75,50.5,159.5,,,,98.5,47.0,0.0020182741116751,0.0,,0.0,114.0
T4,single_shot,single_shot,arrival_coin,perm,591,295,none,285.70215,247,betting,bonf3,0.0166666666666666,0.0166666666666666,0.0166666666666666,0.03,20,20000,0.0007,0.00185,0.00255,0.0001870173788715,0.0003038566685132,0.00095,0.00275,0.01105,0.00185,41.5,63.0,170.5,,,,98.5,57.0,0.0015908629441624,0.0,,0.0,138.0
T4,single_shot,single_shot,arrival_coin,perm,591,295,none,285.70215,247,betting,bonf3,0.0166666666666666,0.0166666666666666,0.0166666666666666,0.05,10,20000,0.0012,0.0023,0.0035,0.0002448019607764,0.0003387262906832,0.00145,0.0033,0.0305,0.0023,29.75,62.5,164.75,,,,120.5,47.0,0.002227157360406,0.0,,0.0,132.5
T4,single_shot,single_shot,arrival_coin,perm,591,295,none,285.70215,247,betting,bonf3,0.0166666666666666,0.0166666666666666,0.0166666666666666,0.05,20,20000,0.0012,0.00185,0.00305,0.0002448019607764,0.0003038566685132,0.0014,0.00275,0.0305,0.00185,43.0,88.0,181.0,,,,120.5,57.0,0.0017997461928934,0.0,,0.0,181.0
T4,single_shot,single_shot,arrival_coin,perm,591,295,none,285.70215,247,betting,bonf3,0.0166666666666666,0.0166666666666666,0.0166666666666666,0.1,10,20000,0.00225,0.0023,0.00455,0.0003350326476628,0.0003387262906832,0.00275,0.0033,0.2564,0.0023,34.0,62.0,162.5,,,,87.0,47.0,0.0029631133671742,0.0,,0.0,127.0
T4,single_shot,single_shot,arrival_coin,perm,591,295,none,285.70215,247,betting,bonf3,0.0166666666666666,0.0166666666666666,0.0166666666666666,0.1,20,20000,0.00215,0.00185,0.004,0.0003275192742419,0.0003038566685132,0.0025,0.00275,0.2563,0.00185,43.0,75.0,176.5,,,,88.0,57.0,0.0024310490693739,0.0,,0.0,162.0
T4,single_shot,single_shot,arrival_coin,perm,591,295,none,285.70215,247,betting,bonf3,0.0166666666666666,0.0166666666666666,0.0166666666666666,0.15,10,20000,0.00255,0.0023,0.00485,0.000356615864762,0.0003387262906832,0.00325,0.0033,0.7372,0.0023,29.0,59.0,152.0,,,,69.0,47.0,0.003234771573604,0.0,,0.0,127.0
T4,single_shot,single_shot,arrival_coin,perm,591,295,none,285.70215,247,betting,bonf3,0.0166666666666666,0.0166666666666666,0.0166666666666666,0.15,20,20000,0.00235,0.00185,0.0042,0.0003423797234066,0.0003038566685132,0.00275,0.00275,0.737,0.00185,43.75,70.5,164.5,,,,74.0,57.0,0.0026076988155668,0.0,,0.0,150.0
T4,single_shot,single_shot,arrival_coin,perm,591,295,none,285.70215,247,normal_mixture,nosplit_iut,0.05,0.05,0.05,0.03,10,20000,0.0001,0.00115,0.00125,7.070714249635605e-05,0.0002396536563459,0.0001,0.00175,0.0001,0.00115,172.0,212.0,227.0,,,,225.0,201.0,0.0003514382402707,0.0,,0.0,440.0
T4,single_shot,single_shot,arrival_coin,perm,591,295,none,285.70215,247,normal_mixture,nosplit_iut,0.05,0.05,0.05,0.03,20,20000,0.0001,0.00115,0.00125,7.070714249635605e-05,0.0002396536563459,0.0001,0.00175,0.0001,0.00115,172.0,212.0,227.0,,,,225.0,201.0,0.0003514382402707,0.0,,0.0,440.0
T4,single_shot,single_shot,arrival_coin,perm,591,295,none,285.70215,247,normal_mixture,nosplit_iut,0.05,0.05,0.05,0.05,10,20000,0.0001,0.00115,0.00125,7.070714249635605e-05,0.0002396536563459,0.0001,0.00175,0.0003,0.00115,165.0,201.0,227.0,,,,186.0,201.0,0.0003664974619289,0.0,,0.0,439.0
T4,single_shot,single_shot,arrival_coin,perm,591,295,none,285.70215,247,normal_mixture,nosplit_iut,0.05,0.05,0.05,0.05,20,20000,0.0001,0.00115,0.00125,7.070714249635605e-05,0.0002396536563459,0.0001,0.00175,0.0003,0.00115,165.0,201.0,227.0,,,,186.0,201.0,0.0003664974619289,0.0,,0.0,439.0
T4,single_shot,single_shot,arrival_coin,perm,591,295,none,285.70215,247,normal_mixture,nosplit_iut,0.05,0.05,0.05,0.1,10,20000,0.00065,0.00115,0.0018,0.0001802189640409,0.0002396536563459,0.00085,0.00175,0.0156,0.00115,178.0,218.5,231.25,,,,226.0,201.0,0.0004653130287648,0.0,,0.0,460.5
T4,single_shot,single_shot,arrival_coin,perm,591,295,none,285.70215,247,normal_mixture,nosplit_iut,0.05,0.05,0.05,0.1,20,20000,0.00065,0.00115,0.0018,0.0001802189640409,0.0002396536563459,0.00085,0.00175,0.0156,0.00115,178.0,218.5,231.25,,,,226.0,201.0,0.0004653130287648,0.0,,0.0,460.5
T4,single_shot,single_shot,arrival_coin,perm,591,295,none,285.70215,247,normal_mixture,nosplit_iut,0.05,0.05,0.05,0.15,10,20000,0.00135,0.00115,0.0025,0.0002596321917636,0.0002396536563459,0.00155,0.00175,0.20005,0.00115,166.5,209.0,227.0,,,,214.0,201.0,0.0007258037225042,0.0,,0.0,439.5
T4,single_shot,single_shot,arrival_coin,perm,591,295,none,285.70215,247,normal_mixture,nosplit_iut,0.05,0.05,0.05,0.15,20,20000,0.00135,0.00115,0.0025,0.0002596321917636,0.0002396536563459,0.00155,0.00175,0.20005,0.00115,166.5,209.0,227.0,,,,214.0,201.0,0.0007258037225042,0.0,,0.0,439.5
T4,single_shot,single_shot,arrival_coin,perm,591,295,none,285.70215,247,normal_mixture,deploy_bonf2,0.025,0.025,0.05,0.03,10,20000,5e-05,0.00115,0.0012,4.999874998437461e-05,0.0002396536563459,5e-05,0.0006,5e-05,0.00115,170.25,206.5,228.0,,,,251.0,201.0,0.0003357021996615,0.0,,0.0,449.0
T4,single_shot,single_shot,arrival_coin,perm,591,295,none,285.70215,247,normal_mixture,deploy_bonf2,0.025,0.025,0.05,0.03,20,20000,5e-05,0.00115,0.0012,4.999874998437461e-05,0.0002396536563459,5e-05,0.0006,5e-05,0.00115,170.25,206.5,228.0,,,,251.0,201.0,0.0003357021996615,0.0,,0.0,449.0
T4,single_shot,single_shot,arrival_coin,perm,591,295,none,285.70215,247,normal_mixture,deploy_bonf2,0.025,0.025,0.05,0.05,10,20000,5e-05,0.00115,0.0012,4.999874998437461e-05,0.0002396536563459,5e-05,0.0006,0.0001,0.00115,170.25,206.5,228.0,,,,234.0,201.0,0.0003388324873096,0.0,,0.0,449.0
T4,single_shot,single_shot,arrival_coin,perm,591,295,none,285.70215,247,normal_mixture,deploy_bonf2,0.025,0.025,0.05,0.05,20,20000,5e-05,0.00115,0.0012,4.999874998437461e-05,0.0002396536563459,5e-05,0.0006,0.0001,0.00115,170.25,206.5,228.0,,,,234.0,201.0,0.0003388324873096,0.0,,0.0,449.0
T4,single_shot,single_shot,arrival_coin,perm,591,295,none,285.70215,247,normal_mixture,deploy_bonf2,0.025,0.025,0.05,0.1,10,20000,0.00015,0.00115,0.0013,8.659604494432757e-05,0.0002396536563459,0.00015,0.0006,0.0044,0.00115,166.75,199.5,227.0,,,,187.0,201.0,0.0003764805414551,0.0,,0.0,437.5
T4,single_shot,single_shot,arrival_coin,perm,591,295,none,285.70215,247,normal_mixture,deploy_bonf2,0.025,0.025,0.05,0.1,20,20000,0.00015,0.00115,0.0013,8.659604494432757e-05,0.0002396536563459,0.00015,0.0006,0.0044,0.00115,166.75,199.5,227.0,,,,187.0,201.0,0.0003764805414551,0.0,,0.0,437.5
T4,single_shot,single_shot,arrival_coin,perm,591,295,none,285.70215,247,normal_mixture,deploy_bonf2,0.025,0.025,0.05,0.15,10,20000,0.00035,0.00115,0.0015,0.0001322644132032,0.0002396536563459,0.00045,0.0006,0.09615,0.00115,170.5,217.5,235.0,,,,243.0,201.0,0.0003966159052453,0.0,,0.0,460.5
T4,single_shot,single_shot,arrival_coin,perm,591,295,none,285.70215,247,normal_mixture,deploy_bonf2,0.025,0.025,0.05,0.15,20,20000,0.00035,0.00115,0.0015,0.0001322644132032,0.0002396536563459,0.00045,0.0006,0.09615,0.00115,170.5,217.5,235.0,,,,243.0,201.0,0.0003966159052453,0.0,,0.0,460.5
T4,single_shot,single_shot,arrival_coin,perm,591,295,none,285.70215,247,normal_mixture,twosided_equal,0.025,0.025,0.025,0.03,10,20000,5e-05,0.00045,0.0005,4.999874998437461e-05,0.0001499662462022,5e-05,0.0006,5e-05,0.00045,177.25,204.5,230.75,,,,251.0,199.0,0.0001394247038917,0.0,,0.0,424.0
T4,single_shot,single_shot,arrival_coin,perm,591,295,none,285.70215,247,normal_mixture,twosided_equal,0.025,0.025,0.025,0.03,20,20000,5e-05,0.00045,0.0005,4.999874998437461e-05,0.0001499662462022,5e-05,0.0006,5e-05,0.00045,177.25,204.5,230.75,,,,251.0,199.0,0.0001394247038917,0.0,,0.0,424.0
T4,single_shot,single_shot,arrival_coin,perm,591,295,none,285.70215,247,normal_mixture,twosided_equal,0.025,0.025,0.025,0.05,10,20000,5e-05,0.00045,0.0005,4.999874998437461e-05,0.0001499662462022,5e-05,0.0006,0.0001,0.00045,177.25,204.5,230.75,,,,234.0,199.0,0.0001425549915397,0.0,,0.0,424.0
T4,single_shot,single_shot,arrival_coin,perm,591,295,none,285.70215,247,normal_mixture,twosided_equal,0.025,0.025,0.025,0.05,20,20000,5e-05,0.00045,0.0005,4.999874998437461e-05,0.0001499662462022,5e-05,0.0006,0.0001,0.00045,177.25,204.5,230.75,,,,234.0,199.0,0.0001425549915397,0.0,,0.0,424.0
T4,single_shot,single_shot,arrival_coin,perm,591,295,none,285.70215,247,normal_mixture,twosided_equal,0.025,0.025,0.025,0.1,10,20000,0.00015,0.00045,0.0006,8.659604494432757e-05,0.0001499662462022,0.00015,0.0006,0.0044,0.00045,171.5,194.5,228.25,,,,187.0,199.0,0.0001802030456852,0.0,,0.0,409.0
T4,single_shot,single_shot,arrival_coin,perm,591,295,none,285.70215,247,normal_mixture,twosided_equal,0.025,0.025,0.025,0.1,20,20000,0.00015,0.00045,0.0006,8.659604494432757e-05,0.0001499662462022,0.00015,0.0006,0.0044,0.00045,171.5,194.5,228.25,,,,187.0,199.0,0.0001802030456852,0.0,,0.0,409.0
T4,single_shot,single_shot,arrival_coin,perm,591,295,none,285.70215,247,normal_mixture,twosided_equal,0.025,0.025,0.025,0.15,10,20000,0.00035,0.00045,0.0008,0.0001322644132032,0.0001499662462022,0.00045,0.0006,0.09615,0.00045,172.25,218.5,243.25,,,,243.0,199.0,0.0002003384094754,0.0,,0.0,452.5
T4,single_shot,single_shot,arrival_coin,perm,591,295,none,285.70215,247,normal_mixture,twosided_equal,0.025,0.025,0.025,0.15,20,20000,0.00035,0.00045,0.0008,0.0001322644132032,0.0001499662462022,0.00045,0.0006,0.09615,0.00045,172.25,218.5,243.25,,,,243.0,199.0,0.0002003384094754,0.0,,0.0,452.5
T4,single_shot,single_shot,arrival_coin,perm,591,295,none,285.70215,247,normal_mixture,bonf3,0.0166666666666666,0.0166666666666666,0.0166666666666666,0.03,10,20000,0.0,0.0002,0.0002,0.0,9.998999949995e-05,0.0,0.00025,0.0,0.0002,228.25,235.5,239.5,,,,,235.5,3.231810490693739e-05,0.0,,0.0,503.0
T4,single_shot,single_shot,arrival_coin,perm,591,295,none,285.70215,247,normal_mixture,bonf3,0.0166666666666666,0.0166666666666666,0.0166666666666666,0.03,20,20000,0.0,0.0002,0.0002,0.0,9.998999949995e-05,0.0,0.00025,0.0,0.0002,228.25,235.5,239.5,,,,,235.5,3.231810490693739e-05,0.0,,0.0,503.0
T4,single_shot,single_shot,arrival_coin,perm,591,295,none,285.70215,247,normal_mixture,bonf3,0.0166666666666666,0.0166666666666666,0.0166666666666666,0.05,10,20000,5e-05,0.0002,0.00025,4.999874998437461e-05,9.998999949995e-05,5e-05,0.00025,0.0001,0.0002,235.0,236.0,245.0,,,,245.0,235.5,3.7394247038917095e-05,0.0,,0.0,514.0
T4,single_shot,single_shot,arrival_coin,perm,591,295,none,285.70215,247,normal_mixture,bonf3,0.0166666666666666,0.0166666666666666,0.0166666666666666,0.05,20,20000,5e-05,0.0002,0.00025,4.999874998437461e-05,9.998999949995e-05,5e-05,0.00025,0.0001,0.0002,235.0,236.0,245.0,,,,245.0,235.5,3.7394247038917095e-05,0.0,,0.0,514.0
T4,single_shot,single_shot,arrival_coin,perm,591,295,none,285.70215,247,normal_mixture,bonf3,0.0166666666666666,0.0166666666666666,0.0166666666666666,0.1,10,20000,5e-05,0.0002,0.00025,4.999874998437461e-05,9.998999949995e-05,0.0001,0.00025,0.0019,0.0002,208.0,235.0,236.0,,,,158.0,235.5,5.406091370558376e-05,0.0,,0.0,492.0
T4,single_shot,single_shot,arrival_coin,perm,591,295,none,285.70215,247,normal_mixture,bonf3,0.0166666666666666,0.0166666666666666,0.0166666666666666,0.1,20,20000,5e-05,0.0002,0.00025,4.999874998437461e-05,9.998999949995e-05,0.0001,0.00025,0.0019,0.0002,208.0,235.0,236.0,,,,158.0,235.5,5.406091370558376e-05,0.0,,0.0,492.0
T4,single_shot,single_shot,arrival_coin,perm,591,295,none,285.70215,247,normal_mixture,bonf3,0.0166666666666666,0.0166666666666666,0.0166666666666666,0.15,10,20000,0.00015,0.0002,0.00035,8.659604494432757e-05,9.998999949995e-05,0.00015,0.00025,0.05785,0.0002,198.0,235.0,243.0,,,,188.0,235.5,7.06429780033841e-05,0.0,,0.0,492.0
T4,single_shot,single_shot,arrival_coin,perm,591,295,none,285.70215,247,normal_mixture,bonf3,0.0166666666666666,0.0166666666666666,0.0166666666666666,0.15,20,20000,0.00015,0.0002,0.00035,8.659604494432757e-05,9.998999949995e-05,0.00015,0.00025,0.05785,0.0002,198.0,235.0,243.0,,,,188.0,235.5,7.06429780033841e-05,0.0,,0.0,492.0
T4,single_shot,single_shot,arrival_coin,boot,591,295,none,285.78875,246,betting,nosplit_iut,0.05,0.05,0.05,0.03,10,20000,0.0025,0.00825,0.01075,0.0003531111722956,0.0006396068128154,0.00305,0.0095,0.0307,0.00825,21.0,64.0,149.5,,,,94.0,54.0,0.0072135363790186,0.0,,0.0,139.0
T4,single_shot,single_shot,arrival_coin,boot,591,295,none,285.78875,246,betting,nosplit_iut,0.05,0.05,0.05,0.03,20,20000,0.0022,0.0066,0.0088,0.0003312974494317,0.0005725574207011,0.0025,0.007,0.0303,0.0066,38.0,94.5,170.0,,,,126.0,89.5,0.0053384094754653,0.0,,0.0,199.5
T4,single_shot,single_shot,arrival_coin,boot,591,295,none,285.78875,246,betting,nosplit_iut,0.05,0.05,0.05,0.05,10,20000,0.0033,0.00825,0.01155,0.0004055311332068,0.0006396068128154,0.00455,0.0095,0.07405,0.00825,21.5,64.0,154.5,,,,108.0,54.0,0.007665143824027,0.0,,0.0,139.0
T4,single_shot,single_shot,arrival_coin,boot,591,295,none,285.78875,246,betting,nosplit_iut,0.05,0.05,0.05,0.05,20,20000,0.00295,0.0066,0.00955,0.0003834903844948,0.0005725574207011,0.0037,0.007,0.07325,0.0066,39.5,95.0,180.5,,,,117.0,89.5,0.0057422165820642,0.0,,0.0,200.0
T4,single_shot,single_shot,arrival_coin,boot,591,295,none,285.78875,246,betting,nosplit_iut,0.05,0.05,0.05,0.1,10,20000,0.00545,0.00825,0.0137,0.0005205908902391,0.0006396068128154,0.0082,0.0095,0.40285,0.00825,24.25,66.5,150.75,,,,80.0,54.0,0.0091083756345177,0.0,,0.0,148.0
T4,single_shot,single_shot,arrival_coin,boot,591,295,none,285.78875,246,betting,nosplit_iut,0.05,0.05,0.05,0.1,20,20000,0.005,0.0066,0.0116,0.0004987484335815,0.0005725574207011,0.0063,0.007,0.4022,0.0066,42.75,89.5,164.0,,,,92.0,89.5,0.0070897631133671,0.0,,0.0,193.0
T4,single_shot,single_shot,arrival_coin,boot,591,295,none,285.78875,246,betting,nosplit_iut,0.05,0.05,0.05,0.15,10,20000,0.0069,0.00825,0.01515,0.0005853370823722,0.0006396068128154,0.00945,0.0095,0.8493,0.00825,23.0,56.0,143.0,,,,62.0,54.0,0.010397461928934,0.0,,0.0,129.0
T4,single_shot,single_shot,arrival_coin,boot,591,295,none,285.78875,246,betting,nosplit_iut,0.05,0.05,0.05,0.15,20,20000,0.00615,0.0066,0.01275,0.0005528190255409,0.0005725574207011,0.00695,0.007,0.84885,0.0066,39.5,79.0,154.5,,,,67.0,89.5,0.0080838409475465,0.0,,0.0,164.0
T4,single_shot,single_shot,arrival_coin,boot,591,295,none,285.78875,246,betting,deploy_bonf2,0.025,0.025,0.05,0.03,10,20000,0.0006,0.00825,0.00885,0.000173153111436,0.0006396068128154,0.00105,0.0034,0.0159,0.00825,20.0,59.0,143.0,,,,113.0,54.0,0.0060979695431472,0.0,,0.0,129.0
T4,single_shot,single_shot,arrival_coin,boot,591,295,none,285.78875,246,betting,deploy_bonf2,0.025,0.025,0.05,0.03,20,20000,0.0006,0.0066,0.0072,0.000173153111436,0.0005725574207011,0.0009,0.0028,0.0157,0.0066,34.75,90.5,154.25,,,,113.0,89.5,0.0045029610829103,0.0,,0.0,191.5
T4,single_shot,single_shot,arrival_coin,boot,591,295,none,285.78875,246,betting,deploy_bonf2,0.025,0.025,0.05,0.05,10,20000,0.00095,0.00825,0.0092,0.0002178413987285,0.0006396068128154,0.0015,0.0034,0.04465,0.00825,20.0,63.0,143.0,,,,110.0,54.0,0.0063203045685279,0.0,,0.0,131.0
T4,single_shot,single_shot,arrival_coin,boot,591,295,none,285.78875,246,betting,deploy_bonf2,0.025,0.025,0.05,0.05,20,20000,0.0009,0.0066,0.0075,0.0002120365534524,0.0005725574207011,0.0013,0.0028,0.04415,0.0066,35.25,90.5,154.75,,,,113.0,89.5,0.0046794416243654,0.0,,0.0,191.5
T4,single_shot,single_shot,arrival_coin,boot,591,295,none,285.78875,246,betting,deploy_bonf2,0.025,0.025,0.05,0.1,10,20000,0.00185,0.00825,0.0101,0.0003038566685132,0.0006396068128154,0.0028,0.0034,0.3106,0.00825,21.0,63.0,143.75,,,,105.0,54.0,0.0068467005076142,0.0,,0.0,137.0
T4,single_shot,single_shot,arrival_coin,boot,591,295,none,285.78875,246,betting,deploy_bonf2,0.025,0.025,0.05,0.1,20,20000,0.0018,0.0066,0.0084,0.0002997298783905,0.0005725574207011,0.0023,0.0028,0.3103,0.0066,37.75,92.5,154.25,,,,107.5,89.5,0.0052057529610829,0.0,,0.0,196.0
T4,single_shot,single_shot,arrival_coin,boot,591,295,none,285.78875,246,betting,deploy_bonf2,0.025,0.025,0.05,0.15,10,20000,0.0025,0.00825,0.01075,0.0003531111722956,0.0006396068128154,0.0033,0.0034,0.78165,0.00825,21.0,60.0,138.0,,,,74.0,54.0,0.0074039763113367,0.0,,0.0,130.0
T4,single_shot,single_shot,arrival_coin,boot,591,295,none,285.78875,246,betting,deploy_bonf2,0.025,0.025,0.05,0.15,20,20000,0.00225,0.0066,0.00885,0.0003350326476628,0.0005725574207011,0.0027,0.0028,0.7815,0.0066,35.0,89.0,152.0,,,,79.0,89.5,0.0055712351945854,0.0,,0.0,187.0
T4,single_shot,single_shot,arrival_coin,boot,591,295,none,285.78875,246,betting,twosided_equal,0.025,0.025,0.025,0.03,10,20000,0.0006,0.00365,0.00425,0.000173153111436,0.0004264198342009,0.00105,0.0034,0.0159,0.00365,27.0,80.0,146.0,,,,113.0,77.0,0.0027807952622673,0.0,,0.0,174.0
T4,single_shot,single_shot,arrival_coin,boot,591,295,none,285.78875,246,betting,twosided_equal,0.025,0.025,0.025,0.03,20,20000,0.0006,0.0034,0.004,0.000173153111436,0.0004116090378016,0.0009,0.0028,0.0157,0.0034,34.75,89.5,159.75,,,,113.0,84.5,0.002532233502538,0.0,,0.0,187.5
T4,single_shot,single_shot,arrival_coin,boot,591,295,none,285.78875,246,betting,twosided_equal,0.025,0.025,0.025,0.05,10,20000,0.00095,0.00365,0.0046,0.0002178413987285,0.0004264198342009,0.0015,0.0034,0.04465,0.00365,27.0,77.5,149.25,,,,110.0,77.0,0.003003130287648,0.0,,0.0,167.5
T4,single_shot,single_shot,arrival_coin,boot,591,295,none,285.78875,246,betting,twosided_equal,0.025,0.025,0.025,0.05,20,20000,0.0009,0.0034,0.0043,0.0002120365534524,0.0004116090378016,0.0013,0.0028,0.04415,0.0034,36.25,89.5,161.25,,,,113.0,84.5,0.0027087140439932,0.0,,0.0,187.5
T4,single_shot,single_shot,arrival_coin,boot,591,295,none,285.78875,246,betting,twosided_equal,0.025,0.025,0.025,0.1,10,20000,0.00185,0.00365,0.0055,0.0003038566685132,0.0004264198342009,0.0028,0.0034,0.3106,0.00365,28.25,79.5,152.5,,,,105.0,77.0,0.0035295262267343,0.0,,0.0,171.5
T4,single_shot,single_shot,arrival_coin,boot,591,295,none,285.78875,246,betting,twosided_equal,0.025,0.025,0.025,0.1,20,20000,0.0018,0.0034,0.0052,0.0002997298783905,0.0004116090378016,0.0023,0.0028,0.3103,0.0034,40.25,90.5,159.75,,,,107.5,84.5,0.0032350253807106,0.0,,0.0,192.5
T4,single_shot,single_shot,arrival_coin,boot,591,295,none,285.78875,246,betting,twosided_equal,0.025,0.025,0.025,0.15,10,20000,0.0025,0.00365,0.00615,0.0003531111722956,0.0004264198342009,0.0033,0.0034,0.78165,0.00365,27.0,76.0,142.5,,,,74.0,77.0,0.0040868020304568,0.0,,0.0,157.0
T4,single_shot,single_shot,arrival_coin,boot,591,295,none,285.78875,246,betting,twosided_equal,0.025,0.025,0.025,0.15,20,20000,0.00225,0.0034,0.00565,0.0003350326476628,0.0004116090378016,0.0027,0.0028,0.7815,0.0034,36.0,80.0,148.0,,,,79.0,84.5,0.0036005076142131,0.0,,0.0,174.0
T4,single_shot,single_shot,arrival_coin,boot,591,295,none,285.78875,246,betting,bonf3,0.0166666666666666,0.0166666666666666,0.0166666666666666,0.03,10,20000,0.0005,0.0022,0.0027,0.0001580743495953,0.0003312974494317,0.0007,0.0023,0.01075,0.0022,26.0,66.5,154.0,,,,111.0,48.0,0.0017865482233502,0.0,,0.0,139.0
T4,single_shot,single_shot,arrival_coin,boot,591,295,none,285.78875,246,betting,bonf3,0.0166666666666666,0.0166666666666666,0.0166666666666666,0.03,20,20000,0.0005,0.00195,0.00245,0.0001580743495953,0.0003119453077063,0.00055,0.00165,0.01055,0.00195,28.0,82.0,166.0,,,,111.0,78.0,0.0015377326565143,0.0,,0.0,180.0
T4,single_shot,single_shot,arrival_coin,boot,591,295,none,285.78875,246,betting,bonf3,0.0166666666666666,0.0166666666666666,0.0166666666666666,0.05,10,20000,0.00055,0.0022,0.00275,0.0001657856296546,0.0003312974494317,0.0008,0.0023,0.03295,0.0022,26.0,67.0,149.0,,,,78.0,48.0,0.001825888324873,0.0,,0.0,145.0
T4,single_shot,single_shot,arrival_coin,boot,591,295,none,285.78875,246,betting,bonf3,0.0166666666666666,0.0166666666666666,0.0166666666666666,0.05,20,20000,0.00055,0.00195,0.0025,0.0001657856296546,0.0003119453077063,0.00065,0.00165,0.0328,0.00195,29.75,78.0,164.25,,,,78.0,78.0,0.0015770727580372,0.0,,0.0,170.0
T4,single_shot,single_shot,arrival_coin,boot,591,295,none,285.78875,246,betting,bonf3,0.0166666666666666,0.0166666666666666,0.0166666666666666,0.1,10,20000,0.001,0.0022,0.0032,0.0002234949663862,0.0003312974494317,0.0018,0.0023,0.264,0.0022,26.0,61.0,135.25,,,,65.5,48.0,0.0021648054145516,0.0,,0.0,127.5
T4,single_shot,single_shot,arrival_coin,boot,591,295,none,285.78875,246,betting,bonf3,0.0166666666666666,0.0166666666666666,0.0166666666666666,0.1,20,20000,0.00095,0.00195,0.0029,0.0002178413987285,0.0003119453077063,0.0014,0.00165,0.2638,0.00195,33.5,69.5,147.25,,,,69.0,78.0,0.0018701353637901,0.0,,0.0,154.5
T4,single_shot,single_shot,arrival_coin,boot,591,295,none,285.78875,246,betting,bonf3,0.0166666666666666,0.0166666666666666,0.0166666666666666,0.15,10,20000,0.0015,0.0022,0.0037,0.0002736558057122,0.0003312974494317,0.0022,0.0023,0.7403,0.0022,26.0,57.5,129.0,,,,58.5,48.0,0.0025774111675126,0.0,,0.0,120.0
T4,single_shot,single_shot,arrival_coin,boot,591,295,none,285.78875,246,betting,bonf3,0.0166666666666666,0.0166666666666666,0.0166666666666666,0.15,20,20000,0.00135,0.00195,0.0033,0.0002596321917636,0.0003119453077063,0.00155,0.00165,0.74015,0.00195,32.25,66.5,133.5,,,,62.0,78.0,0.0021875634517766,0.0,,0.0,143.5
T4,single_shot,single_shot,arrival_coin,boot,591,295,none,285.78875,246,normal_mixture,nosplit_iut,0.05,0.05,0.05,0.03,10,20000,0.0,0.00165,0.00165,0.0,0.0002869910712896,0.0,0.00125,0.0001,0.00165,162.0,204.0,231.0,,,,,204.0,0.0004978003384094,0.0,,0.0,435.0
T4,single_shot,single_shot,arrival_coin,boot,591,295,none,285.78875,246,normal_mixture,nosplit_iut,0.05,0.05,0.05,0.03,20,20000,0.0,0.00165,0.00165,0.0,0.0002869910712896,0.0,0.00125,0.0001,0.00165,162.0,204.0,231.0,,,,,204.0,0.0004978003384094,0.0,,0.0,435.0
T4,single_shot,single_shot,arrival_coin,boot,591,295,none,285.78875,246,normal_mixture,nosplit_iut,0.05,0.05,0.05,0.05,10,20000,0.0001,0.00165,0.00175,7.070714249635605e-05,0.0002869910712896,0.0001,0.00125,0.0002,0.00165,163.5,208.0,235.5,,,,256.5,204.0,0.0005103214890016,0.0,,0.0,442.0
T4,single_shot,single_shot,arrival_coin,boot,591,295,none,285.78875,246,normal_mixture,nosplit_iut,0.05,0.05,0.05,0.05,20,20000,0.0001,0.00165,0.00175,7.070714249635605e-05,0.0002869910712896,0.0001,0.00125,0.0002,0.00165,163.5,208.0,235.5,,,,256.5,204.0,0.0005103214890016,0.0,,0.0,442.0
T4,single_shot,single_shot,arrival_coin,boot,591,295,none,285.78875,246,normal_mixture,nosplit_iut,0.05,0.05,0.05,0.1,10,20000,0.00035,0.00165,0.002,0.0001322644132032,0.0002869910712896,0.0005,0.00125,0.01765,0.00165,168.0,218.0,233.25,,,,221.0,204.0,0.0005647208121827,0.0,,0.0,446.5
T4,single_shot,single_shot,arrival_coin,boot,591,295,none,285.78875,246,normal_mixture,nosplit_iut,0.05,0.05,0.05,0.1,20,20000,0.00035,0.00165,0.002,0.0001322644132032,0.0002869910712896,0.0005,0.00125,0.01765,0.00165,168.0,218.0,233.25,,,,221.0,204.0,0.0005647208121827,0.0,,0.0,446.5
T4,single_shot,single_shot,arrival_coin,boot,591,295,none,285.78875,246,normal_mixture,nosplit_iut,0.05,0.05,0.05,0.15,10,20000,0.001,0.00165,0.00265,0.0002234949663862,0.0002869910712896,0.0012,0.00125,0.20895,0.00165,174.0,220.0,240.0,,,,226.0,204.0,0.0006963620981387,0.0,,0.0,448.0
T4,single_shot,single_shot,arrival_coin,boot,591,295,none,285.78875,246,normal_mixture,nosplit_iut,0.05,0.05,0.05,0.15,20,20000,0.001,0.00165,0.00265,0.0002234949663862,0.0002869910712896,0.0012,0.00125,0.20895,0.00165,174.0,220.0,240.0,,,,226.0,204.0,0.0006963620981387,0.0,,0.0,448.0
T4,single_shot,single_shot,arrival_coin,boot,591,295,none,285.78875,246,normal_mixture,deploy_bonf2,0.025,0.025,0.05,0.03,10,20000,0.0,0.00165,0.00165,0.0,0.0002869910712896,0.0,0.0002,5e-05,0.00165,162.0,204.0,231.0,,,,,204.0,0.0004978003384094,0.0,,0.0,435.0
T4,single_shot,single_shot,arrival_coin,boot,591,295,none,285.78875,246,normal_mixture,deploy_bonf2,0.025,0.025,0.05,0.03,20,20000,0.0,0.00165,0.00165,0.0,0.0002869910712896,0.0,0.0002,5e-05,0.00165,162.0,204.0,231.0,,,,,204.0,0.0004978003384094,0.0,,0.0,435.0
T4,single_shot,single_shot,arrival_coin,boot,591,295,none,285.78875,246,normal_mixture,deploy_bonf2,0.025,0.025,0.05,0.05,10,20000,0.0,0.00165,0.00165,0.0,0.0002869910712896,0.0,0.0002,0.0001,0.00165,162.0,204.0,231.0,,,,,204.0,0.0004978003384094,0.0,,0.0,435.0
T4,single_shot,single_shot,arrival_coin,boot,591,295,none,285.78875,246,normal_mixture,deploy_bonf2,0.025,0.025,0.05,0.05,20,20000,0.0,0.00165,0.00165,0.0,0.0002869910712896,0.0,0.0002,0.0001,0.00165,162.0,204.0,231.0,,,,,204.0,0.0004978003384094,0.0,,0.0,435.0
T4,single_shot,single_shot,arrival_coin,boot,591,295,none,285.78875,246,normal_mixture,deploy_bonf2,0.025,0.025,0.05,0.1,10,20000,0.0001,0.00165,0.00175,7.070714249635605e-05,0.0002869910712896,0.00015,0.0002,0.00465,0.00165,163.5,208.0,230.0,,,,228.0,204.0,0.0005183587140439,0.0,,0.0,442.0
T4,single_shot,single_shot,arrival_coin,boot,591,295,none,285.78875,246,normal_mixture,deploy_bonf2,0.025,0.025,0.05,0.1,20,20000,0.0001,0.00165,0.00175,7.070714249635605e-05,0.0002869910712896,0.00015,0.0002,0.00465,0.00165,163.5,208.0,230.0,,,,228.0,204.0,0.0005183587140439,0.0,,0.0,442.0
T4,single_shot,single_shot,arrival_coin,boot,591,295,none,285.78875,246,normal_mixture,deploy_bonf2,0.025,0.025,0.05,0.15,10,20000,0.0002,0.00165,0.00185,9.998999949995e-05,0.0002869910712896,0.0002,0.0002,0.09935,0.00165,165.0,217.0,232.0,,,,230.5,204.0,0.0005376480541455,0.0,,0.0,446.0
T4,single_shot,single_shot,arrival_coin,boot,591,295,none,285.78875,246,normal_mixture,deploy_bonf2,0.025,0.025,0.05,0.15,20,20000,0.0002,0.00165,0.00185,9.998999949995e-05,0.0002869910712896,0.0002,0.0002,0.09935,0.00165,165.0,217.0,232.0,,,,230.5,204.0,0.0005376480541455,0.0,,0.0,446.0
T4,single_shot,single_shot,arrival_coin,boot,591,295,none,285.78875,246,normal_mixture,twosided_equal,0.025,0.025,0.025,0.03,10,20000,0.0,0.00045,0.00045,0.0,0.0001499662462022,0.0,0.0002,5e-05,0.00045,193.0,195.0,235.0,,,,,195.0,0.0001183587140439,0.0,,0.0,411.0
T4,single_shot,single_shot,arrival_coin,boot,591,295,none,285.78875,246,normal_mixture,twosided_equal,0.025,0.025,0.025,0.03,20,20000,0.0,0.00045,0.00045,0.0,0.0001499662462022,0.0,0.0002,5e-05,0.00045,193.0,195.0,235.0,,,,,195.0,0.0001183587140439,0.0,,0.0,411.0
T4,single_shot,single_shot,arrival_coin,boot,591,295,none,285.78875,246,normal_mixture,twosided_equal,0.025,0.025,0.025,0.05,10,20000,0.0,0.00045,0.00045,0.0,0.0001499662462022,0.0,0.0002,0.0001,0.00045,193.0,195.0,235.0,,,,,195.0,0.0001183587140439,0.0,,0.0,411.0
T4,single_shot,single_shot,arrival_coin,boot,591,295,none,285.78875,246,normal_mixture,twosided_equal,0.025,0.025,0.025,0.05,20,20000,0.0,0.00045,0.00045,0.0,0.0001499662462022,0.0,0.0002,0.0001,0.00045,193.0,195.0,235.0,,,,,195.0,0.0001183587140439,0.0,,0.0,411.0
T4,single_shot,single_shot,arrival_coin,boot,591,295,none,285.78875,246,normal_mixture,twosided_equal,0.025,0.025,0.025,0.1,10,20000,0.0001,0.00045,0.00055,7.070714249635605e-05,0.0001499662462022,0.00015,0.0002,0.00465,0.00045,193.5,227.0,233.0,,,,228.0,195.0,0.0001389170896785,0.0,,0.0,465.0
T4,single_shot,single_shot,arrival_coin,boot,591,295,none,285.78875,246,normal_mixture,twosided_equal,0.025,0.025,0.025,0.1,20,20000,0.0001,0.00045,0.00055,7.070714249635605e-05,0.0001499662462022,0.00015,0.0002,0.00465,0.00045,193.5,227.0,233.0,,,,228.0,195.0,0.0001389170896785,0.0,,0.0,465.0
T4,single_shot,single_shot,arrival_coin,boot,591,295,none,285.78875,246,normal_mixture,twosided_equal,0.025,0.025,0.025,0.15,10,20000,0.0002,0.00045,0.00065,9.998999949995e-05,0.0001499662462022,0.0002,0.0002,0.09935,0.00045,194.0,229.0,235.0,,,,230.5,195.0,0.00015820642978,0.0,,0.0,474.0
T4,single_shot,single_shot,arrival_coin,boot,591,295,none,285.78875,246,normal_mixture,twosided_equal,0.025,0.025,0.025,0.15,20,20000,0.0002,0.00045,0.00065,9.998999949995e-05,0.0001499662462022,0.0002,0.0002,0.09935,0.00045,194.0,229.0,235.0,,,,230.5,195.0,0.00015820642978,0.0,,0.0,474.0
T4,single_shot,single_shot,arrival_coin,boot,591,295,none,285.78875,246,normal_mixture,bonf3,0.0166666666666666,0.0166666666666666,0.0166666666666666,0.03,10,20000,0.0,0.00025,0.00025,0.0,0.0001117894225765,0.0,0.0001,5e-05,0.00025,200.0,202.0,233.0,,,,,202.0,6.759729272419628e-05,0.0,,0.0,423.0
T4,single_shot,single_shot,arrival_coin,boot,591,295,none,285.78875,246,normal_mixture,bonf3,0.0166666666666666,0.0166666666666666,0.0166666666666666,0.03,20,20000,0.0,0.00025,0.00025,0.0,0.0001117894225765,0.0,0.0001,5e-05,0.00025,200.0,202.0,233.0,,,,,202.0,6.759729272419628e-05,0.0,,0.0,423.0
T4,single_shot,single_shot,arrival_coin,boot,591,295,none,285.78875,246,normal_mixture,bonf3,0.0166666666666666,0.0166666666666666,0.0166666666666666,0.05,10,20000,0.0,0.00025,0.00025,0.0,0.0001117894225765,0.0,0.0001,5e-05,0.00025,200.0,202.0,233.0,,,,,202.0,6.759729272419628e-05,0.0,,0.0,423.0
T4,single_shot,single_shot,arrival_coin,boot,591,295,none,285.78875,246,normal_mixture,bonf3,0.0166666666666666,0.0166666666666666,0.0166666666666666,0.05,20,20000,0.0,0.00025,0.00025,0.0,0.0001117894225765,0.0,0.0001,5e-05,0.00025,200.0,202.0,233.0,,,,,202.0,6.759729272419628e-05,0.0,,0.0,423.0
T4,single_shot,single_shot,arrival_coin,boot,591,295,none,285.78875,246,normal_mixture,bonf3,0.0166666666666666,0.0166666666666666,0.0166666666666666,0.1,10,20000,5e-05,0.00025,0.0003,4.999874998437461e-05,0.0001117894225765,5e-05,0.0001,0.0017,0.00025,200.5,217.5,236.75,,,,238.0,202.0,7.563451776649746e-05,0.0,,0.0,457.5
T4,single_shot,single_shot,arrival_coin,boot,591,295,none,285.78875,246,normal_mixture,bonf3,0.0166666666666666,0.0166666666666666,0.0166666666666666,0.1,20,20000,5e-05,0.00025,0.0003,4.999874998437461e-05,0.0001117894225765,5e-05,0.0001,0.0017,0.00025,200.5,217.5,236.75,,,,238.0,202.0,7.563451776649746e-05,0.0,,0.0,457.5
T4,single_shot,single_shot,arrival_coin,boot,591,295,none,285.78875,246,normal_mixture,bonf3,0.0166666666666666,0.0166666666666666,0.0166666666666666,0.15,10,20000,0.0001,0.00025,0.00035,7.070714249635605e-05,0.0001117894225765,0.0001,0.0001,0.0624,0.00025,201.0,233.0,238.5,,,,238.5,202.0,8.485617597292724e-05,0.0,,0.0,482.0
T4,single_shot,single_shot,arrival_coin,boot,591,295,none,285.78875,246,normal_mixture,bonf3,0.0166666666666666,0.0166666666666666,0.0166666666666666,0.15,20,20000,0.0001,0.00025,0.00035,7.070714249635605e-05,0.0001117894225765,0.0001,0.0001,0.0624,0.00025,201.0,233.0,238.5,,,,238.5,202.0,8.485617597292724e-05,0.0,,0.0,482.0
T4,single_shot,single_shot,arrival_coin,boot,1138,569,none,555.47765,503,betting,nosplit_iut,0.05,0.05,0.05,0.03,10,20000,0.00305,0.01095,0.014,0.0003899164974709,0.0007358701481919,0.004,0.0105,0.0544,0.01095,29.0,86.5,216.0,,,,190.0,62.0,0.0103006151142355,0.0,,0.0,185.5
T4,single_shot,single_shot,arrival_coin,boot,1138,569,none,555.47765,503,betting,nosplit_iut,0.05,0.05,0.05,0.03,20,20000,0.00305,0.009,0.01205,0.0003899164974709,0.0006677948786865,0.0037,0.00855,0.05425,0.009,42.0,121.0,243.0,,,,190.0,94.0,0.0083818101933216,0.0,,0.0,252.0
T4,single_shot,single_shot,arrival_coin,boot,1138,569,none,555.47765,503,betting,nosplit_iut,0.05,0.05,0.05,0.05,10,20000,0.00475,0.01095,0.0157,0.0004861809076876,0.0007358701481919,0.00625,0.0105,0.1691,0.01095,30.0,95.0,226.75,,,,195.0,62.0,0.0114423110720562,0.0,,0.0,200.0
T4,single_shot,single_shot,arrival_coin,boot,1138,569,none,555.47765,503,betting,nosplit_iut,0.05,0.05,0.05,0.05,20,20000,0.00465,0.009,0.01365,0.0004810601573608,0.0006677948786865,0.0057,0.00855,0.16845,0.009,43.0,128.0,247.0,,,,199.0,94.0,0.009425834797891,0.0,,0.0,277.0
T4,single_shot,single_shot,arrival_coin,boot,1138,569,none,555.47765,503,betting,nosplit_iut,0.05,0.05,0.05,0.1,10,20000,0.007,0.01095,0.01795,0.0005895337140486,0.0007358701481919,0.0103,0.0105,0.78095,0.01095,31.0,95.0,208.0,,,,140.0,62.0,0.0132120386643233,0.0,,0.0,196.0
T4,single_shot,single_shot,arrival_coin,boot,1138,569,none,555.47765,503,betting,nosplit_iut,0.05,0.05,0.05,0.1,20,20000,0.00675,0.009,0.01575,0.0005789834842204,0.0006677948786865,0.0085,0.00855,0.78095,0.009,43.0,122.0,236.5,,,,143.0,94.0,0.0110442003514938,0.0,,0.0,257.0
T4,single_shot,single_shot,arrival_coin,boot,1138,569,none,555.47765,503,betting,nosplit_iut,0.05,0.05,0.05,0.15,10,20000,0.00805,0.01095,0.019,0.0006318701409308,0.0007358701481919,0.0105,0.0105,0.9952,0.01095,30.0,79.5,196.5,,,,106.0,62.0,0.0142076449912126,0.0,,0.0,169.5
T4,single_shot,single_shot,arrival_coin,boot,1138,569,none,555.47765,503,betting,nosplit_iut,0.05,0.05,0.05,0.15,20,20000,0.00765,0.009,0.01665,0.0006160956703305,0.0006677948786865,0.00855,0.00855,0.9952,0.009,42.0,106.0,226.0,,,,122.0,94.0,0.0118938488576449,0.0,,0.0,229.0
T4,single_shot,single_shot,arrival_coin,boot,1138,569,none,555.47765,503,betting,deploy_bonf2,0.025,0.025,0.05,0.03,10,20000,0.0014,0.01095,0.01235,0.0002643898636483,0.0007358701481919,0.00195,0.00495,0.03,0.01095,27.5,74.0,196.0,,,,209.5,62.0,0.0092505711775043,0.0,,0.0,161.0
T4,single_shot,single_shot,arrival_coin,boot,1138,569,none,555.47765,503,betting,deploy_bonf2,0.025,0.025,0.05,0.03,20,20000,0.0014,0.009,0.0104,0.0002643898636483,0.0006677948786865,0.00185,0.0043,0.03,0.009,41.5,109.0,224.5,,,,209.5,94.0,0.0073317662565905,0.0,,0.0,234.5
T4,single_shot,single_shot,arrival_coin,boot,1138,569,none,555.47765,503,betting,deploy_bonf2,0.025,0.025,0.05,0.05,10,20000,0.0019,0.01095,0.01285,0.0003079277512664,0.0007358701481919,0.00275,0.00495,0.10935,0.01095,29.0,82.0,206.0,,,,212.0,62.0,0.0095800966608084,0.0,,0.0,170.0
T4,single_shot,single_shot,arrival_coin,boot,1138,569,none,555.47765,503,betting,deploy_bonf2,0.025,0.025,0.05,0.05,20,20000,0.0019,0.009,0.0109,0.0003079277512664,0.0006677948786865,0.0026,0.0043,0.1093,0.009,42.25,112.0,234.5,,,,212.0,94.0,0.0076612917398945,0.0,,0.0,239.5
T4,single_shot,single_shot,arrival_coin,boot,1138,569,none,555.47765,503,betting,deploy_bonf2,0.025,0.025,0.05,0.1,10,20000,0.0029,0.01095,0.01385,0.0003802361108574,0.0007358701481919,0.00475,0.00495,0.69995,0.01095,30.0,83.0,206.0,,,,177.0,62.0,0.0103162126537785,0.0,,0.0,173.0
T4,single_shot,single_shot,arrival_coin,boot,1138,569,none,555.47765,503,betting,deploy_bonf2,0.025,0.025,0.05,0.1,20,20000,0.0029,0.009,0.0119,0.0003802361108574,0.0006677948786865,0.0041,0.0043,0.69985,0.009,42.0,116.0,234.5,,,,177.0,94.0,0.0083968804920913,0.0,,0.0,248.0
T4,single_shot,single_shot,arrival_coin,boot,1138,569,none,555.47765,503,betting,deploy_bonf2,0.025,0.025,0.05,0.15,10,20000,0.0039,0.01095,0.01485,0.0004407261054214,0.0007358701481919,0.00495,0.00495,0.9898,0.01095,29.0,73.0,195.0,,,,114.5,62.0,0.0112442003514938,0.0,,0.0,161.0
T4,single_shot,single_shot,arrival_coin,boot,1138,569,none,555.47765,503,betting,deploy_bonf2,0.025,0.025,0.05,0.15,20,20000,0.00385,0.009,0.01285,0.0004379028145604,0.0006677948786865,0.0043,0.0043,0.9898,0.009,40.0,97.0,216.0,,,,115.0,94.0,0.0092760544815465,0.0,,0.0,208.0
T4,single_shot,single_shot,arrival_coin,boot,1138,569,none,555.47765,503,betting,twosided_equal,0.025,0.025,0.025,0.03,10,20000,0.0014,0.00485,0.00625,0.0002643898636483,0.0004912472646234,0.00195,0.00495,0.03,0.00485,36.0,108.0,270.0,,,,209.5,61.0,0.004335676625659,0.0,,0.0,221.0
T4,single_shot,single_shot,arrival_coin,boot,1138,569,none,555.47765,503,betting,twosided_equal,0.025,0.025,0.025,0.03,20,20000,0.0014,0.00425,0.00565,0.0002643898636483,0.0004599966032483,0.00185,0.0043,0.03,0.00425,48.0,142.0,286.0,,,,209.5,94.0,0.0037452987697715,0.0,,0.0,289.0
T4,single_shot,single_shot,arrival_coin,boot,1138,569,none,555.47765,503,betting,twosided_equal,0.025,0.025,0.025,0.05,10,20000,0.0019,0.00485,0.00675,0.0003079277512664,0.0004912472646234,0.00275,0.00495,0.10935,0.00485,41.0,127.0,274.0,,,,212.0,61.0,0.004665202108963,0.0,,0.0,266.0
T4,single_shot,single_shot,arrival_coin,boot,1138,569,none,555.47765,503,betting,twosided_equal,0.025,0.025,0.025,0.05,20,20000,0.0019,0.00425,0.00615,0.0003079277512664,0.0004599966032483,0.0026,0.0043,0.1093,0.00425,47.0,152.0,285.0,,,,212.0,94.0,0.0040748242530755,0.0,,0.0,315.0
T4,single_shot,single_shot,arrival_coin,boot,1138,569,none,555.47765,503,betting,twosided_equal,0.025,0.025,0.025,0.1,10,20000,0.0029,0.00485,0.00775,0.0003802361108574,0.0004912472646234,0.00475,0.00495,0.69995,0.00485,41.0,130.0,274.0,,,,177.0,61.0,0.0054013181019332,0.0,,0.0,274.0
T4,single_shot,single_shot,arrival_coin,boot,1138,569,none,555.47765,503,betting,twosided_equal,0.025,0.025,0.025,0.1,20,20000,0.0029,0.00425,0.00715,0.0003802361108574,0.0004599966032483,0.0041,0.0043,0.69985,0.00425,47.0,147.0,281.5,,,,177.0,94.0,0.0048104130052724,0.0,,0.0,308.0
T4,single_shot,single_shot,arrival_coin,boot,1138,569,none,555.47765,503,betting,twosided_equal,0.025,0.025,0.025,0.15,10,20000,0.0039,0.00485,0.00875,0.0004407261054214,0.0004912472646234,0.00495,0.00495,0.9898,0.00485,35.0,86.0,246.5,,,,114.5,61.0,0.0063293057996485,0.0,,0.0,177.0
T4,single_shot,single_shot,arrival_coin,boot,1138,569,none,555.47765,503,betting,twosided_equal,0.025,0.025,0.025,0.15,20,20000,0.00385,0.00425,0.0081,0.0004379028145604,0.0004599966032483,0.0043,0.0043,0.9898,0.00425,45.0,110.5,271.5,,,,115.0,94.0,0.0056895869947275,0.0,,0.0,234.5
T4,single_shot,single_shot,arrival_coin,boot,1138,569,none,555.47765,503,betting,bonf3,0.0166666666666666,0.0166666666666666,0.0166666666666666,0.03,10,20000,0.0011,0.00385,0.00495,0.0002343917660669,0.0004379028145604,0.00145,0.00355,0.02145,0.00385,32.5,100.0,280.5,,,,225.0,60.0,0.0034234182776801,0.0,,0.0,208.0
T4,single_shot,single_shot,arrival_coin,boot,1138,569,none,555.47765,503,betting,bonf3,0.0166666666666666,0.0166666666666666,0.0166666666666666,0.03,20,20000,0.0011,0.00315,0.00425,0.0002343917660669,0.0003962371449018,0.00135,0.00295,0.02145,0.00315,47.0,161.0,295.0,,,,225.0,104.0,0.0027391476274165,0.0,,0.0,331.0
T4,single_shot,single_shot,arrival_coin,boot,1138,569,none,555.47765,503,betting,bonf3,0.0166666666666666,0.0166666666666666,0.0166666666666666,0.05,10,20000,0.0012,0.00385,0.00505,0.0002448019607764,0.0004379028145604,0.00175,0.00355,0.0857,0.00385,33.0,100.0,284.0,,,,236.0,60.0,0.0034974956063268,0.0,,0.0,208.0
T4,single_shot,single_shot,arrival_coin,boot,1138,569,none,555.47765,503,betting,bonf3,0.0166666666666666,0.0166666666666666,0.0166666666666666,0.05,20,20000,0.0012,0.00315,0.00435,0.0002448019607764,0.0003962371449018,0.00165,0.00295,0.0857,0.00315,47.0,161.0,296.0,,,,236.0,104.0,0.0028132249560632,0.0,,0.0,331.0
T4,single_shot,single_shot,arrival_coin,boot,1138,569,none,555.47765,503,betting,bonf3,0.0166666666666666,0.0166666666666666,0.0166666666666666,0.1,10,20000,0.0018,0.00385,0.00565,0.0002997298783905,0.0004379028145604,0.00335,0.00355,0.6516,0.00385,36.0,134.0,297.0,,,,259.0,60.0,0.0038179701230228,0.0,,0.0,286.0
T4,single_shot,single_shot,arrival_coin,boot,1138,569,none,555.47765,503,betting,bonf3,0.0166666666666666,0.0166666666666666,0.0166666666666666,0.1,20,20000,0.0018,0.00315,0.00495,0.0002997298783905,0.0003962371449018,0.00275,0.00295,0.65155,0.00315,47.0,174.0,306.0,,,,259.0,104.0,0.0031333919156414,0.0,,0.0,369.0
T4,single_shot,single_shot,arrival_coin,boot,1138,569,none,555.47765,503,betting,bonf3,0.0166666666666666,0.0166666666666666,0.0166666666666666,0.15,10,20000,0.00255,0.00385,0.0064,0.000356615864762,0.0004379028145604,0.00355,0.00355,0.98555,0.00385,36.0,85.0,285.0,,,,142.0,60.0,0.0044868629173989,0.0,,0.0,178.5
T4,single_shot,single_shot,arrival_coin,boot,1138,569,none,555.47765,503,betting,bonf3,0.0166666666666666,0.0166666666666666,0.0166666666666666,0.15,20,20000,0.0025,0.00315,0.00565,0.0003531111722956,0.0003962371449018,0.00295,0.00295,0.98555,0.00315,47.0,127.0,297.0,,,,146.5,104.0,0.0037533831282952,0.0,,0.0,271.0
T4,single_shot,single_shot,arrival_coin,boot,1138,569,none,555.47765,503,normal_mixture,nosplit_iut,0.05,0.05,0.05,0.03,10,20000,5e-05,0.00325,0.0033,4.999874998437461e-05,0.0004024572958712,5e-05,0.00325,0.00035,0.00325,210.0,281.0,439.5,,,,194.0,284.0,0.0014151142355008,0.0,,0.0,578.5
T4,single_shot,single_shot,arrival_coin,boot,1138,569,none,555.47765,503,normal_mixture,nosplit_iut,0.05,0.05,0.05,0.03,20,20000,5e-05,0.00325,0.0033,4.999874998437461e-05,0.0004024572958712,5e-05,0.00325,0.00035,0.00325,210.0,281.0,439.5,,,,194.0,284.0,0.0014151142355008,0.0,,0.0,578.5
T4,single_shot,single_shot,arrival_coin,boot,1138,569,none,555.47765,503,normal_mixture,nosplit_iut,0.05,0.05,0.05,0.05,10,20000,0.00055,0.00325,0.0038,0.0001657856296546,0.0004024572958712,0.00055,0.00325,0.00345,0.00325,216.75,319.0,460.0,,,,447.0,284.0,0.0015187609841827,0.0,,0.0,649.5
T4,single_shot,single_shot,arrival_coin,boot,1138,569,none,555.47765,503,normal_mixture,nosplit_iut,0.05,0.05,0.05,0.05,20,20000,0.00055,0.00325,0.0038,0.0001657856296546,0.0004024572958712,0.00055,0.00325,0.00345,0.00325,216.75,319.0,460.0,,,,447.0,284.0,0.0015187609841827,0.0,,0.0,649.5
T4,single_shot,single_shot,arrival_coin,boot,1138,569,none,555.47765,503,normal_mixture,nosplit_iut,0.05,0.05,0.05,0.1,10,20000,0.0022,0.00325,0.00545,0.0003312974494317,0.0004024572958712,0.0027,0.00325,0.18415,0.00325,236.0,321.0,432.0,,,,335.5,284.0,0.0022041739894551,0.0,,0.0,660.0
T4,single_shot,single_shot,arrival_coin,boot,1138,569,none,555.47765,503,normal_mixture,nosplit_iut,0.05,0.05,0.05,0.1,20,20000,0.0022,0.00325,0.00545,0.0003312974494317,0.0004024572958712,0.0027,0.00325,0.18415,0.00325,236.0,321.0,432.0,,,,335.5,284.0,0.0022041739894551,0.0,,0.0,660.0
T4,single_shot,single_shot,arrival_coin,boot,1138,569,none,555.47765,503,normal_mixture,nosplit_iut,0.05,0.05,0.05,0.15,10,20000,0.003,0.00325,0.00625,0.0003867169507533,0.0004024572958712,0.00325,0.00325,0.8261,0.00325,224.0,291.0,424.0,,,,307.5,284.0,0.0026579525483304,0.0,,0.0,611.0
T4,single_shot,single_shot,arrival_coin,boot,1138,569,none,555.47765,503,normal_mixture,nosplit_iut,0.05,0.05,0.05,0.15,20,20000,0.003,0.00325,0.00625,0.0003867169507533,0.0004024572958712,0.00325,0.00325,0.8261,0.00325,224.0,291.0,424.0,,,,307.5,284.0,0.0026579525483304,0.0,,0.0,611.0
T4,single_shot,single_shot,arrival_coin,boot,1138,569,none,555.47765,503,normal_mixture,deploy_bonf2,0.025,0.025,0.05,0.03,10,20000,0.0,0.00325,0.00325,0.0,0.0004024572958712,0.0,0.00125,0.0,0.00325,213.0,284.0,442.0,,,,,284.0,0.0013833040421792,0.0,,0.0,586.0
T4,single_shot,single_shot,arrival_coin,boot,1138,569,none,555.47765,503,normal_mixture,deploy_bonf2,0.025,0.025,0.05,0.03,20,20000,0.0,0.00325,0.00325,0.0,0.0004024572958712,0.0,0.00125,0.0,0.00325,213.0,284.0,442.0,,,,,284.0,0.0013833040421792,0.0,,0.0,586.0
T4,single_shot,single_shot,arrival_coin,boot,1138,569,none,555.47765,503,normal_mixture,deploy_bonf2,0.025,0.025,0.05,0.05,10,20000,5e-05,0.00325,0.0033,4.999874998437461e-05,0.0004024572958712,0.0001,0.00125,0.00085,0.00325,214.25,286.5,452.5,,,,468.0,284.0,0.0013913444639718,0.0,,0.0,596.0
T4,single_shot,single_shot,arrival_coin,boot,1138,569,none,555.47765,503,normal_mixture,deploy_bonf2,0.025,0.025,0.05,0.05,20,20000,5e-05,0.00325,0.0033,4.999874998437461e-05,0.0004024572958712,0.0001,0.00125,0.00085,0.00325,214.25,286.5,452.5,,,,468.0,284.0,0.0013913444639718,0.0,,0.0,596.0
T4,single_shot,single_shot,arrival_coin,boot,1138,569,none,555.47765,503,normal_mixture,deploy_bonf2,0.025,0.025,0.05,0.1,10,20000,0.0009,0.00325,0.00415,0.0002120365534524,0.0004024572958712,0.0009,0.00125,0.08995,0.00325,226.0,291.0,453.0,,,,389.0,284.0,0.0016868189806678,0.0,,0.0,611.0
T4,single_shot,single_shot,arrival_coin,boot,1138,569,none,555.47765,503,normal_mixture,deploy_bonf2,0.025,0.025,0.05,0.1,20,20000,0.0009,0.00325,0.00415,0.0002120365534524,0.0004024572958712,0.0009,0.00125,0.08995,0.00325,226.0,291.0,453.0,,,,389.0,284.0,0.0016868189806678,0.0,,0.0,611.0
T4,single_shot,single_shot,arrival_coin,boot,1138,569,none,555.47765,503,normal_mixture,deploy_bonf2,0.025,0.025,0.05,0.15,10,20000,0.0012,0.00325,0.00445,0.0002448019607764,0.0004024572958712,0.00125,0.00125,0.69665,0.00325,222.0,306.0,432.0,,,,352.5,284.0,0.0018335676625659,0.0,,0.0,621.0
T4,single_shot,single_shot,arrival_coin,boot,1138,569,none,555.47765,503,normal_mixture,deploy_bonf2,0.025,0.025,0.05,0.15,20,20000,0.0012,0.00325,0.00445,0.0002448019607764,0.0004024572958712,0.00125,0.00125,0.69665,0.00325,222.0,306.0,432.0,,,,352.5,284.0,0.0018335676625659,0.0,,0.0,621.0
T4,single_shot,single_shot,arrival_coin,boot,1138,569,none,555.47765,503,normal_mixture,twosided_equal,0.025,0.025,0.025,0.03,10,20000,0.0,0.00135,0.00135,0.0,0.0002596321917636,0.0,0.00125,0.0,0.00135,262.0,315.0,439.0,,,,,315.0,0.0005378734622144,0.0,,0.0,643.0
T4,single_shot,single_shot,arrival_coin,boot,1138,569,none,555.47765,503,normal_mixture,twosided_equal,0.025,0.025,0.025,0.03,20,20000,0.0,0.00135,0.00135,0.0,0.0002596321917636,0.0,0.00125,0.0,0.00135,262.0,315.0,439.0,,,,,315.0,0.0005378734622144,0.0,,0.0,643.0
T4,single_shot,single_shot,arrival_coin,boot,1138,569,none,555.47765,503,normal_mixture,twosided_equal,0.025,0.025,0.025,0.05,10,20000,5e-05,0.00135,0.0014,4.999874998437461e-05,0.0002596321917636,0.0001,0.00125,0.00085,0.00135,267.0,318.0,443.25,,,,468.0,315.0,0.000545913884007,0.0,,0.0,649.0
T4,single_shot,single_shot,arrival_coin,boot,1138,569,none,555.47765,503,normal_mixture,twosided_equal,0.025,0.025,0.025,0.05,20,20000,5e-05,0.00135,0.0014,4.999874998437461e-05,0.0002596321917636,0.0001,0.00125,0.00085,0.00135,267.0,318.0,443.25,,,,468.0,315.0,0.000545913884007,0.0,,0.0,649.0
T4,single_shot,single_shot,arrival_coin,boot,1138,569,none,555.47765,503,normal_mixture,twosided_equal,0.025,0.025,0.025,0.1,10,20000,0.0009,0.00135,0.00225,0.0002120365534524,0.0002596321917636,0.0009,0.00125,0.08995,0.00135,270.0,333.0,447.0,,,,389.0,315.0,0.0008413884007029,0.0,,0.0,685.0
T4,single_shot,single_shot,arrival_coin,boot,1138,569,none,555.47765,503,normal_mixture,twosided_equal,0.025,0.025,0.025,0.1,20,20000,0.0009,0.00135,0.00225,0.0002120365534524,0.0002596321917636,0.0009,0.00125,0.08995,0.00135,270.0,333.0,447.0,,,,389.0,315.0,0.0008413884007029,0.0,,0.0,685.0
T4,single_shot,single_shot,arrival_coin,boot,1138,569,none,555.47765,503,normal_mixture,twosided_equal,0.025,0.025,0.025,0.15,10,20000,0.0012,0.00135,0.00255,0.0002448019607764,0.0002596321917636,0.00125,0.00125,0.69665,0.00135,269.5,321.0,435.5,,,,352.5,315.0,0.000988137082601,0.0,,0.0,655.0
T4,single_shot,single_shot,arrival_coin,boot,1138,569,none,555.47765,503,normal_mixture,twosided_equal,0.025,0.025,0.025,0.15,20,20000,0.0012,0.00135,0.00255,0.0002448019607764,0.0002596321917636,0.00125,0.00125,0.69665,0.00135,269.5,321.0,435.5,,,,352.5,315.0,0.000988137082601,0.0,,0.0,655.0
T4,single_shot,single_shot,arrival_coin,boot,1138,569,none,555.47765,503,normal_mixture,bonf3,0.0166666666666666,0.0166666666666666,0.0166666666666666,0.03,10,20000,0.0,0.0009,0.0009,0.0,0.0002120365534524,0.0,0.00065,0.0,0.0009,292.0,359.0,460.25,,,,,359.0,0.0002932776801405,0.0,,0.0,741.5
T4,single_shot,single_shot,arrival_coin,boot,1138,569,none,555.47765,503,normal_mixture,bonf3,0.0166666666666666,0.0166666666666666,0.0166666666666666,0.03,20,20000,0.0,0.0009,0.0009,0.0,0.0002120365534524,0.0,0.00065,0.0,0.0009,292.0,359.0,460.25,,,,,359.0,0.0002932776801405,0.0,,0.0,741.5
T4,single_shot,single_shot,arrival_coin,boot,1138,569,none,555.47765,503,normal_mixture,bonf3,0.0166666666666666,0.0166666666666666,0.0166666666666666,0.05,10,20000,0.0,0.0009,0.0009,0.0,0.0002120365534524,0.0,0.00065,0.0004,0.0009,292.0,359.0,460.25,,,,,359.0,0.0002932776801405,0.0,,0.0,741.5
T4,single_shot,single_shot,arrival_coin,boot,1138,569,none,555.47765,503,normal_mixture,bonf3,0.0166666666666666,0.0166666666666666,0.0166666666666666,0.05,20,20000,0.0,0.0009,0.0009,0.0,0.0002120365534524,0.0,0.00065,0.0004,0.0009,292.0,359.0,460.25,,,,,359.0,0.0002932776801405,0.0,,0.0,741.5
T4,single_shot,single_shot,arrival_coin,boot,1138,569,none,555.47765,503,normal_mixture,bonf3,0.0166666666666666,0.0166666666666666,0.0166666666666666,0.1,10,20000,0.00045,0.0009,0.00135,0.0001499662462022,0.0002120365534524,0.0005,0.00065,0.05845,0.0009,288.5,371.0,444.0,,,,386.0,359.0,0.0004571177504393,0.0,,0.0,769.0
T4,single_shot,single_shot,arrival_coin,boot,1138,569,none,555.47765,503,normal_mixture,bonf3,0.0166666666666666,0.0166666666666666,0.0166666666666666,0.1,20,20000,0.00045,0.0009,0.00135,0.0001499662462022,0.0002120365534524,0.0005,0.00065,0.05845,0.0009,288.5,371.0,444.0,,,,386.0,359.0,0.0004571177504393,0.0,,0.0,769.0
T4,single_shot,single_shot,arrival_coin,boot,1138,569,none,555.47765,503,normal_mixture,bonf3,0.0166666666666666,0.0166666666666666,0.0166666666666666,0.15,10,20000,0.00065,0.0009,0.00155,0.0001802189640409,0.0002120365534524,0.00065,0.00065,0.61415,0.0009,279.0,347.0,443.0,,,,325.0,359.0,0.0005667838312829,0.0,,0.0,714.0
T4,single_shot,single_shot,arrival_coin,boot,1138,569,none,555.47765,503,normal_mixture,bonf3,0.0166666666666666,0.0166666666666666,0.0166666666666666,0.15,20,20000,0.00065,0.0009,0.00155,0.0001802189640409,0.0002120365534524,0.00065,0.00065,0.61415,0.0009,279.0,347.0,443.0,,,,325.0,359.0,0.0005667838312829,0.0,,0.0,714.0
T1,self_test_repair,single_shot,pair_coin,boot,591,295,cand_-0.03,295.0,295,betting,nosplit_iut,0.05,0.05,0.05,0.03,10,10000,0.0077,0.0,0.0077,0.0008741115489455,0.0,0.0077,1.0,0.0077,0.0,41.0,62.0,126.0,,,,62.0,,0.0051593908629441,0.0025766497461928,0.0051532384557204,0.0032922470145064,127.0
T1,self_test_repair,single_shot,pair_coin,boot,591,295,cand_-0.03,295.0,295,betting,nosplit_iut,0.05,0.05,0.05,0.03,20,10000,0.0075,0.0,0.0075,0.0008627716963368,0.0,0.0075,1.0,0.0075,0.0,41.5,64.0,126.0,,,,64.0,,0.0049680203045685,0.0024813874788494,0.0049627161776425,0.0031694601539852,131.0
T1,self_test_repair,single_shot,pair_coin,boot,591,295,cand_-0.03,295.0,295,betting,nosplit_iut,0.05,0.05,0.05,0.05,10,10000,0.0187,0.0,0.0187,0.0013546331606748,0.0,0.0187,1.0,0.0187,0.0,54.0,105.0,201.5,,,,105.0,,0.0105142131979695,0.0052509306260575,0.0105017368660608,0.0066603383741147,211.0
T1,self_test_repair,single_shot,pair_coin,boot,591,295,cand_-0.03,295.0,295,betting,nosplit_iut,0.05,0.05,0.05,0.05,20,10000,0.0182,0.0,0.0182,0.0013367408125736,0.0,0.0182,1.0,0.0182,0.0,55.25,110.5,202.75,,,,110.5,,0.0100306260575296,0.0050093062605752,0.0100184938587867,0.0063482437437449,223.0
T1,self_test_repair,single_shot,pair_coin,boot,591,295,cand_-0.03,295.0,295,betting,nosplit_iut,0.05,0.05,0.05,0.1,10,10000,0.1651,0.0,0.1651,0.0037127077719637,0.0,0.1651,1.0,0.1651,0.0,102.0,172.0,238.0,,,,172.0,,0.0706451776649746,0.0352812182741116,0.0705616007932224,0.0446961890662538,346.0
T1,self_test_repair,single_shot,pair_coin,boot,591,295,cand_-0.03,295.0,295,betting,nosplit_iut,0.05,0.05,0.05,0.1,20,10000,0.1647,0.0,0.1647,0.0037090957118952,0.0,0.1647,1.0,0.1647,0.0,103.0,173.0,238.0,,,,173.0,,0.0699983079526226,0.0349576988155668,0.0699145695397854,0.0442938410892718,347.0
T1,self_test_repair,single_shot,pair_coin,boot,591,295,cand_-0.03,295.0,295,betting,nosplit_iut,0.05,0.05,0.05,0.15,10,10000,0.6073,0.0,0.6073,0.0048835101105659,0.0,0.6073,1.0,0.6073,0.0,103.0,164.0,226.0,143.0,245.0,,164.0,,0.2703169204737732,0.1350079526226734,0.2700127071252963,0.1710878862012395,330.0
T1,self_test_repair,single_shot,pair_coin,boot,591,295,cand_-0.03,295.0,295,betting,nosplit_iut,0.05,0.05,0.05,0.15,20,10000,0.6064,0.0,0.6064,0.0048854788915724,0.0,0.6064,1.0,0.6064,0.0,103.0,165.0,226.0,144.0,245.0,,165.0,,0.2685714043993231,0.1341345177664974,0.2682658581032035,0.1699977024044711,331.0
T1,self_test_repair,single_shot,pair_coin,boot,591,295,cand_-0.03,295.0,295,betting,deploy_bonf2,0.025,0.025,0.05,0.03,10,10000,0.0037,0.0,0.0037,0.0006071498991188,0.0,0.0037,1.0,0.0037,0.0,40.0,60.0,123.0,,,,60.0,,0.0025045685279187,0.0012519458544839,0.0025038620523953,0.0015919382722746,123.0
T1,self_test_repair,single_shot,pair_coin,boot,591,295,cand_-0.03,295.0,295,betting,deploy_bonf2,0.025,0.025,0.05,0.03,20,10000,0.0037,0.0,0.0037,0.0006071498991188,0.0,0.0037,1.0,0.0037,0.0,40.0,60.0,123.0,,,,60.0,,0.0025045685279187,0.0012519458544839,0.0025038620523953,0.0015919382722746,123.0
T1,self_test_repair,single_shot,pair_coin,boot,591,295,cand_-0.03,295.0,295,betting,deploy_bonf2,0.025,0.025,0.05,0.05,10,10000,0.0101,0.0,0.0101,0.0009998994949493,0.0,0.0101,1.0,0.0101,0.0,47.0,100.0,175.0,,,,100.0,,0.0059837563451776,0.0029881556683587,0.0059762405521423,0.0038209723346331,201.0
T1,self_test_repair,single_shot,pair_coin,boot,591,295,cand_-0.03,295.0,295,betting,deploy_bonf2,0.025,0.025,0.05,0.05,20,10000,0.0099,0.0,0.0099,0.0009900499987374,0.0,0.0099,1.0,0.0099,0.0,49.5,104.0,181.5,,,,104.0,,0.005792385786802,0.0028928934010152,0.0057857182740644,0.0036981854741119,209.0
T1,self_test_repair,single_shot,pair_coin,boot,591,295,cand_-0.03,295.0,295,betting,deploy_bonf2,0.025,0.025,0.05,0.1,10,10000,0.1103,0.0,0.1103,0.0031326332373899,0.0,0.1104,1.0,0.1104,0.0,114.0,182.0,246.0,,,,182.0,,0.0443358714043993,0.0221397631133671,0.0442790017715526,0.0279879021387536,366.0
T1,self_test_repair,single_shot,pair_coin,boot,591,295,cand_-0.03,295.0,295,betting,deploy_bonf2,0.025,0.025,0.05,0.1,20,10000,0.1101,0.0,0.1101,0.0031301436069292,0.0,0.1101,1.0,0.1101,0.0,115.0,182.0,246.0,,,,182.0,,0.0440859560067681,0.0220147208121827,0.0440289201312336,0.0278251502555251,366.0
T1,self_test_repair,single_shot,pair_coin,boot,591,295,cand_-0.03,295.0,295,betting,deploy_bonf2,0.025,0.025,0.05,0.15,10,10000,0.5109,0.0,0.5109,0.0049988117588082,0.0,0.5109,1.0,0.5109,0.0,118.0,180.0,238.0,177.0,290.0,,180.0,,0.2055800338409475,0.1026560067681895,0.2053095817816032,0.130084236323953,361.0
T1,self_test_repair,single_shot,pair_coin,boot,591,295,cand_-0.03,295.0,295,betting,deploy_bonf2,0.025,0.025,0.05,0.15,20,10000,0.5106,0.0,0.5106,0.0049988762737239,0.0,0.5106,1.0,0.5106,0.0,119.0,180.0,238.0,177.0,290.0,,180.0,,0.2051140439932318,0.1024233502538071,0.204844274264095,0.1297969815069575,361.0
T1,self_test_repair,single_shot,pair_coin,boot,591,295,cand_-0.03,295.0,295,betting,twosided_equal,0.025,0.025,0.025,0.03,10,10000,0.0037,0.0,0.0037,0.0006071498991188,0.0,0.0037,1.0,0.0037,0.0,40.0,60.0,123.0,,,,60.0,,0.0025045685279187,0.0012519458544839,0.0025038620523953,0.0015919382722746,123.0
T1,self_test_repair,single_shot,pair_coin,boot,591,295,cand_-0.03,295.0,295,betting,twosided_equal,0.025,0.025,0.025,0.03,20,10000,0.0037,0.0,0.0037,0.0006071498991188,0.0,0.0037,1.0,0.0037,0.0,40.0,60.0,123.0,,,,60.0,,0.0025045685279187,0.0012519458544839,0.0025038620523953,0.0015919382722746,123.0
T1,self_test_repair,single_shot,pair_coin,boot,591,295,cand_-0.03,295.0,295,betting,twosided_equal,0.025,0.025,0.025,0.05,10,10000,0.0101,0.0,0.0101,0.0009998994949493,0.0,0.0101,1.0,0.0101,0.0,47.0,100.0,175.0,,,,100.0,,0.0059837563451776,0.0029881556683587,0.0059762405521423,0.0038209723346331,201.0
T1,self_test_repair,single_shot,pair_coin,boot,591,295,cand_-0.03,295.0,295,betting,twosided_equal,0.025,0.025,0.025,0.05,20,10000,0.0099,0.0,0.0099,0.0009900499987374,0.0,0.0099,1.0,0.0099,0.0,49.5,104.0,181.5,,,,104.0,,0.005792385786802,0.0028928934010152,0.0057857182740644,0.0036981854741119,209.0
T1,self_test_repair,single_shot,pair_coin,boot,591,295,cand_-0.03,295.0,295,betting,twosided_equal,0.025,0.025,0.025,0.1,10,10000,0.1103,0.0,0.1103,0.0031326332373899,0.0,0.1104,1.0,0.1104,0.0,114.0,182.0,246.0,,,,182.0,,0.0443358714043993,0.0221397631133671,0.0442790017715526,0.0279879021387536,366.0
T1,self_test_repair,single_shot,pair_coin,boot,591,295,cand_-0.03,295.0,295,betting,twosided_equal,0.025,0.025,0.025,0.1,20,10000,0.1101,0.0,0.1101,0.0031301436069292,0.0,0.1101,1.0,0.1101,0.0,115.0,182.0,246.0,,,,182.0,,0.0440859560067681,0.0220147208121827,0.0440289201312336,0.0278251502555251,366.0
T1,self_test_repair,single_shot,pair_coin,boot,591,295,cand_-0.03,295.0,295,betting,twosided_equal,0.025,0.025,0.025,0.15,10,10000,0.5109,0.0,0.5109,0.0049988117588082,0.0,0.5109,1.0,0.5109,0.0,118.0,180.0,238.0,177.0,290.0,,180.0,,0.2055800338409475,0.1026560067681895,0.2053095817816032,0.130084236323953,361.0
T1,self_test_repair,single_shot,pair_coin,boot,591,295,cand_-0.03,295.0,295,betting,twosided_equal,0.025,0.025,0.025,0.15,20,10000,0.5106,0.0,0.5106,0.0049988762737239,0.0,0.5106,1.0,0.5106,0.0,119.0,180.0,238.0,177.0,290.0,,180.0,,0.2051140439932318,0.1024233502538071,0.204844274264095,0.1297969815069575,361.0
T1,self_test_repair,single_shot,pair_coin,boot,591,295,cand_-0.03,295.0,295,betting,bonf3,0.0166666666666666,0.0166666666666666,0.0166666666666666,0.03,10,10000,0.0022,0.0,0.0022,0.000468525346166,0.0,0.0022,1.0,0.0022,0.0,54.25,90.0,173.5,,,,90.0,,0.0013358714043993,0.000667681895093,0.0013353479738818,0.0008419527017361,181.0
T1,self_test_repair,single_shot,pair_coin,boot,591,295,cand_-0.03,295.0,295,betting,bonf3,0.0166666666666666,0.0166666666666666,0.0166666666666666,0.03,20,10000,0.0022,0.0,0.0022,0.000468525346166,0.0,0.0022,1.0,0.0022,0.0,54.25,90.0,173.5,,,,90.0,,0.0013358714043993,0.000667681895093,0.0013353479738818,0.0008419527017361,181.0
T1,self_test_repair,single_shot,pair_coin,boot,591,295,cand_-0.03,295.0,295,betting,bonf3,0.0166666666666666,0.0166666666666666,0.0166666666666666,0.05,10,10000,0.0069,0.0,0.0069,0.0008277916404506,0.0,0.0069,1.0,0.0069,0.0,54.0,101.0,201.0,,,,101.0,,0.0039529610829103,0.0019744500846023,0.0039488533976754,0.0025099825027484,204.0
T1,self_test_repair,single_shot,pair_coin,boot,591,295,cand_-0.03,295.0,295,betting,bonf3,0.0166666666666666,0.0166666666666666,0.0166666666666666,0.05,20,10000,0.0069,0.0,0.0069,0.0008277916404506,0.0,0.0069,1.0,0.0069,0.0,54.0,101.0,201.0,,,,101.0,,0.0039529610829103,0.0019744500846023,0.0039488533976754,0.0025099825027484,204.0
T1,self_test_repair,single_shot,pair_coin,boot,591,295,cand_-0.03,295.0,295,betting,bonf3,0.0166666666666666,0.0166666666666666,0.0166666666666666,0.1,10,10000,0.0863,0.0,0.0863,0.0028080653482424,0.0,0.0863,1.0,0.0863,0.0,121.0,185.0,248.0,,,,185.0,,0.0337585448392555,0.0168595600676818,0.0337187207596526,0.0212822151460447,371.0
T1,self_test_repair,single_shot,pair_coin,boot,591,295,cand_-0.03,295.0,295,betting,bonf3,0.0166666666666666,0.0166666666666666,0.0166666666666666,0.1,20,10000,0.0862,0.0,0.0862,0.0028065915271018,0.0,0.0862,1.0,0.0862,0.0,121.25,185.0,248.0,,,,185.0,,0.033594923857868,0.0167780033840947,0.0335556093244242,0.0211764478892295,371.5
T1,self_test_repair,single_shot,pair_coin,boot,591,295,cand_-0.03,295.0,295,betting,bonf3,0.0166666666666666,0.0166666666666666,0.0166666666666666,0.15,10,10000,0.4566,0.0,0.4566,0.0049811287877347,0.0,0.4566,1.0,0.4566,0.0,127.25,187.0,243.0,198.0,,,187.0,,0.1746519458544839,0.08721641285956,0.1744307597033537,0.1105295713449429,376.0
T1,self_test_repair,single_shot,pair_coin,boot,591,295,cand_-0.03,295.0,295,betting,bonf3,0.0166666666666666,0.0166666666666666,0.0166666666666666,0.15,20,10000,0.4564,0.0,0.4564,0.0049809541254663,0.0,0.4564,1.0,0.4564,0.0,128.0,187.0,243.25,199.0,,,187.0,,0.1743032148900169,0.0870421319796954,0.1740822020720566,0.1103140934472365,376.0
T1,self_test_repair,single_shot,pair_coin,boot,591,295,cand_-0.02,295.0,295,betting,nosplit_iut,0.05,0.05,0.05,0.03,10,10000,0.0099,0.0,0.0099,0.0009900499987374,0.0,0.0099,1.0,0.0099,0.0,52.5,98.0,170.0,,,,98.0,,0.00594551607445,0.002970219966159,0.0059404600353977,0.0037817764714621,197.0
T1,self_test_repair,single_shot,pair_coin,boot,591,295,cand_-0.02,295.0,295,betting,nosplit_iut,0.05,0.05,0.05,0.03,20,10000,0.0097,0.0,0.0097,0.000980097444135,0.0,0.0097,1.0,0.0097,0.0,53.0,102.0,178.0,,,,102.0,,0.0057553299492385,0.0028749576988155,0.0057499348559555,0.0036647841585597,207.0
T1,self_test_repair,single_shot,pair_coin,boot,591,295,cand_-0.02,295.0,295,betting,nosplit_iut,0.05,0.05,0.05,0.05,10,10000,0.0305,0.0,0.0305,0.0017195857059187,0.0,0.0305,1.0,0.0305,0.0,68.0,149.0,216.0,,,,149.0,,0.0152786802030456,0.0076289340101522,0.0152579196545504,0.0097042496805643,299.0
T1,self_test_repair,single_shot,pair_coin,boot,591,295,cand_-0.02,295.0,295,betting,nosplit_iut,0.05,0.05,0.05,0.05,20,10000,0.0301,0.0,0.0301,0.0017086248856902,0.0,0.0301,1.0,0.0301,0.0,69.0,150.0,217.0,,,,150.0,,0.0148688663282571,0.0074245346869712,0.0148491196247703,0.0094492760187478,302.0
T1,self_test_repair,single_shot,pair_coin,boot,591,295,cand_-0.02,295.0,295,betting,nosplit_iut,0.05,0.05,0.05,0.1,10,10000,0.2381,0.0,0.2381,0.0042592063814753,0.0,0.2382,1.0,0.2382,0.0,105.0,179.0,241.0,,,,179.0,,0.0995893401015228,0.0497372250423011,0.0994747867167063,0.0630411023877315,359.0
T1,self_test_repair,single_shot,pair_coin,boot,591,295,cand_-0.02,295.0,295,betting,nosplit_iut,0.05,0.05,0.05,0.1,20,10000,0.2373,0.0,0.2373,0.0042542767893027,0.0,0.2373,1.0,0.2373,0.0,106.0,179.0,241.0,,,,179.0,,0.0987343485617597,0.0493098138747884,0.0986199614888713,0.0625077316683219,361.0
T1,self_test_repair,single_shot,pair_coin,boot,591,295,cand_-0.02,295.0,295,betting,nosplit_iut,0.05,0.05,0.05,0.15,10,10000,0.7047,0.0,0.7047,0.0045617749834905,0.0,0.7047,1.0,0.7047,0.0,98.0,159.0,220.0,125.0,211.0,,159.0,,0.3228707275803722,0.1612707275803722,0.3225425466752848,0.2042914419558423,320.0
T1,self_test_repair,single_shot,pair_coin,boot,591,295,cand_-0.02,295.0,295,betting,nosplit_iut,0.05,0.05,0.05,0.15,20,10000,0.7039,0.0,0.7039,0.0045653563935359,0.0,0.7039,1.0,0.7039,0.0,99.0,159.0,221.0,126.0,211.0,,159.0,,0.3206560067681895,0.1601634517766497,0.3203279875735619,0.2028860563737882,320.0
T1,self_test_repair,single_shot,pair_coin,boot,591,295,cand_-0.02,295.0,295,betting,deploy_bonf2,0.025,0.025,0.05,0.03,10,10000,0.0049,0.0,0.0049,0.000698282893962,0.0,0.0049,1.0,0.0049,0.0,54.0,108.0,161.0,,,,108.0,,0.0028857868020304,0.0014423011844331,0.0028846121306671,0.0018317083401558,217.0
T1,self_test_repair,single_shot,pair_coin,boot,591,295,cand_-0.02,295.0,295,betting,deploy_bonf2,0.025,0.025,0.05,0.03,20,10000,0.0049,0.0,0.0049,0.000698282893962,0.0,0.0049,1.0,0.0049,0.0,54.0,108.0,161.0,,,,108.0,,0.0028857868020304,0.0014423011844331,0.0028846121306671,0.0018317083401558,217.0
T1,self_test_repair,single_shot,pair_coin,boot,591,295,cand_-0.02,295.0,295,betting,deploy_bonf2,0.025,0.025,0.05,0.05,10,10000,0.0156,0.0,0.0156,0.0012392191089553,0.0,0.0156,1.0,0.0156,0.0,82.75,155.5,235.75,,,,155.5,,0.0070944162436548,0.0035431472081218,0.0070863183970165,0.0045039905710819,313.5
T1,self_test_repair,single_shot,pair_coin,boot,591,295,cand_-0.02,295.0,295,betting,deploy_bonf2,0.025,0.025,0.05,0.05,20,10000,0.0154,0.0,0.0154,0.0012313748413866,0.0,0.0154,1.0,0.0154,0.0,85.75,156.0,237.25,,,,156.0,,0.0069042301184433,0.0034478849407783,0.0068957932175743,0.0043869982581795,316.0
T1,self_test_repair,single_shot,pair_coin,boot,591,295,cand_-0.02,295.0,295,betting,deploy_bonf2,0.025,0.025,0.05,0.1,10,10000,0.1649,0.0,0.1649,0.0037109027203633,0.0,0.1649,1.0,0.1649,0.0,118.0,189.0,246.0,,,,189.0,,0.0639417935702199,0.0319389170896785,0.0638780503487321,0.0405104538368732,380.0
T1,self_test_repair,single_shot,pair_coin,boot,591,295,cand_-0.02,295.0,295,betting,deploy_bonf2,0.025,0.025,0.05,0.1,20,10000,0.1647,0.0,0.1647,0.0037090957118952,0.0,0.1647,1.0,0.1647,0.0,118.5,189.0,246.0,,,,189.0,,0.0636983079526226,0.0318172588832487,0.063634733112464,0.0403578120730094,380.0
T1,self_test_repair,single_shot,pair_coin,boot,591,295,cand_-0.02,295.0,295,betting,deploy_bonf2,0.025,0.025,0.05,0.15,10,10000,0.6126,0.0,0.6126,0.0048715627882641,0.0,0.6128,1.0,0.6128,0.0,114.0,174.0,231.75,153.0,247.0,,174.0,,0.2565321489001692,0.1281253807106599,0.256251628601112,0.1622546649412096,351.0
T1,self_test_repair,single_shot,pair_coin,boot,591,295,cand_-0.02,295.0,295,betting,deploy_bonf2,0.025,0.025,0.05,0.15,20,10000,0.6125,0.0,0.6125,0.0048717938174762,0.0,0.6125,1.0,0.6125,0.0,114.0,174.0,232.0,153.0,247.0,,174.0,,0.255887986463621,0.1278021996615905,0.2556052643156152,0.1618513617732859,351.0
T1,self_test_repair,single_shot,pair_coin,boot,591,295,cand_-0.02,295.0,295,betting,twosided_equal,0.025,0.025,0.025,0.03,10,10000,0.0049,0.0,0.0049,0.000698282893962,0.0,0.0049,1.0,0.0049,0.0,54.0,108.0,161.0,,,,108.0,,0.0028857868020304,0.0014423011844331,0.0028846121306671,0.0018317083401558,217.0
T1,self_test_repair,single_shot,pair_coin,boot,591,295,cand_-0.02,295.0,295,betting,twosided_equal,0.025,0.025,0.025,0.03,20,10000,0.0049,0.0,0.0049,0.000698282893962,0.0,0.0049,1.0,0.0049,0.0,54.0,108.0,161.0,,,,108.0,,0.0028857868020304,0.0014423011844331,0.0028846121306671,0.0018317083401558,217.0
T1,self_test_repair,single_shot,pair_coin,boot,591,295,cand_-0.02,295.0,295,betting,twosided_equal,0.025,0.025,0.025,0.05,10,10000,0.0156,0.0,0.0156,0.0012392191089553,0.0,0.0156,1.0,0.0156,0.0,82.75,155.5,235.75,,,,155.5,,0.0070944162436548,0.0035431472081218,0.0070863183970165,0.0045039905710819,313.5
T1,self_test_repair,single_shot,pair_coin,boot,591,295,cand_-0.02,295.0,295,betting,twosided_equal,0.025,0.025,0.025,0.05,20,10000,0.0154,0.0,0.0154,0.0012313748413866,0.0,0.0154,1.0,0.0154,0.0,85.75,156.0,237.25,,,,156.0,,0.0069042301184433,0.0034478849407783,0.0068957932175743,0.0043869982581795,316.0
T1,self_test_repair,single_shot,pair_coin,boot,591,295,cand_-0.02,295.0,295,betting,twosided_equal,0.025,0.025,0.025,0.1,10,10000,0.1649,0.0,0.1649,0.0037109027203633,0.0,0.1649,1.0,0.1649,0.0,118.0,189.0,246.0,,,,189.0,,0.0639417935702199,0.0319389170896785,0.0638780503487321,0.0405104538368732,380.0
T1,self_test_repair,single_shot,pair_coin,boot,591,295,cand_-0.02,295.0,295,betting,twosided_equal,0.025,0.025,0.025,0.1,20,10000,0.1647,0.0,0.1647,0.0037090957118952,0.0,0.1647,1.0,0.1647,0.0,118.5,189.0,246.0,,,,189.0,,0.0636983079526226,0.0318172588832487,0.063634733112464,0.0403578120730094,380.0
T1,self_test_repair,single_shot,pair_coin,boot,591,295,cand_-0.02,295.0,295,betting,twosided_equal,0.025,0.025,0.025,0.15,10,10000,0.6126,0.0,0.6126,0.0048715627882641,0.0,0.6128,1.0,0.6128,0.0,114.0,174.0,231.75,153.0,247.0,,174.0,,0.2565321489001692,0.1281253807106599,0.256251628601112,0.1622546649412096,351.0
T1,self_test_repair,single_shot,pair_coin,boot,591,295,cand_-0.02,295.0,295,betting,twosided_equal,0.025,0.025,0.025,0.15,20,10000,0.6125,0.0,0.6125,0.0048717938174762,0.0,0.6125,1.0,0.6125,0.0,114.0,174.0,232.0,153.0,247.0,,174.0,,0.255887986463621,0.1278021996615905,0.2556052643156152,0.1618513617732859,351.0
T1,self_test_repair,single_shot,pair_coin,boot,591,295,cand_-0.02,295.0,295,betting,bonf3,0.0166666666666666,0.0166666666666666,0.0166666666666666,0.03,10,10000,0.0037,0.0,0.0037,0.0006071498991188,0.0,0.0037,1.0,0.0037,0.0,57.0,101.0,166.0,,,,101.0,,0.0021654822335025,0.0010820642978003,0.0021641359192416,0.0013784853984541,205.0
T1,self_test_repair,single_shot,pair_coin,boot,591,295,cand_-0.02,295.0,295,betting,bonf3,0.0166666666666666,0.0166666666666666,0.0166666666666666,0.03,20,10000,0.0037,0.0,0.0037,0.0006071498991188,0.0,0.0037,1.0,0.0037,0.0,57.0,101.0,166.0,,,,101.0,,0.0021654822335025,0.0010820642978003,0.0021641359192416,0.0013784853984541,205.0
T1,self_test_repair,single_shot,pair_coin,boot,591,295,cand_-0.02,295.0,295,betting,bonf3,0.0166666666666666,0.0166666666666666,0.0166666666666666,0.05,10,10000,0.0106,0.0,0.0106,0.0010240917927607,0.0,0.0106,1.0,0.0106,0.0,86.5,149.5,224.5,,,,149.5,,0.0049409475465313,0.0024671742808798,0.0049343652601193,0.0031459950704456,302.5
T1,self_test_repair,single_shot,pair_coin,boot,591,295,cand_-0.02,295.0,295,betting,bonf3,0.0166666666666666,0.0166666666666666,0.0166666666666666,0.05,20,10000,0.0106,0.0,0.0106,0.0010240917927607,0.0,0.0106,1.0,0.0106,0.0,86.5,149.5,224.5,,,,149.5,,0.0049409475465313,0.0024671742808798,0.0049343652601193,0.0031459950704456,302.5
T1,self_test_repair,single_shot,pair_coin,boot,591,295,cand_-0.02,295.0,295,betting,bonf3,0.0166666666666666,0.0166666666666666,0.0166666666666666,0.1,10,10000,0.1333,0.0,0.1333,0.0033989867607862,0.0,0.1333,1.0,0.1333,0.0,129.0,194.0,252.0,,,,194.0,,0.0489912013536379,0.0244598984771573,0.0489199625041032,0.0310259328644871,392.0
T1,self_test_repair,single_shot,pair_coin,boot,591,295,cand_-0.02,295.0,295,betting,bonf3,0.0166666666666666,0.0166666666666666,0.0166666666666666,0.1,20,10000,0.1333,0.0,0.1333,0.0033989867607862,0.0,0.1333,1.0,0.1333,0.0,129.0,194.0,252.0,,,,194.0,,0.0489609137055837,0.0244443316412859,0.0488888287270007,0.0310054149314392,392.0
T1,self_test_repair,single_shot,pair_coin,boot,591,295,cand_-0.02,295.0,295,betting,bonf3,0.0166666666666666,0.0166666666666666,0.0166666666666666,0.15,10,10000,0.5616,0.0,0.5616,0.004961909309933,0.0,0.5617,1.0,0.5617,0.0,121.0,182.0,236.0,168.75,268.5,,182.0,,0.2235769881556683,0.1116519458544839,0.2233046473930537,0.1414059393287973,366.0
T1,self_test_repair,single_shot,pair_coin,boot,591,295,cand_-0.02,295.0,295,betting,bonf3,0.0166666666666666,0.0166666666666666,0.0166666666666666,0.15,20,10000,0.5614,0.0,0.5614,0.0049621571921897,0.0,0.5614,1.0,0.5614,0.0,122.0,182.0,236.0,169.0,269.0,,182.0,,0.2232935702199661,0.1115104906937394,0.2230217361141661,0.1412281922409638,366.0
T1,self_test_repair,single_shot,pair_coin,boot,591,295,cand_+0.02,295.0,295,betting,nosplit_iut,0.05,0.05,0.05,0.03,10,10000,0.0725,0.0,0.0725,0.0025931399885081,0.0,0.0725,1.0,0.0725,0.0,94.0,167.0,233.0,,,,167.0,,0.0323279187817258,0.0161443316412859,0.0322876908275859,0.0204711351290038,335.0
T1,self_test_repair,single_shot,pair_coin,boot,591,295,cand_+0.02,295.0,295,betting,nosplit_iut,0.05,0.05,0.05,0.03,20,10000,0.0723,0.0,0.0723,0.0025898399564451,0.0,0.0723,1.0,0.0723,0.0,95.0,167.0,233.0,,,,167.0,,0.0321324873096446,0.0160470389170896,0.0320931112396276,0.0203519004014336,335.0
T1,self_test_repair,single_shot,pair_coin,boot,591,295,cand_+0.02,295.0,295,betting,nosplit_iut,0.05,0.05,0.05,0.05,10,10000,0.1689,0.0,0.1689,0.0037466356908565,0.0,0.1689,1.0,0.1689,0.0,112.0,185.0,241.0,,,,185.0,,0.0682565143824027,0.0340928934010152,0.0681837332141265,0.0431655249718965,373.0
T1,self_test_repair,single_shot,pair_coin,boot,591,295,cand_+0.02,295.0,295,betting,nosplit_iut,0.05,0.05,0.05,0.05,20,10000,0.1684,0.0,0.1684,0.0037422111110946,0.0,0.1684,1.0,0.1684,0.0,114.0,185.0,241.25,,,,185.0,,0.0676729272419627,0.033801861252115,0.0676016864466687,0.0428023189438147,373.0
T1,self_test_repair,single_shot,pair_coin,boot,591,295,cand_+0.02,295.0,295,betting,nosplit_iut,0.05,0.05,0.05,0.1,10,10000,0.6308,0.0,0.6308,0.0048258818883184,0.0,0.6308,1.0,0.6308,0.0,105.0,166.0,228.0,141.0,238.5,,166.0,,0.276521489001692,0.1381140439932318,0.2762197686770178,0.1749693158252124,334.0
T1,self_test_repair,single_shot,pair_coin,boot,591,295,cand_+0.02,295.0,295,betting,nosplit_iut,0.05,0.05,0.05,0.1,20,10000,0.6304,0.0,0.6304,0.0048269642633854,0.0,0.6304,1.0,0.6304,0.0,106.0,166.0,228.0,141.75,239.0,,166.0,,0.2753509306260575,0.1375296108291032,0.2750509375521346,0.1742268200207123,334.0
T1,self_test_repair,single_shot,pair_coin,boot,591,295,cand_+0.02,295.0,295,betting,nosplit_iut,0.05,0.05,0.05,0.15,10,10000,0.9489,0.0,0.9489,0.0022020170299068,0.0,0.9489,1.0,0.9489,0.0,73.0,117.0,172.0,75.0,122.0,182.0,117.0,,0.5421934010152285,0.2708888324873096,0.5417613479661696,0.3432797598765367,237.0
T1,self_test_repair,single_shot,pair_coin,boot,591,295,cand_+0.02,295.0,295,betting,nosplit_iut,0.05,0.05,0.05,0.15,20,10000,0.9489,0.0,0.9489,0.0022020170299068,0.0,0.9489,1.0,0.9489,0.0,73.0,118.0,172.0,76.0,123.0,183.0,118.0,,0.5402585448392555,0.2699201353637901,0.539824012068672,0.3420591232750065,238.0
T1,self_test_repair,single_shot,pair_coin,boot,591,295,cand_+0.02,295.0,295,betting,deploy_bonf2,0.025,0.025,0.05,0.03,10,10000,0.0414,0.0,0.0414,0.0019921355375576,0.0,0.0414,1.0,0.0414,0.0,107.0,177.5,242.75,,,,177.5,,0.0171417935702199,0.0085602368866328,0.0171199581467766,0.0108493866031438,357.5
T1,self_test_repair,single_shot,pair_coin,boot,591,295,cand_+0.02,295.0,295,betting,deploy_bonf2,0.025,0.025,0.05,0.03,20,10000,0.0414,0.0,0.0414,0.0019921355375576,0.0,0.0414,1.0,0.0414,0.0,107.0,177.5,242.75,,,,177.5,,0.0171407783417935,0.0085597292724196,0.0171189429489264,0.0108480383013273,357.5
T1,self_test_repair,single_shot,pair_coin,boot,591,295,cand_+0.02,295.0,295,betting,deploy_bonf2,0.025,0.025,0.05,0.05,10,10000,0.1084,0.0,0.1084,0.0031088493048071,0.0,0.1084,1.0,0.1084,0.0,123.0,194.0,248.0,,,,194.0,,0.0413976311336717,0.0206708967851099,0.0413405484572545,0.0261775681694691,390.5
T1,self_test_repair,single_shot,pair_coin,boot,591,295,cand_+0.02,295.0,295,betting,deploy_bonf2,0.025,0.025,0.05,0.05,20,10000,0.1082,0.0,0.1082,0.0031063283792928,0.0,0.1082,1.0,0.1082,0.0,123.0,194.0,248.0,,,,194.0,,0.0412025380710659,0.0205737732656514,0.0411463072685797,0.0260589012319238,391.0
T1,self_test_repair,single_shot,pair_coin,boot,591,295,cand_+0.02,295.0,295,betting,deploy_bonf2,0.025,0.025,0.05,0.1,10,10000,0.5302,0.0,0.5302,0.0049908712666226,0.0,0.5302,1.0,0.5302,0.0,121.0,182.0,238.0,175.0,282.0,,182.0,,0.2116568527918781,0.1057084602368866,0.2114105531170127,0.1338066223020292,365.0
T1,self_test_repair,single_shot,pair_coin,boot,591,295,cand_+0.02,295.0,295,betting,deploy_bonf2,0.025,0.025,0.05,0.1,20,10000,0.5301,0.0,0.5301,0.0049909316765509,0.0,0.5301,1.0,0.5301,0.0,121.0,182.0,238.0,175.0,282.0,,182.0,,0.2113380710659898,0.1055497461928934,0.2110931345891782,0.1336089696617116,365.0
T1,self_test_repair,single_shot,pair_coin,boot,591,295,cand_+0.02,295.0,295,betting,deploy_bonf2,0.025,0.025,0.05,0.15,10,10000,0.9196,0.0,0.9196,0.0027191145617645,0.0,0.9196,1.0,0.9196,0.0,88.0,134.0,189.0,92.75,143.0,209.0,134.0,,0.4773954314720812,0.2384864636209814,0.4769585619925492,0.3021722133982603,271.0
T1,self_test_repair,single_shot,pair_coin,boot,591,295,cand_+0.02,295.0,295,betting,deploy_bonf2,0.025,0.025,0.05,0.15,20,10000,0.9195,0.0,0.9195,0.0027206570897487,0.0,0.9195,1.0,0.9195,0.0,89.0,134.0,189.0,93.0,143.0,209.0,134.0,,0.4764673434856176,0.238023350253807,0.4760323631538677,0.3015855440739267,271.0
T1,self_test_repair,single_shot,pair_coin,boot,591,295,cand_+0.02,295.0,295,betting,twosided_equal,0.025,0.025,0.025,0.03,10,10000,0.0414,0.0,0.0414,0.0019921355375576,0.0,0.0414,1.0,0.0414,0.0,107.0,177.5,242.75,,,,177.5,,0.0171417935702199,0.0085602368866328,0.0171199581467766,0.0108493866031438,357.5
T1,self_test_repair,single_shot,pair_coin,boot,591,295,cand_+0.02,295.0,295,betting,twosided_equal,0.025,0.025,0.025,0.03,20,10000,0.0414,0.0,0.0414,0.0019921355375576,0.0,0.0414,1.0,0.0414,0.0,107.0,177.5,242.75,,,,177.5,,0.0171407783417935,0.0085597292724196,0.0171189429489264,0.0108480383013273,357.5
T1,self_test_repair,single_shot,pair_coin,boot,591,295,cand_+0.02,295.0,295,betting,twosided_equal,0.025,0.025,0.025,0.05,10,10000,0.1084,0.0,0.1084,0.0031088493048071,0.0,0.1084,1.0,0.1084,0.0,123.0,194.0,248.0,,,,194.0,,0.0413976311336717,0.0206708967851099,0.0413405484572545,0.0261775681694691,390.5
T1,self_test_repair,single_shot,pair_coin,boot,591,295,cand_+0.02,295.0,295,betting,twosided_equal,0.025,0.025,0.025,0.05,20,10000,0.1082,0.0,0.1082,0.0031063283792928,0.0,0.1082,1.0,0.1082,0.0,123.0,194.0,248.0,,,,194.0,,0.0412025380710659,0.0205737732656514,0.0411463072685797,0.0260589012319238,391.0
T1,self_test_repair,single_shot,pair_coin,boot,591,295,cand_+0.02,295.0,295,betting,twosided_equal,0.025,0.025,0.025,0.1,10,10000,0.5302,0.0,0.5302,0.0049908712666226,0.0,0.5302,1.0,0.5302,0.0,121.0,182.0,238.0,175.0,282.0,,182.0,,0.2116568527918781,0.1057084602368866,0.2114105531170127,0.1338066223020292,365.0
T1,self_test_repair,single_shot,pair_coin,boot,591,295,cand_+0.02,295.0,295,betting,twosided_equal,0.025,0.025,0.025,0.1,20,10000,0.5301,0.0,0.5301,0.0049909316765509,0.0,0.5301,1.0,0.5301,0.0,121.0,182.0,238.0,175.0,282.0,,182.0,,0.2113380710659898,0.1055497461928934,0.2110931345891782,0.1336089696617116,365.0
T1,self_test_repair,single_shot,pair_coin,boot,591,295,cand_+0.02,295.0,295,betting,twosided_equal,0.025,0.025,0.025,0.15,10,10000,0.9196,0.0,0.9196,0.0027191145617645,0.0,0.9196,1.0,0.9196,0.0,88.0,134.0,189.0,92.75,143.0,209.0,134.0,,0.4773954314720812,0.2384864636209814,0.4769585619925492,0.3021722133982603,271.0
T1,self_test_repair,single_shot,pair_coin,boot,591,295,cand_+0.02,295.0,295,betting,twosided_equal,0.025,0.025,0.025,0.15,20,10000,0.9195,0.0,0.9195,0.0027206570897487,0.0,0.9195,1.0,0.9195,0.0,89.0,134.0,189.0,93.0,143.0,209.0,134.0,,0.4764673434856176,0.238023350253807,0.4760323631538677,0.3015855440739267,271.0
T1,self_test_repair,single_shot,pair_coin,boot,591,295,cand_+0.02,295.0,295,betting,bonf3,0.0166666666666666,0.0166666666666666,0.0166666666666666,0.03,10,10000,0.0315,0.0,0.0315,0.0017466467874186,0.0,0.0315,1.0,0.0315,0.0,108.5,184.0,247.5,,,,184.0,,0.0127749576988155,0.0063800338409475,0.0127596833800944,0.0080919275418862,369.0
T1,self_test_repair,single_shot,pair_coin,boot,591,295,cand_+0.02,295.0,295,betting,bonf3,0.0166666666666666,0.0166666666666666,0.0166666666666666,0.03,20,10000,0.0315,0.0,0.0315,0.0017466467874186,0.0,0.0315,1.0,0.0315,0.0,108.5,184.0,247.5,,,,184.0,,0.0127739424703891,0.0063795262267343,0.0127586681822442,0.0080905792400698,369.0
T1,self_test_repair,single_shot,pair_coin,boot,591,295,cand_+0.02,295.0,295,betting,bonf3,0.0166666666666666,0.0166666666666666,0.0166666666666666,0.05,10,10000,0.0833,0.0,0.0833,0.0027633514072589,0.0,0.0833,1.0,0.0833,0.0,132.0,200.0,250.0,,,,200.0,,0.0302793570219966,0.0151204737732656,0.0302400367636981,0.0191808031368196,404.0
T1,self_test_repair,single_shot,pair_coin,boot,591,295,cand_+0.02,295.0,295,betting,bonf3,0.0166666666666666,0.0166666666666666,0.0166666666666666,0.05,20,10000,0.0833,0.0,0.0833,0.0027633514072589,0.0,0.0833,1.0,0.0833,0.0,132.0,200.0,250.0,,,,200.0,,0.0302783417935702,0.0151199661590524,0.0302390215658479,0.0191794548350036,404.0
T1,self_test_repair,single_shot,pair_coin,boot,591,295,cand_+0.02,295.0,295,betting,bonf3,0.0166666666666666,0.0166666666666666,0.0166666666666666,0.1,10,10000,0.4742,0.0,0.4742,0.0049933391633254,0.0,0.4742,1.0,0.4742,0.0,129.0,188.0,241.0,193.0,,,188.0,,0.1806891708967851,0.0902441624365482,0.1804828890094342,0.1142333162303724,379.0
T1,self_test_repair,single_shot,pair_coin,boot,591,295,cand_+0.02,295.0,295,betting,bonf3,0.0166666666666666,0.0166666666666666,0.0166666666666666,0.1,20,10000,0.4742,0.0,0.4742,0.0049933391633254,0.0,0.4742,1.0,0.4742,0.0,129.0,188.0,241.0,193.0,,,188.0,,0.1804756345177665,0.0901380710659898,0.1802707126587388,0.1141021575343722,379.0
T1,self_test_repair,single_shot,pair_coin,boot,591,295,cand_+0.02,295.0,295,betting,bonf3,0.0166666666666666,0.0166666666666666,0.0166666666666666,0.15,10,10000,0.8954,0.0,0.8954,0.0030603731798589,0.0,0.8954,1.0,0.8954,0.0,96.0,145.0,199.0,103.0,156.0,224.0,145.0,,0.4402553299492385,0.2199248730964466,0.4398364990022297,0.2786414471019625,291.0
T1,self_test_repair,single_shot,pair_coin,boot,591,295,cand_+0.02,295.0,295,betting,bonf3,0.0166666666666666,0.0166666666666666,0.0166666666666666,0.15,20,10000,0.8954,0.0,0.8954,0.0030603731798589,0.0,0.8954,1.0,0.8954,0.0,96.0,145.0,199.0,103.0,156.0,224.0,145.0,,0.439777157360406,0.2196864636209813,0.4393596944119111,0.2783384286078221,291.0
T1,self_test_repair,single_shot,pair_coin,boot,591,295,predictive,295.0,295,betting,nosplit_iut,0.05,0.05,0.05,0.03,10,10000,0.0358,0.0,0.0358,0.0018579117309495,0.0,0.0358,1.0,0.0358,0.0,87.0,157.0,227.0,,,,157.0,,0.0167614213197969,0.0083730964467005,0.0167458642097718,0.0105948442287148,317.0
T1,self_test_repair,single_shot,pair_coin,boot,591,295,predictive,295.0,295,betting,nosplit_iut,0.05,0.05,0.05,0.03,20,10000,0.0358,0.0,0.0358,0.0018579117309495,0.0,0.0358,1.0,0.0358,0.0,87.25,157.0,227.0,,,,157.0,,0.0166884940778341,0.0083367174280879,0.0166731076005953,0.0105465466801146,318.0
T1,self_test_repair,single_shot,pair_coin,boot,591,295,predictive,295.0,295,betting,nosplit_iut,0.05,0.05,0.05,0.05,10,10000,0.0878,0.0,0.0878,0.0028300381622868,0.0,0.0878,1.0,0.0878,0.0,102.0,167.0,238.0,,,,167.0,,0.0376944162436548,0.0188250423011844,0.037649345630441,0.0239023396758853,337.0
T1,self_test_repair,single_shot,pair_coin,boot,591,295,predictive,295.0,295,betting,nosplit_iut,0.05,0.05,0.05,0.05,20,10000,0.0873,0.0,0.0873,0.0028227417522685,0.0,0.0873,1.0,0.0873,0.0,105.0,170.0,238.0,,,,170.0,,0.0370856175972927,0.0185204737732656,0.0370402205303584,0.0235224426468478,342.0
T1,self_test_repair,single_shot,pair_coin,boot,591,295,predictive,295.0,295,betting,nosplit_iut,0.05,0.05,0.05,0.1,10,10000,0.4168,0.0,0.4168,0.0049302916749417,0.0,0.4168,1.0,0.4168,0.0,108.0,174.0,234.0,195.75,,,174.0,,0.1773020304568527,0.0885409475465313,0.1770784194421903,0.1122940058119215,349.0
T1,self_test_repair,single_shot,pair_coin,boot,591,295,predictive,295.0,295,betting,nosplit_iut,0.05,0.05,0.05,0.1,20,10000,0.4166,0.0,0.4166,0.0049299537523185,0.0,0.4166,1.0,0.4166,0.0,109.0,174.0,234.0,196.0,,,174.0,,0.1764954314720812,0.0881379018612521,0.1762723438930809,0.1117938726092373,349.0
T1,self_test_repair,single_shot,pair_coin,boot,591,295,predictive,295.0,295,betting,nosplit_iut,0.05,0.05,0.05,0.15,10,10000,0.8368,0.0,0.8368,0.0036954804829683,0.0,0.8368,1.0,0.8368,0.0,84.0,139.0,198.0,95.0,159.0,248.0,139.0,,0.4287898477157361,0.2142011844331641,0.4283939604569521,0.2715378516850352,279.0
T1,self_test_repair,single_shot,pair_coin,boot,591,295,predictive,295.0,295,betting,nosplit_iut,0.05,0.05,0.05,0.15,20,10000,0.8366,0.0,0.8366,0.0036973022597564,0.0,0.8366,1.0,0.8366,0.0,84.0,139.0,198.0,95.0,159.0,248.0,139.0,,0.4269546531302876,0.2132827411167512,0.4265571098773695,0.2703735602986012,279.0
T1,self_test_repair,single_shot,pair_coin,boot,591,295,predictive,295.0,295,betting,deploy_bonf2,0.025,0.025,0.05,0.03,10,10000,0.0185,0.0,0.0185,0.0013475069573104,0.0,0.0185,1.0,0.0185,0.0,94.0,158.0,227.0,,,,158.0,,0.0085077834179357,0.0042495769881556,0.0084989871603196,0.0053913661033909,317.0
T1,self_test_repair,single_shot,pair_coin,boot,591,295,predictive,295.0,295,betting,deploy_bonf2,0.025,0.025,0.05,0.03,20,10000,0.0185,0.0,0.0185,0.0013475069573104,0.0,0.0185,1.0,0.0185,0.0,94.0,158.0,227.0,,,,158.0,,0.0085062605752961,0.0042489001692047,0.0084976335489861,0.0053907149245802,317.0
T1,self_test_repair,single_shot,pair_coin,boot,591,295,predictive,295.0,295,betting,deploy_bonf2,0.025,0.025,0.05,0.05,10,10000,0.0534,0.0,0.0534,0.0022482980229498,0.0,0.0534,1.0,0.0534,0.0,117.25,182.0,246.0,,,,182.0,,0.0210482233502538,0.0105091370558375,0.0210178615783514,0.0133345946771623,366.5
T1,self_test_repair,single_shot,pair_coin,boot,591,295,predictive,295.0,295,betting,deploy_bonf2,0.025,0.025,0.05,0.05,20,10000,0.0534,0.0,0.0534,0.0022482980229498,0.0,0.0534,1.0,0.0534,0.0,118.0,182.0,246.0,,,,182.0,,0.020980372250423,0.010475296108291,0.0209501810116755,0.0132899433123117,367.0
T1,self_test_repair,single_shot,pair_coin,boot,591,295,predictive,295.0,295,betting,deploy_bonf2,0.025,0.025,0.05,0.1,10,10000,0.3257,0.0,0.3257,0.0046863579675479,0.0,0.3257,1.0,0.3257,0.0,123.0,186.0,241.0,246.0,,,186.0,,0.1274774957698815,0.0636585448392555,0.1273145907796056,0.0807366452125376,373.0
T1,self_test_repair,single_shot,pair_coin,boot,591,295,predictive,295.0,295,betting,deploy_bonf2,0.025,0.025,0.05,0.1,20,10000,0.3254,0.0,0.3254,0.0046852410823777,0.0,0.3254,1.0,0.3254,0.0,123.25,186.0,241.0,246.0,,,186.0,,0.127114551607445,0.063477157360406,0.1269518229422231,0.0805211945296773,373.0
T1,self_test_repair,single_shot,pair_coin,boot,591,295,predictive,295.0,295,betting,deploy_bonf2,0.025,0.025,0.05,0.15,10,10000,0.7752,0.0,0.7752,0.0041745054796945,0.0,0.7752,1.0,0.7752,0.0,99.0,155.0,212.0,117.0,186.0,283.0,155.0,,0.3606698815566836,0.1801402707275803,0.3602734700977104,0.228358649766329,313.0
T1,self_test_repair,single_shot,pair_coin,boot,591,295,predictive,295.0,295,betting,deploy_bonf2,0.025,0.025,0.05,0.15,20,10000,0.7751,0.0,0.7751,0.0041751645476555,0.0,0.7751,1.0,0.7751,0.0,100.0,155.0,212.0,117.0,187.0,283.0,155.0,,0.3599763113367174,0.1797927241962774,0.3595783906779494,0.2279207488666215,313.0
T1,self_test_repair,single_shot,pair_coin,boot,591,295,predictive,295.0,295,betting,twosided_equal,0.025,0.025,0.025,0.03,10,10000,0.0185,0.0,0.0185,0.0013475069573104,0.0,0.0185,1.0,0.0185,0.0,94.0,158.0,227.0,,,,158.0,,0.0085077834179357,0.0042495769881556,0.0084989871603196,0.0053913661033909,317.0
T1,self_test_repair,single_shot,pair_coin,boot,591,295,predictive,295.0,295,betting,twosided_equal,0.025,0.025,0.025,0.03,20,10000,0.0185,0.0,0.0185,0.0013475069573104,0.0,0.0185,1.0,0.0185,0.0,94.0,158.0,227.0,,,,158.0,,0.0085062605752961,0.0042489001692047,0.0084976335489861,0.0053907149245802,317.0
T1,self_test_repair,single_shot,pair_coin,boot,591,295,predictive,295.0,295,betting,twosided_equal,0.025,0.025,0.025,0.05,10,10000,0.0534,0.0,0.0534,0.0022482980229498,0.0,0.0534,1.0,0.0534,0.0,117.25,182.0,246.0,,,,182.0,,0.0210482233502538,0.0105091370558375,0.0210178615783514,0.0133345946771623,366.5
T1,self_test_repair,single_shot,pair_coin,boot,591,295,predictive,295.0,295,betting,twosided_equal,0.025,0.025,0.025,0.05,20,10000,0.0534,0.0,0.0534,0.0022482980229498,0.0,0.0534,1.0,0.0534,0.0,118.0,182.0,246.0,,,,182.0,,0.020980372250423,0.010475296108291,0.0209501810116755,0.0132899433123117,367.0
T1,self_test_repair,single_shot,pair_coin,boot,591,295,predictive,295.0,295,betting,twosided_equal,0.025,0.025,0.025,0.1,10,10000,0.3257,0.0,0.3257,0.0046863579675479,0.0,0.3257,1.0,0.3257,0.0,123.0,186.0,241.0,246.0,,,186.0,,0.1274774957698815,0.0636585448392555,0.1273145907796056,0.0807366452125376,373.0
T1,self_test_repair,single_shot,pair_coin,boot,591,295,predictive,295.0,295,betting,twosided_equal,0.025,0.025,0.025,0.1,20,10000,0.3254,0.0,0.3254,0.0046852410823777,0.0,0.3254,1.0,0.3254,0.0,123.25,186.0,241.0,246.0,,,186.0,,0.127114551607445,0.063477157360406,0.1269518229422231,0.0805211945296773,373.0
T1,self_test_repair,single_shot,pair_coin,boot,591,295,predictive,295.0,295,betting,twosided_equal,0.025,0.025,0.025,0.15,10,10000,0.7752,0.0,0.7752,0.0041745054796945,0.0,0.7752,1.0,0.7752,0.0,99.0,155.0,212.0,117.0,186.0,283.0,155.0,,0.3606698815566836,0.1801402707275803,0.3602734700977104,0.228358649766329,313.0
T1,self_test_repair,single_shot,pair_coin,boot,591,295,predictive,295.0,295,betting,twosided_equal,0.025,0.025,0.025,0.15,20,10000,0.7751,0.0,0.7751,0.0041751645476555,0.0,0.7751,1.0,0.7751,0.0,100.0,155.0,212.0,117.0,187.0,283.0,155.0,,0.3599763113367174,0.1797927241962774,0.3595783906779494,0.2279207488666215,313.0
T1,self_test_repair,single_shot,pair_coin,boot,591,295,predictive,295.0,295,betting,bonf3,0.0166666666666666,0.0166666666666666,0.0166666666666666,0.03,10,10000,0.0129,0.0,0.0129,0.00112843209809,0.0,0.0129,1.0,0.0129,0.0,100.0,162.0,234.0,,,,162.0,,0.0057065989847715,0.0028524534686971,0.0057047949651072,0.0036015771582409,326.0
T1,self_test_repair,single_shot,pair_coin,boot,591,295,predictive,295.0,295,betting,bonf3,0.0166666666666666,0.0166666666666666,0.0166666666666666,0.03,20,10000,0.0129,0.0,0.0129,0.00112843209809,0.0,0.0129,1.0,0.0129,0.0,100.0,162.0,234.0,,,,162.0,,0.0057050761421319,0.0028517766497461,0.0057034413537737,0.0036009259794302,326.0
T1,self_test_repair,single_shot,pair_coin,boot,591,295,predictive,295.0,295,betting,bonf3,0.0166666666666666,0.0166666666666666,0.0166666666666666,0.05,10,10000,0.0415,0.0,0.0415,0.0019944360105052,0.0,0.0415,1.0,0.0415,0.0,125.5,191.0,243.0,,,,191.0,,0.0156578680203045,0.0078194585448392,0.0156386101389549,0.0099102277587244,383.0
T1,self_test_repair,single_shot,pair_coin,boot,591,295,predictive,295.0,295,betting,bonf3,0.0166666666666666,0.0166666666666666,0.0166666666666666,0.05,20,10000,0.0415,0.0,0.0415,0.0019944360105052,0.0,0.0415,1.0,0.0415,0.0,125.5,191.0,243.0,,,,191.0,,0.0156563451776649,0.0078187817258883,0.0156372565276214,0.0099095765799138,383.0
T1,self_test_repair,single_shot,pair_coin,boot,591,295,predictive,295.0,295,betting,bonf3,0.0166666666666666,0.0166666666666666,0.0166666666666666,0.1,10,10000,0.2838,0.0,0.2838,0.0045084094756355,0.0,0.2838,1.0,0.2838,0.0,130.0,193.0,246.0,272.0,,,193.0,,0.1059470389170896,0.0529033840947546,0.1058046914815208,0.0671130045742049,387.0
T1,self_test_repair,single_shot,pair_coin,boot,591,295,predictive,295.0,295,betting,bonf3,0.0166666666666666,0.0166666666666666,0.0166666666666666,0.1,20,10000,0.2837,0.0,0.2837,0.004507929790935,0.0,0.2837,1.0,0.2837,0.0,130.0,193.0,246.0,272.0,,,193.0,,0.1057118443316413,0.0527856175972927,0.1055691631094888,0.0669741983645394,387.0
T1,self_test_repair,single_shot,pair_coin,boot,591,295,predictive,295.0,295,betting,bonf3,0.0166666666666666,0.0166666666666666,0.0166666666666666,0.15,10,10000,0.7347,0.0,0.7347,0.0044149281987366,0.0,0.7347,1.0,0.7347,0.0,108.0,163.0,219.0,128.0,202.0,,163.0,,0.3255199661590524,0.1625781725888324,0.3251499632156119,0.2061212490126789,329.0
T1,self_test_repair,single_shot,pair_coin,boot,591,295,predictive,295.0,295,betting,bonf3,0.0166666666666666,0.0166666666666666,0.0166666666666666,0.15,20,10000,0.7347,0.0,0.7347,0.0044149281987366,0.0,0.7347,1.0,0.7347,0.0,108.0,163.0,219.0,128.75,202.0,,163.0,,0.3252313028764805,0.1624338409475465,0.3248613055987395,0.2059415188268015,329.0
T1,self_test_repair,single_shot,pair_coin,boot,1138,569,cand_-0.03,569.0,569,betting,nosplit_iut,0.05,0.05,0.05,0.03,10,10000,0.0093,0.0,0.0093,0.0009598703037389,0.0,0.0093,1.0,0.0093,0.0,50.0,138.0,265.0,,,,138.0,,0.0063305799648506,0.0031637961335676,0.0063275922671353,0.0040095085382807,283.0
T1,self_test_repair,single_shot,pair_coin,boot,1138,569,cand_-0.03,569.0,569,betting,nosplit_iut,0.05,0.05,0.05,0.03,20,10000,0.009,0.0,0.009,0.0009444045743218,0.0,0.009,1.0,0.009,0.0,59.5,147.5,271.0,,,,147.5,,0.0060385764499121,0.0030179261862917,0.0060358523725834,0.003825856951739,296.5
T1,self_test_repair,single_shot,pair_coin,boot,1138,569,cand_-0.03,569.0,569,betting,nosplit_iut,0.05,0.05,0.05,0.05,10,10000,0.0291,0.0,0.0291,0.001680868525495,0.0,0.0291,1.0,0.0291,0.0,77.0,196.0,365.0,,,,196.0,,0.017201230228471,0.0085972759226713,0.0171945518453427,0.0108516391485864,395.0
T1,self_test_repair,single_shot,pair_coin,boot,1138,569,cand_-0.03,569.0,569,betting,nosplit_iut,0.05,0.05,0.05,0.05,20,10000,0.0284,0.0,0.0284,0.0016611273280516,0.0,0.0284,1.0,0.0284,0.0,85.25,206.0,368.75,,,,206.0,,0.0164668717047451,0.0082302284710017,0.0164604569420035,0.0103847984279106,416.0
T1,self_test_repair,single_shot,pair_coin,boot,1138,569,cand_-0.03,569.0,569,betting,nosplit_iut,0.05,0.05,0.05,0.1,10,10000,0.384,0.0,0.384,0.0048635789291426,0.0,0.384,1.0,0.384,0.0,196.0,333.0,454.0,407.75,,,333.0,,0.167710281195079,0.0838082601054481,0.1676165202108963,0.1061001988897597,667.5
T1,self_test_repair,single_shot,pair_coin,boot,1138,569,cand_-0.03,569.0,569,betting,nosplit_iut,0.05,0.05,0.05,0.1,20,10000,0.3832,0.0,0.3832,0.0048616639126949,0.0,0.3832,1.0,0.3832,0.0,197.0,333.0,454.0,409.0,,,333.0,,0.1666808435852372,0.0832932337434095,0.166586467486819,0.105447697423232,669.0
T1,self_test_repair,single_shot,pair_coin,boot,1138,569,cand_-0.03,569.0,569,betting,nosplit_iut,0.05,0.05,0.05,0.15,10,10000,0.9352,0.0,0.9352,0.0024617262236081,0.0,0.9352,1.0,0.9352,0.0,139.0,233.0,345.0,146.0,246.0,373.0,233.0,,0.5274553602811951,0.2636151142355009,0.5272302284710018,0.3338191982152164,467.0
T1,self_test_repair,single_shot,pair_coin,boot,1138,569,cand_-0.03,569.0,569,betting,nosplit_iut,0.05,0.05,0.05,0.15,20,10000,0.9352,0.0,0.9352,0.0024617262236081,0.0,0.9352,1.0,0.9352,0.0,140.0,233.0,345.0,147.0,247.0,374.0,233.0,,0.5262552724077328,0.2630150263620386,0.5260300527240773,0.333067656925718,468.0
T1,self_test_repair,single_shot,pair_coin,boot,1138,569,cand_-0.03,569.0,569,betting,deploy_bonf2,0.025,0.025,0.05,0.03,10,10000,0.0045,0.0,0.0045,0.0006693093455196,0.0,0.0046,1.0,0.0046,0.0,61.0,157.0,319.0,,,,157.0,,0.0029583479789103,0.0014786467486818,0.0029572934973637,0.0018824037036799,315.0
T1,self_test_repair,single_shot,pair_coin,boot,1138,569,cand_-0.03,569.0,569,betting,deploy_bonf2,0.025,0.025,0.05,0.03,20,10000,0.0044,0.0,0.0044,0.0006618640343756,0.0,0.0044,1.0,0.0044,0.0,65.5,157.5,326.25,,,,157.5,,0.0028617750439367,0.0014303163444639,0.0028606326889279,0.0018236084890649,317.5
T1,self_test_repair,single_shot,pair_coin,boot,1138,569,cand_-0.03,569.0,569,betting,deploy_bonf2,0.025,0.025,0.05,0.05,10,10000,0.0158,0.0,0.0158,0.0012470108259353,0.0,0.0159,1.0,0.0159,0.0,113.25,230.5,384.25,,,,230.5,,0.0086738137082601,0.0043346221441124,0.0086692442882249,0.0054984544197529,463.5
T1,self_test_repair,single_shot,pair_coin,boot,1138,569,cand_-0.03,569.0,569,betting,deploy_bonf2,0.025,0.025,0.05,0.05,20,10000,0.0157,0.0,0.0157,0.0012431214743539,0.0,0.0157,1.0,0.0157,0.0,114.0,231.0,386.0,,,,231.0,,0.0085746924428822,0.0042850615114235,0.0085701230228471,0.0054374570457472,465.0
T1,self_test_repair,single_shot,pair_coin,boot,1138,569,cand_-0.03,569.0,569,betting,deploy_bonf2,0.025,0.025,0.05,0.1,10,10000,0.2962,0.0,0.2962,0.0045658028866783,0.0,0.2962,1.0,0.2962,0.0,222.0,362.0,473.0,509.0,,,362.0,,0.1179431458699472,0.058935676625659,0.117871353251318,0.0746295911027057,725.0
T1,self_test_repair,single_shot,pair_coin,boot,1138,569,cand_-0.03,569.0,569,betting,deploy_bonf2,0.025,0.025,0.05,0.1,20,10000,0.296,0.0,0.296,0.0045649096376598,0.0,0.296,1.0,0.296,0.0,223.75,362.0,473.0,509.75,,,362.0,,0.1175241652021089,0.0587262741652021,0.1174525483304042,0.0743655440870798,725.0
T1,self_test_repair,single_shot,pair_coin,boot,1138,569,cand_-0.03,569.0,569,betting,deploy_bonf2,0.025,0.025,0.05,0.15,10,10000,0.9008,0.0,0.9008,0.0029893035978301,0.0,0.9008,1.0,0.9008,0.0,170.0,269.0,379.0,182.0,289.0,429.0,269.0,,0.4602264499121266,0.2300033391915641,0.4600066783831283,0.2912428160167617,541.0
T1,self_test_repair,single_shot,pair_coin,boot,1138,569,cand_-0.03,569.0,569,betting,deploy_bonf2,0.025,0.025,0.05,0.15,20,10000,0.9007,0.0,0.9007,0.0029906439105985,0.0,0.9007,1.0,0.9007,0.0,171.0,270.0,379.0,183.0,290.0,429.0,270.0,,0.4594935852372583,0.2296367311072056,0.4592734622144112,0.2907813031188593,542.0
T1,self_test_repair,single_shot,pair_coin,boot,1138,569,cand_-0.03,569.0,569,betting,twosided_equal,0.025,0.025,0.025,0.03,10,10000,0.0045,0.0,0.0045,0.0006693093455196,0.0,0.0046,1.0,0.0046,0.0,61.0,157.0,319.0,,,,157.0,,0.0029583479789103,0.0014786467486818,0.0029572934973637,0.0018824037036799,315.0
T1,self_test_repair,single_shot,pair_coin,boot,1138,569,cand_-0.03,569.0,569,betting,twosided_equal,0.025,0.025,0.025,0.03,20,10000,0.0044,0.0,0.0044,0.0006618640343756,0.0,0.0044,1.0,0.0044,0.0,65.5,157.5,326.25,,,,157.5,,0.0028617750439367,0.0014303163444639,0.0028606326889279,0.0018236084890649,317.5
T1,self_test_repair,single_shot,pair_coin,boot,1138,569,cand_-0.03,569.0,569,betting,twosided_equal,0.025,0.025,0.025,0.05,10,10000,0.0158,0.0,0.0158,0.0012470108259353,0.0,0.0159,1.0,0.0159,0.0,113.25,230.5,384.25,,,,230.5,,0.0086738137082601,0.0043346221441124,0.0086692442882249,0.0054984544197529,463.5
T1,self_test_repair,single_shot,pair_coin,boot,1138,569,cand_-0.03,569.0,569,betting,twosided_equal,0.025,0.025,0.025,0.05,20,10000,0.0157,0.0,0.0157,0.0012431214743539,0.0,0.0157,1.0,0.0157,0.0,114.0,231.0,386.0,,,,231.0,,0.0085746924428822,0.0042850615114235,0.0085701230228471,0.0054374570457472,465.0
T1,self_test_repair,single_shot,pair_coin,boot,1138,569,cand_-0.03,569.0,569,betting,twosided_equal,0.025,0.025,0.025,0.1,10,10000,0.2962,0.0,0.2962,0.0045658028866783,0.0,0.2962,1.0,0.2962,0.0,222.0,362.0,473.0,509.0,,,362.0,,0.1179431458699472,0.058935676625659,0.117871353251318,0.0746295911027057,725.0
T1,self_test_repair,single_shot,pair_coin,boot,1138,569,cand_-0.03,569.0,569,betting,twosided_equal,0.025,0.025,0.025,0.1,20,10000,0.296,0.0,0.296,0.0045649096376598,0.0,0.296,1.0,0.296,0.0,223.75,362.0,473.0,509.75,,,362.0,,0.1175241652021089,0.0587262741652021,0.1174525483304042,0.0743655440870798,725.0
T1,self_test_repair,single_shot,pair_coin,boot,1138,569,cand_-0.03,569.0,569,betting,twosided_equal,0.025,0.025,0.025,0.15,10,10000,0.9008,0.0,0.9008,0.0029893035978301,0.0,0.9008,1.0,0.9008,0.0,170.0,269.0,379.0,182.0,289.0,429.0,269.0,,0.4602264499121266,0.2300033391915641,0.4600066783831283,0.2912428160167617,541.0
T1,self_test_repair,single_shot,pair_coin,boot,1138,569,cand_-0.03,569.0,569,betting,twosided_equal,0.025,0.025,0.025,0.15,20,10000,0.9007,0.0,0.9007,0.0029906439105985,0.0,0.9007,1.0,0.9007,0.0,171.0,270.0,379.0,183.0,290.0,429.0,270.0,,0.4594935852372583,0.2296367311072056,0.4592734622144112,0.2907813031188593,542.0
T1,self_test_repair,single_shot,pair_coin,boot,1138,569,cand_-0.03,569.0,569,betting,bonf3,0.0166666666666666,0.0166666666666666,0.0166666666666666,0.03,10,10000,0.0024,0.0,0.0024,0.0004893097178679,0.0,0.0025,1.0,0.0025,0.0,72.25,201.0,323.5,,,,201.0,,0.0015173989455184,0.0007581722319859,0.0015163444639718,0.0009555623922991,403.5
T1,self_test_repair,single_shot,pair_coin,boot,1138,569,cand_-0.03,569.0,569,betting,bonf3,0.0166666666666666,0.0166666666666666,0.0166666666666666,0.03,20,10000,0.0023,0.0,0.0023,0.0004790313142165,0.0,0.0023,1.0,0.0023,0.0,82.5,205.0,334.0,,,,205.0,,0.0014208260105448,0.000709841827768,0.001419683655536,0.000896767177684,412.0
T1,self_test_repair,single_shot,pair_coin,boot,1138,569,cand_-0.03,569.0,569,betting,bonf3,0.0166666666666666,0.0166666666666666,0.0166666666666666,0.05,10,10000,0.0113,0.0,0.0113,0.0010569914853015,0.0,0.0114,1.0,0.0114,0.0,149.0,256.0,400.0,,,,256.0,,0.0058297891036906,0.0029134446397188,0.0058268892794376,0.0037112806173246,514.0
T1,self_test_repair,single_shot,pair_coin,boot,1138,569,cand_-0.03,569.0,569,betting,bonf3,0.0166666666666666,0.0166666666666666,0.0166666666666666,0.05,20,10000,0.0112,0.0,0.0112,0.0010523573537539,0.0,0.0112,1.0,0.0112,0.0,150.5,261.5,403.5,,,,261.5,,0.005733216168717,0.0028651142355008,0.0057302284710017,0.0036524854027095,525.5
T1,self_test_repair,single_shot,pair_coin,boot,1138,569,cand_-0.03,569.0,569,betting,bonf3,0.0166666666666666,0.0166666666666666,0.0166666666666666,0.1,10,10000,0.25,0.0,0.25,0.0043301270189221,0.0,0.25,1.0,0.25,0.0,235.0,371.0,480.25,,,,371.0,,0.0954855008787346,0.0477137961335676,0.0954275922671353,0.0604055595265825,743.0
T1,self_test_repair,single_shot,pair_coin,boot,1138,569,cand_-0.03,569.0,569,betting,bonf3,0.0166666666666666,0.0166666666666666,0.0166666666666666,0.1,20,10000,0.2498,0.0,0.2498,0.0043289717023792,0.0,0.2498,1.0,0.2498,0.0,235.25,371.5,480.75,,,,371.5,,0.0950514938488576,0.0474971001757469,0.0949942003514938,0.0601320382377941,744.5
T1,self_test_repair,single_shot,pair_coin,boot,1138,569,cand_-0.03,569.0,569,betting,bonf3,0.0166666666666666,0.0166666666666666,0.0166666666666666,0.15,10,10000,0.8728,0.0,0.8728,0.0033319687873688,0.0,0.8728,1.0,0.8728,0.0,186.0,287.0,394.0,203.0,317.0,456.0,287.0,,0.4235471001757469,0.2116616871704745,0.4233233743409491,0.2680199388777318,577.0
T1,self_test_repair,single_shot,pair_coin,boot,1138,569,cand_-0.03,569.0,569,betting,bonf3,0.0166666666666666,0.0166666666666666,0.0166666666666666,0.15,20,10000,0.8727,0.0,0.8727,0.0033330873075873,0.0,0.8727,1.0,0.8727,0.0,186.0,287.0,394.0,203.0,317.0,456.0,287.0,,0.4231231107205623,0.2114492970123022,0.4228985940246045,0.2677544205169397,577.0
T1,self_test_repair,single_shot,pair_coin,boot,1138,569,cand_-0.02,569.0,569,betting,nosplit_iut,0.05,0.05,0.05,0.03,10,10000,0.0183,0.0,0.0183,0.0013403398822686,0.0,0.0183,1.0,0.0183,0.0,64.5,172.0,346.0,,,,172.0,,0.0113481546572934,0.0056717926186291,0.0113435852372583,0.007168080206189,346.0
T1,self_test_repair,single_shot,pair_coin,boot,1138,569,cand_-0.02,569.0,569,betting,nosplit_iut,0.05,0.05,0.05,0.03,20,10000,0.0181,0.0,0.0181,0.0013331312763565,0.0,0.0181,1.0,0.0181,0.0,67.0,173.0,350.0,,,,173.0,,0.0111538664323374,0.0055746924428822,0.0111493848857645,0.0070458451942535,347.0
T1,self_test_repair,single_shot,pair_coin,boot,1138,569,cand_-0.02,569.0,569,betting,nosplit_iut,0.05,0.05,0.05,0.05,10,10000,0.0578,0.0,0.0578,0.002333648645362,0.0,0.0578,1.0,0.0578,0.0,127.0,292.0,447.0,,,,292.0,,0.0284876098418277,0.0142373462214411,0.0284746924428822,0.0180289842382204,586.0
T1,self_test_repair,single_shot,pair_coin,boot,1138,569,cand_-0.02,569.0,569,betting,nosplit_iut,0.05,0.05,0.05,0.05,20,10000,0.0576,0.0,0.0576,0.0023298549311062,0.0,0.0576,1.0,0.0576,0.0,128.5,292.5,447.0,,,,292.5,,0.0282891915641476,0.0141382249560632,0.0282764499121265,0.0179043161195811,586.5
T1,self_test_repair,single_shot,pair_coin,boot,1138,569,cand_-0.02,569.0,569,betting,nosplit_iut,0.05,0.05,0.05,0.1,10,10000,0.522,0.0,0.522,0.0049951576551696,0.0,0.522,1.0,0.522,0.0,203.0,327.0,440.0,317.0,546.0,,327.0,,0.2295948154657293,0.1147293497363796,0.2294586994727592,0.1453565005834821,656.0
T1,self_test_repair,single_shot,pair_coin,boot,1138,569,cand_-0.02,569.0,569,betting,nosplit_iut,0.05,0.05,0.05,0.1,20,10000,0.5215,0.0,0.5215,0.0049953753612716,0.0,0.5215,1.0,0.5215,0.0,204.0,327.0,440.0,318.0,547.0,,327.0,,0.2285895430579965,0.1142271528998242,0.2284543057996485,0.1447160732943004,657.0
T1,self_test_repair,single_shot,pair_coin,boot,1138,569,cand_-0.02,569.0,569,betting,nosplit_iut,0.05,0.05,0.05,0.15,10,10000,0.9681,0.0,0.9681,0.0017573386127892,0.0,0.9681,1.0,0.9681,0.0,127.0,207.0,310.0,129.0,212.0,322.25,207.0,,0.583053690685413,0.2914042179261862,0.5828084358523725,0.3690741521889676,415.0
T1,self_test_repair,single_shot,pair_coin,boot,1138,569,cand_-0.02,569.0,569,betting,nosplit_iut,0.05,0.05,0.05,0.15,20,10000,0.968,0.0,0.968,0.00176,0.0,0.968,1.0,0.968,0.0,127.0,207.0,310.0,130.0,212.0,323.0,207.0,,0.5819587873462214,0.2908563268892794,0.5817126537785589,0.3683691732656303,416.0
T1,self_test_repair,single_shot,pair_coin,boot,1138,569,cand_-0.02,569.0,569,betting,deploy_bonf2,0.025,0.025,0.05,0.03,10,10000,0.0088,0.0,0.0088,0.0009339464652751,0.0,0.0088,1.0,0.0088,0.0,55.25,132.5,368.5,,,,132.5,,0.0055945518453427,0.0027958699472759,0.0055917398945518,0.0035519150530298,268.5
T1,self_test_repair,single_shot,pair_coin,boot,1138,569,cand_-0.02,569.0,569,betting,deploy_bonf2,0.025,0.025,0.05,0.03,20,10000,0.0087,0.0,0.0087,0.000928671631956,0.0,0.0087,1.0,0.0087,0.0,56.5,133.0,370.0,,,,133.0,,0.0054984182776801,0.0027478031634446,0.0054956063268892,0.003490647672166,271.0
T1,self_test_repair,single_shot,pair_coin,boot,1138,569,cand_-0.02,569.0,569,betting,deploy_bonf2,0.025,0.025,0.05,0.05,10,10000,0.0359,0.0,0.0359,0.0018604082885216,0.0,0.0359,1.0,0.0359,0.0,154.5,325.0,460.5,,,,325.0,,0.016473374340949,0.0082320738137082,0.0164641476274165,0.0104471291499291,651.0
T1,self_test_repair,single_shot,pair_coin,boot,1138,569,cand_-0.02,569.0,569,betting,deploy_bonf2,0.025,0.025,0.05,0.05,20,10000,0.0357,0.0,0.0357,0.0018554112751624,0.0,0.0357,1.0,0.0357,0.0,157.0,327.0,461.0,,,,327.0,,0.0162800527240773,0.0081354130052724,0.0162708260105448,0.0103252646377186,656.0
T1,self_test_repair,single_shot,pair_coin,boot,1138,569,cand_-0.02,569.0,569,betting,deploy_bonf2,0.025,0.025,0.05,0.1,10,10000,0.4241,0.0,0.4241,0.0049420561510367,0.0,0.4241,1.0,0.4241,0.0,232.0,356.0,460.0,396.75,,,356.0,,0.1694146748681898,0.0846548330404217,0.1693096660808435,0.1072009783543178,716.0
T1,self_test_repair,single_shot,pair_coin,boot,1138,569,cand_-0.02,569.0,569,betting,deploy_bonf2,0.025,0.025,0.05,0.1,20,10000,0.424,0.0,0.424,0.0049419024676737,0.0,0.424,1.0,0.424,0.0,232.0,356.0,460.0,397.0,,,356.0,,0.1693151142355008,0.0846050966608084,0.1692101933216168,0.1071373917644109,716.0
T1,self_test_repair,single_shot,pair_coin,boot,1138,569,cand_-0.02,569.0,569,betting,deploy_bonf2,0.025,0.025,0.05,0.15,10,10000,0.9462,0.0,0.9462,0.0022562260525044,0.0,0.9463,1.0,0.9463,0.0,153.0,240.0,348.0,158.0,251.0,371.0,240.0,,0.5196838312829526,0.2597150263620387,0.5194300527240774,0.328954572970946,483.0
T1,self_test_repair,single_shot,pair_coin,boot,1138,569,cand_-0.02,569.0,569,betting,deploy_bonf2,0.025,0.025,0.05,0.15,20,10000,0.9462,0.0,0.9462,0.0022562260525044,0.0,0.9462,1.0,0.9462,0.0,153.0,241.0,348.0,158.0,251.0,371.0,241.0,,0.5192160808435852,0.2594819859402461,0.5189639718804921,0.328656233302823,483.0
T1,self_test_repair,single_shot,pair_coin,boot,1138,569,cand_-0.02,569.0,569,betting,twosided_equal,0.025,0.025,0.025,0.03,10,10000,0.0088,0.0,0.0088,0.0009339464652751,0.0,0.0088,1.0,0.0088,0.0,55.25,132.5,368.5,,,,132.5,,0.0055945518453427,0.0027958699472759,0.0055917398945518,0.0035519150530298,268.5
T1,self_test_repair,single_shot,pair_coin,boot,1138,569,cand_-0.02,569.0,569,betting,twosided_equal,0.025,0.025,0.025,0.03,20,10000,0.0087,0.0,0.0087,0.000928671631956,0.0,0.0087,1.0,0.0087,0.0,56.5,133.0,370.0,,,,133.0,,0.0054984182776801,0.0027478031634446,0.0054956063268892,0.003490647672166,271.0
T1,self_test_repair,single_shot,pair_coin,boot,1138,569,cand_-0.02,569.0,569,betting,twosided_equal,0.025,0.025,0.025,0.05,10,10000,0.0359,0.0,0.0359,0.0018604082885216,0.0,0.0359,1.0,0.0359,0.0,154.5,325.0,460.5,,,,325.0,,0.016473374340949,0.0082320738137082,0.0164641476274165,0.0104471291499291,651.0
T1,self_test_repair,single_shot,pair_coin,boot,1138,569,cand_-0.02,569.0,569,betting,twosided_equal,0.025,0.025,0.025,0.05,20,10000,0.0357,0.0,0.0357,0.0018554112751624,0.0,0.0357,1.0,0.0357,0.0,157.0,327.0,461.0,,,,327.0,,0.0162800527240773,0.0081354130052724,0.0162708260105448,0.0103252646377186,656.0
T1,self_test_repair,single_shot,pair_coin,boot,1138,569,cand_-0.02,569.0,569,betting,twosided_equal,0.025,0.025,0.025,0.1,10,10000,0.4241,0.0,0.4241,0.0049420561510367,0.0,0.4241,1.0,0.4241,0.0,232.0,356.0,460.0,396.75,,,356.0,,0.1694146748681898,0.0846548330404217,0.1693096660808435,0.1072009783543178,716.0
T1,self_test_repair,single_shot,pair_coin,boot,1138,569,cand_-0.02,569.0,569,betting,twosided_equal,0.025,0.025,0.025,0.1,20,10000,0.424,0.0,0.424,0.0049419024676737,0.0,0.424,1.0,0.424,0.0,232.0,356.0,460.0,397.0,,,356.0,,0.1693151142355008,0.0846050966608084,0.1692101933216168,0.1071373917644109,716.0
T1,self_test_repair,single_shot,pair_coin,boot,1138,569,cand_-0.02,569.0,569,betting,twosided_equal,0.025,0.025,0.025,0.15,10,10000,0.9462,0.0,0.9462,0.0022562260525044,0.0,0.9463,1.0,0.9463,0.0,153.0,240.0,348.0,158.0,251.0,371.0,240.0,,0.5196838312829526,0.2597150263620387,0.5194300527240774,0.328954572970946,483.0
T1,self_test_repair,single_shot,pair_coin,boot,1138,569,cand_-0.02,569.0,569,betting,twosided_equal,0.025,0.025,0.025,0.15,20,10000,0.9462,0.0,0.9462,0.0022562260525044,0.0,0.9462,1.0,0.9462,0.0,153.0,241.0,348.0,158.0,251.0,371.0,241.0,,0.5192160808435852,0.2594819859402461,0.5189639718804921,0.328656233302823,483.0
T1,self_test_repair,single_shot,pair_coin,boot,1138,569,cand_-0.02,569.0,569,betting,bonf3,0.0166666666666666,0.0166666666666666,0.0166666666666666,0.03,10,10000,0.0057,0.0,0.0057,0.0007528286657666,0.0,0.0057,1.0,0.0057,0.0,70.0,205.0,401.0,,,,205.0,,0.0034089630931458,0.0017039543057996,0.0034079086115992,0.002167052492902,412.0
T1,self_test_repair,single_shot,pair_coin,boot,1138,569,cand_-0.02,569.0,569,betting,bonf3,0.0166666666666666,0.0166666666666666,0.0166666666666666,0.03,20,10000,0.0056,0.0,0.0056,0.0007462332075162,0.0,0.0056,1.0,0.0056,0.0,70.75,205.5,401.25,,,,205.5,,0.0033128295254833,0.0016558875219683,0.0033117750439367,0.002105785112038,413.0
T1,self_test_repair,single_shot,pair_coin,boot,1138,569,cand_-0.02,569.0,569,betting,bonf3,0.0166666666666666,0.0166666666666666,0.0166666666666666,0.05,10,10000,0.0268,0.0,0.0268,0.0016149848296501,0.0,0.0268,1.0,0.0268,0.0,161.75,331.0,468.25,,,,331.0,,0.0119863796133567,0.005989367311072,0.0119787346221441,0.0075835481789595,663.0
T1,self_test_repair,single_shot,pair_coin,boot,1138,569,cand_-0.02,569.0,569,betting,bonf3,0.0166666666666666,0.0166666666666666,0.0166666666666666,0.05,20,10000,0.0267,0.0,0.0267,0.0016120517981752,0.0,0.0267,1.0,0.0267,0.0,163.0,333.0,468.5,,,,333.0,,0.0118902460456942,0.0059413005272407,0.0118826010544815,0.0075222807980953,667.0
T1,self_test_repair,single_shot,pair_coin,boot,1138,569,cand_-0.02,569.0,569,betting,bonf3,0.0166666666666666,0.0166666666666666,0.0166666666666666,0.1,10,10000,0.3739,0.0,0.3739,0.0048383756571808,0.0,0.3739,1.0,0.3739,0.0,250.0,370.0,469.0,439.0,,,370.0,,0.1411904217926186,0.0705472759226713,0.1410945518453427,0.0893012354368718,743.0
T1,self_test_repair,single_shot,pair_coin,boot,1138,569,cand_-0.02,569.0,569,betting,bonf3,0.0166666666666666,0.0166666666666666,0.0166666666666666,0.1,20,10000,0.3738,0.0,0.3738,0.0048381149221571,0.0,0.3738,1.0,0.3738,0.0,250.0,370.0,469.0,439.0,,,370.0,,0.1410355887521968,0.0704698594024604,0.1409397188049209,0.0892030317362786,743.0
T1,self_test_repair,single_shot,pair_coin,boot,1138,569,cand_-0.02,569.0,569,betting,bonf3,0.0166666666666666,0.0166666666666666,0.0166666666666666,0.15,10,10000,0.9281,0.0,0.9281,0.0025832225997772,0.0,0.9282,1.0,0.9282,0.0,168.0,258.0,364.0,174.0,273.0,399.0,258.0,,0.4863515817223199,0.2430566783831283,0.4861133567662566,0.3078512743993161,518.0
T1,self_test_repair,single_shot,pair_coin,boot,1138,569,cand_-0.02,569.0,569,betting,bonf3,0.0166666666666666,0.0166666666666666,0.0166666666666666,0.15,20,10000,0.9281,0.0,0.9281,0.0025832225997772,0.0,0.9281,1.0,0.9281,0.0,168.0,258.0,364.0,175.0,273.0,399.0,258.0,,0.4861579964850614,0.2429602811950791,0.4859205623901582,0.3077260597983435,518.0
T1,self_test_repair,single_shot,pair_coin,boot,1138,569,cand_+0.02,569.0,569,betting,nosplit_iut,0.05,0.05,0.05,0.03,10,10000,0.181,0.0,0.181,0.0038501818138887,0.0,0.1811,1.0,0.1811,0.0,195.0,341.0,461.0,,,,341.0,,0.0775552724077328,0.0387535149384885,0.0775070298769771,0.0489839554135074,685.0
T1,self_test_repair,single_shot,pair_coin,boot,1138,569,cand_+0.02,569.0,569,betting,nosplit_iut,0.05,0.05,0.05,0.03,20,10000,0.1809,0.0,0.1809,0.0038493530625288,0.0,0.1809,1.0,0.1809,0.0,196.0,341.0,461.0,,,,341.0,,0.0774034270650263,0.0386774165202108,0.0773548330404217,0.0488896522941589,685.0
T1,self_test_repair,single_shot,pair_coin,boot,1138,569,cand_+0.02,569.0,569,betting,nosplit_iut,0.05,0.05,0.05,0.05,10,10000,0.4057,0.0,0.4057,0.0049102699518458,0.0,0.4058,1.0,0.4058,0.0,201.0,333.0,447.0,390.0,,,333.0,,0.1749173989455184,0.0874108963093145,0.1748217926186291,0.1107141497390994,667.0
T1,self_test_repair,single_shot,pair_coin,boot,1138,569,cand_+0.02,569.0,569,betting,nosplit_iut,0.05,0.05,0.05,0.05,20,10000,0.4053,0.0,0.4053,0.0049095000763825,0.0,0.4053,1.0,0.4053,0.0,203.0,333.0,447.0,390.75,,,333.0,,0.1742550087873462,0.0870799648506151,0.1741599297012302,0.110298577731567,668.0
T1,self_test_repair,single_shot,pair_coin,boot,1138,569,cand_+0.02,569.0,569,betting,nosplit_iut,0.05,0.05,0.05,0.1,10,10000,0.9472,0.0,0.9472,0.0022363398668359,0.0,0.9472,1.0,0.9472,0.0,135.0,224.0,335.0,140.0,234.0,360.0,224.0,,0.5432412126537786,0.2714984182776801,0.5429968365553602,0.3439884617481911,451.0
T1,self_test_repair,single_shot,pair_coin,boot,1138,569,cand_+0.02,569.0,569,betting,nosplit_iut,0.05,0.05,0.05,0.1,20,10000,0.9472,0.0,0.9472,0.0022363398668359,0.0,0.9472,1.0,0.9472,0.0,136.0,224.0,335.0,141.0,234.0,360.0,224.0,,0.5424055360281196,0.271080755711775,0.5421615114235501,0.3434651713003673,451.0
T1,self_test_repair,single_shot,pair_coin,boot,1138,569,cand_+0.02,569.0,569,betting,nosplit_iut,0.05,0.05,0.05,0.15,10,10000,0.9999,0.0,0.9999,9.999499987498824e-05,0.0,0.9999,1.0,0.9999,0.0,73.0,120.0,182.0,73.0,120.0,182.0,120.0,,0.7608331282952547,0.3802898945518453,0.7605797891036907,0.4818381886430876,242.0
T1,self_test_repair,single_shot,pair_coin,boot,1138,569,cand_+0.02,569.0,569,betting,nosplit_iut,0.05,0.05,0.05,0.15,20,10000,0.9999,0.0,0.9999,9.999499987498824e-05,0.0,0.9999,1.0,0.9999,0.0,74.0,120.0,182.0,74.0,120.0,182.0,120.0,,0.7595779437609842,0.3796624780316344,0.7593249560632689,0.4810400000927661,243.0
T1,self_test_repair,single_shot,pair_coin,boot,1138,569,cand_+0.02,569.0,569,betting,deploy_bonf2,0.025,0.025,0.05,0.03,10,10000,0.1222,0.0,0.1222,0.00327516656065,0.0,0.1222,1.0,0.1222,0.0,226.0,365.5,468.75,,,,365.5,,0.0485581722319859,0.0242626537785588,0.0485253075571177,0.0306153403096264,733.0
T1,self_test_repair,single_shot,pair_coin,boot,1138,569,cand_+0.02,569.0,569,betting,deploy_bonf2,0.025,0.025,0.05,0.03,20,10000,0.1221,0.0,0.1221,0.0032740126756016,0.0,0.1221,1.0,0.1221,0.0,226.0,366.0,469.0,,,,366.0,,0.0484611599297012,0.0242141476274165,0.048428295254833,0.0305544748755384,733.0
T1,self_test_repair,single_shot,pair_coin,boot,1138,569,cand_+0.02,569.0,569,betting,deploy_bonf2,0.025,0.025,0.05,0.05,10,10000,0.3118,0.0,0.3118,0.0046322862605845,0.0,0.3118,1.0,0.3118,0.0,238.0,360.0,464.75,486.0,,,360.0,,0.1229625659050966,0.0614424428822495,0.1228848857644991,0.0777677894894984,721.0
T1,self_test_repair,single_shot,pair_coin,boot,1138,569,cand_+0.02,569.0,569,betting,deploy_bonf2,0.025,0.025,0.05,0.05,20,10000,0.3117,0.0,0.3117,0.0046318798559548,0.0,0.3117,1.0,0.3117,0.0,238.0,360.0,465.0,486.0,,,360.0,,0.1228123901581722,0.061367223198594,0.122734446397188,0.0776745466453459,721.0
T1,self_test_repair,single_shot,pair_coin,boot,1138,569,cand_+0.02,569.0,569,betting,deploy_bonf2,0.025,0.025,0.05,0.1,10,10000,0.9093,0.0,0.9093,0.0028718201545361,0.0,0.9093,1.0,0.9093,0.0,164.0,258.0,370.0,173.0,278.0,412.25,258.0,,0.4762943760984183,0.2380325131810193,0.4760650263620386,0.3016722572842477,518.0
T1,self_test_repair,single_shot,pair_coin,boot,1138,569,cand_+0.02,569.0,569,betting,deploy_bonf2,0.025,0.025,0.05,0.1,20,10000,0.9093,0.0,0.9093,0.0028718201545361,0.0,0.9093,1.0,0.9093,0.0,165.0,258.0,370.0,173.0,278.0,413.0,258.0,,0.4759535149384885,0.2378620386643233,0.4757240773286467,0.3014570005539598,519.0
T1,self_test_repair,single_shot,pair_coin,boot,1138,569,cand_+0.02,569.0,569,betting,deploy_bonf2,0.025,0.025,0.05,0.15,10,10000,0.9994,0.0,0.9994,0.00024487547856,0.0,0.9994,1.0,0.9994,0.0,91.0,143.0,209.0,91.0,143.0,209.0,143.0,,0.7213965729349736,0.3605690685413005,0.7211381370826011,0.456878662028148,287.0
T1,self_test_repair,single_shot,pair_coin,boot,1138,569,cand_+0.02,569.0,569,betting,deploy_bonf2,0.025,0.025,0.05,0.15,20,10000,0.9994,0.0,0.9994,0.00024487547856,0.0,0.9994,1.0,0.9994,0.0,91.0,143.0,209.0,91.0,143.0,209.0,143.0,,0.7207957820738137,0.3602685413005272,0.7205370826010544,0.4564986492610676,287.0
T1,self_test_repair,single_shot,pair_coin,boot,1138,569,cand_+0.02,569.0,569,betting,twosided_equal,0.025,0.025,0.025,0.03,10,10000,0.1222,0.0,0.1222,0.00327516656065,0.0,0.1222,1.0,0.1222,0.0,226.0,365.5,468.75,,,,365.5,,0.0485581722319859,0.0242626537785588,0.0485253075571177,0.0306153403096264,733.0
T1,self_test_repair,single_shot,pair_coin,boot,1138,569,cand_+0.02,569.0,569,betting,twosided_equal,0.025,0.025,0.025,0.03,20,10000,0.1221,0.0,0.1221,0.0032740126756016,0.0,0.1221,1.0,0.1221,0.0,226.0,366.0,469.0,,,,366.0,,0.0484611599297012,0.0242141476274165,0.048428295254833,0.0305544748755384,733.0
T1,self_test_repair,single_shot,pair_coin,boot,1138,569,cand_+0.02,569.0,569,betting,twosided_equal,0.025,0.025,0.025,0.05,10,10000,0.3118,0.0,0.3118,0.0046322862605845,0.0,0.3118,1.0,0.3118,0.0,238.0,360.0,464.75,486.0,,,360.0,,0.1229625659050966,0.0614424428822495,0.1228848857644991,0.0777677894894984,721.0
T1,self_test_repair,single_shot,pair_coin,boot,1138,569,cand_+0.02,569.0,569,betting,twosided_equal,0.025,0.025,0.025,0.05,20,10000,0.3117,0.0,0.3117,0.0046318798559548,0.0,0.3117,1.0,0.3117,0.0,238.0,360.0,465.0,486.0,,,360.0,,0.1228123901581722,0.061367223198594,0.122734446397188,0.0776745466453459,721.0
T1,self_test_repair,single_shot,pair_coin,boot,1138,569,cand_+0.02,569.0,569,betting,twosided_equal,0.025,0.025,0.025,0.1,10,10000,0.9093,0.0,0.9093,0.0028718201545361,0.0,0.9093,1.0,0.9093,0.0,164.0,258.0,370.0,173.0,278.0,412.25,258.0,,0.4762943760984183,0.2380325131810193,0.4760650263620386,0.3016722572842477,518.0
T1,self_test_repair,single_shot,pair_coin,boot,1138,569,cand_+0.02,569.0,569,betting,twosided_equal,0.025,0.025,0.025,0.1,20,10000,0.9093,0.0,0.9093,0.0028718201545361,0.0,0.9093,1.0,0.9093,0.0,165.0,258.0,370.0,173.0,278.0,413.0,258.0,,0.4759535149384885,0.2378620386643233,0.4757240773286467,0.3014570005539598,519.0
T1,self_test_repair,single_shot,pair_coin,boot,1138,569,cand_+0.02,569.0,569,betting,twosided_equal,0.025,0.025,0.025,0.15,10,10000,0.9994,0.0,0.9994,0.00024487547856,0.0,0.9994,1.0,0.9994,0.0,91.0,143.0,209.0,91.0,143.0,209.0,143.0,,0.7213965729349736,0.3605690685413005,0.7211381370826011,0.456878662028148,287.0
T1,self_test_repair,single_shot,pair_coin,boot,1138,569,cand_+0.02,569.0,569,betting,twosided_equal,0.025,0.025,0.025,0.15,20,10000,0.9994,0.0,0.9994,0.00024487547856,0.0,0.9994,1.0,0.9994,0.0,91.0,143.0,209.0,91.0,143.0,209.0,143.0,,0.7207957820738137,0.3602685413005272,0.7205370826010544,0.4564986492610676,287.0
T1,self_test_repair,single_shot,pair_coin,boot,1138,569,cand_+0.02,569.0,569,betting,bonf3,0.0166666666666666,0.0166666666666666,0.0166666666666666,0.03,10,10000,0.0955,0.0,0.0955,0.0029390432116591,0.0,0.0955,1.0,0.0955,0.0,235.0,375.0,476.0,,,,375.0,,0.0367665202108963,0.0183713532513181,0.0367427065026362,0.023187733555718,752.0
T1,self_test_repair,single_shot,pair_coin,boot,1138,569,cand_+0.02,569.0,569,betting,bonf3,0.0166666666666666,0.0166666666666666,0.0166666666666666,0.03,20,10000,0.0954,0.0,0.0954,0.0029376664208177,0.0,0.0954,1.0,0.0954,0.0,235.25,375.0,476.0,,,,375.0,,0.0366695079086116,0.0183228471001757,0.0366456942003515,0.0231268681216298,752.5
T1,self_test_repair,single_shot,pair_coin,boot,1138,569,cand_+0.02,569.0,569,betting,bonf3,0.0166666666666666,0.0166666666666666,0.0166666666666666,0.05,10,10000,0.27,0.0,0.27,0.0044395945760846,0.0,0.27,1.0,0.27,0.0,254.0,374.0,475.0,545.0,,,374.0,,0.1000965729349736,0.0500119507908611,0.1000239015817223,0.0632408756435353,751.0
T1,self_test_repair,single_shot,pair_coin,boot,1138,569,cand_+0.02,569.0,569,betting,bonf3,0.0166666666666666,0.0166666666666666,0.0166666666666666,0.05,20,10000,0.2699,0.0,0.2699,0.0044390763678945,0.0,0.2699,1.0,0.2699,0.0,254.0,374.0,475.0,545.0,,,374.0,,0.0999995606326889,0.0499634446397188,0.0999268892794376,0.0631800102094473,751.0
T1,self_test_repair,single_shot,pair_coin,boot,1138,569,cand_+0.02,569.0,569,betting,bonf3,0.0166666666666666,0.0166666666666666,0.0166666666666666,0.1,10,10000,0.8862,0.0,0.8862,0.0031756819740018,0.0,0.8862,1.0,0.8862,0.0,182.0,277.0,389.0,194.0,303.0,443.0,277.0,,0.4388043057996485,0.219293057996485,0.4385861159929701,0.277895939714316,556.0
T1,self_test_repair,single_shot,pair_coin,boot,1138,569,cand_+0.02,569.0,569,betting,bonf3,0.0166666666666666,0.0166666666666666,0.0166666666666666,0.1,20,10000,0.8862,0.0,0.8862,0.0031756819740018,0.0,0.8862,1.0,0.8862,0.0,182.0,277.0,389.0,194.0,303.0,443.0,277.0,,0.4386676625659051,0.21922460456942,0.43844920913884,0.2778089829481184,556.0
T1,self_test_repair,single_shot,pair_coin,boot,1138,569,cand_+0.02,569.0,569,betting,bonf3,0.0166666666666666,0.0166666666666666,0.0166666666666666,0.15,10,10000,0.9992,0.0,0.9992,0.0002827295527531,0.0,0.9992,1.0,0.9992,0.0,101.0,154.0,223.0,101.0,154.0,223.0,154.0,,0.6996533391915641,0.3496993848857645,0.699398769771529,0.4431302203353919,311.0
T1,self_test_repair,single_shot,pair_coin,boot,1138,569,cand_+0.02,569.0,569,betting,bonf3,0.0166666666666666,0.0166666666666666,0.0166666666666666,0.15,20,10000,0.9992,0.0,0.9992,0.0002827295527531,0.0,0.9992,1.0,0.9992,0.0,101.0,154.0,223.0,101.0,154.0,223.0,154.0,,0.6993392794376099,0.3495426186291739,0.6990852372583479,0.4429313437933702,311.0
T1,self_test_repair,single_shot,pair_coin,boot,1138,569,predictive,569.0,569,betting,nosplit_iut,0.05,0.05,0.05,0.03,10,10000,0.0821,0.0,0.0821,0.0027451701222328,0.0,0.0821,1.0,0.0821,0.0,154.0,311.0,439.0,,,,311.0,,0.0387318980667838,0.0193556239015817,0.0387112478031634,0.0244853465650527,625.0
T1,self_test_repair,single_shot,pair_coin,boot,1138,569,predictive,569.0,569,betting,nosplit_iut,0.05,0.05,0.05,0.03,20,10000,0.0819,0.0,0.0819,0.0027421230825767,0.0,0.0819,1.0,0.0819,0.0,154.0,312.0,439.5,,,,312.0,,0.0385293497363796,0.0192543936731107,0.0385087873462214,0.0243512382286023,625.0
T1,self_test_repair,single_shot,pair_coin,boot,1138,569,predictive,569.0,569,betting,nosplit_iut,0.05,0.05,0.05,0.05,10,10000,0.2096,0.0,0.2096,0.0040702314430508,0.0,0.2096,1.0,0.2096,0.0,190.0,328.0,460.0,,,,328.0,,0.0919231985940246,0.0459348857644991,0.0918697715289982,0.0582164691897673,658.0
T1,self_test_repair,single_shot,pair_coin,boot,1138,569,predictive,569.0,569,betting,nosplit_iut,0.05,0.05,0.05,0.05,20,10000,0.2093,0.0,0.2093,0.0040680893549675,0.0,0.2093,1.0,0.2093,0.0,191.0,328.0,460.0,,,,328.0,,0.0915989455184534,0.0457725834797891,0.0915451669595782,0.058006436444802,658.0
T1,self_test_repair,single_shot,pair_coin,boot,1138,569,predictive,569.0,569,betting,nosplit_iut,0.05,0.05,0.05,0.1,10,10000,0.7611,0.0,0.7611,0.0042641152657966,0.0,0.7611,1.0,0.7611,0.0,155.0,262.0,388.5,190.0,337.0,557.0,262.0,,0.3932022847100175,0.196502460456942,0.393004920913884,0.2489463648417713,527.0
T1,self_test_repair,single_shot,pair_coin,boot,1138,569,predictive,569.0,569,betting,nosplit_iut,0.05,0.05,0.05,0.1,20,10000,0.761,0.0,0.761,0.0042647274238806,0.0,0.761,1.0,0.761,0.0,155.0,262.0,389.0,190.0,338.0,557.0,262.0,,0.392580755711775,0.196191388400703,0.392382776801406,0.2485426860100573,527.0
T1,self_test_repair,single_shot,pair_coin,boot,1138,569,predictive,569.0,569,betting,nosplit_iut,0.05,0.05,0.05,0.15,10,10000,0.9897,0.0,0.9897,0.0010096489488926,0.0,0.9897,1.0,0.9897,0.0,90.0,154.0,239.0,91.0,156.0,242.0,154.0,,0.6818317223198593,0.3407895430579964,0.6815790861159929,0.4316004279732922,311.0
T1,self_test_repair,single_shot,pair_coin,boot,1138,569,predictive,569.0,569,betting,nosplit_iut,0.05,0.05,0.05,0.15,20,10000,0.9897,0.0,0.9897,0.0010096489488926,0.0,0.9897,1.0,0.9897,0.0,91.0,155.0,239.0,91.0,156.0,242.0,155.0,,0.6806432337434095,0.340195079086116,0.680390158172232,0.4308450799412358,312.0
T1,self_test_repair,single_shot,pair_coin,boot,1138,569,predictive,569.0,569,betting,deploy_bonf2,0.025,0.025,0.05,0.03,10,10000,0.0522,0.0,0.0522,0.0022243012385915,0.0,0.0522,1.0,0.0522,0.0,182.0,345.0,461.75,,,,345.0,,0.0228829525483304,0.0114364674868189,0.0228729349736379,0.0144410704913654,692.0
T1,self_test_repair,single_shot,pair_coin,boot,1138,569,predictive,569.0,569,betting,deploy_bonf2,0.025,0.025,0.05,0.03,20,10000,0.0522,0.0,0.0522,0.0022243012385915,0.0,0.0522,1.0,0.0522,0.0,182.0,345.0,461.75,,,,345.0,,0.0228821616871704,0.0114360281195079,0.0228720562390158,0.0144405384373302,692.0
T1,self_test_repair,single_shot,pair_coin,boot,1138,569,predictive,569.0,569,betting,deploy_bonf2,0.025,0.025,0.05,0.05,10,10000,0.1467,0.0,0.1467,0.0035380659971232,0.0,0.1467,1.0,0.1467,0.0,218.5,352.0,470.0,,,,352.0,,0.059661072056239,0.02981230228471,0.05962460456942,0.0377935036016773,708.0
T1,self_test_repair,single_shot,pair_coin,boot,1138,569,predictive,569.0,569,betting,deploy_bonf2,0.025,0.025,0.05,0.05,20,10000,0.1466,0.0,0.1466,0.0035370671466626,0.0,0.1466,1.0,0.1466,0.0,221.25,353.0,470.75,,,,353.0,,0.0594698594024604,0.0297167838312829,0.0594335676625659,0.0376654213285323,708.5
T1,self_test_repair,single_shot,pair_coin,boot,1138,569,predictive,569.0,569,betting,deploy_bonf2,0.025,0.025,0.05,0.1,10,10000,0.6925,0.0,0.6925,0.0046145828630549,0.0,0.6925,1.0,0.6925,0.0,186.0,297.0,416.0,234.0,399.0,,297.0,,0.3265452548330404,0.1631868189806678,0.3263736379613356,0.2066901732972015,595.0
T1,self_test_repair,single_shot,pair_coin,boot,1138,569,predictive,569.0,569,betting,deploy_bonf2,0.025,0.025,0.05,0.1,20,10000,0.6924,0.0,0.6924,0.0046149998916576,0.0,0.6924,1.0,0.6924,0.0,186.0,297.0,416.0,234.0,399.0,,297.0,,0.3263507908611599,0.163089367311072,0.3261787346221441,0.2065660046307625,595.5
T1,self_test_repair,single_shot,pair_coin,boot,1138,569,predictive,569.0,569,betting,deploy_bonf2,0.025,0.025,0.05,0.15,10,10000,0.9826,0.0,0.9826,0.0013075641475659,0.0,0.9826,1.0,0.9826,0.0,111.0,180.0,272.0,112.0,183.0,279.0,180.0,,0.6329273286467487,0.316341827768014,0.6326836555360281,0.4006755848289938,363.0
T1,self_test_repair,single_shot,pair_coin,boot,1138,569,predictive,569.0,569,betting,deploy_bonf2,0.025,0.025,0.05,0.15,20,10000,0.9826,0.0,0.9826,0.0013075641475659,0.0,0.9826,1.0,0.9826,0.0,111.0,180.0,272.0,112.0,183.0,279.0,180.0,,0.632360632688928,0.3160584358523726,0.6321168717047452,0.4003067531819214,364.0
T1,self_test_repair,single_shot,pair_coin,boot,1138,569,predictive,569.0,569,betting,twosided_equal,0.025,0.025,0.025,0.03,10,10000,0.0522,0.0,0.0522,0.0022243012385915,0.0,0.0522,1.0,0.0522,0.0,182.0,345.0,461.75,,,,345.0,,0.0228829525483304,0.0114364674868189,0.0228729349736379,0.0144410704913654,692.0
T1,self_test_repair,single_shot,pair_coin,boot,1138,569,predictive,569.0,569,betting,twosided_equal,0.025,0.025,0.025,0.03,20,10000,0.0522,0.0,0.0522,0.0022243012385915,0.0,0.0522,1.0,0.0522,0.0,182.0,345.0,461.75,,,,345.0,,0.0228821616871704,0.0114360281195079,0.0228720562390158,0.0144405384373302,692.0
T1,self_test_repair,single_shot,pair_coin,boot,1138,569,predictive,569.0,569,betting,twosided_equal,0.025,0.025,0.025,0.05,10,10000,0.1467,0.0,0.1467,0.0035380659971232,0.0,0.1467,1.0,0.1467,0.0,218.5,352.0,470.0,,,,352.0,,0.059661072056239,0.02981230228471,0.05962460456942,0.0377935036016773,708.0
T1,self_test_repair,single_shot,pair_coin,boot,1138,569,predictive,569.0,569,betting,twosided_equal,0.025,0.025,0.025,0.05,20,10000,0.1466,0.0,0.1466,0.0035370671466626,0.0,0.1466,1.0,0.1466,0.0,221.25,353.0,470.75,,,,353.0,,0.0594698594024604,0.0297167838312829,0.0594335676625659,0.0376654213285323,708.5
T1,self_test_repair,single_shot,pair_coin,boot,1138,569,predictive,569.0,569,betting,twosided_equal,0.025,0.025,0.025,0.1,10,10000,0.6925,0.0,0.6925,0.0046145828630549,0.0,0.6925,1.0,0.6925,0.0,186.0,297.0,416.0,234.0,399.0,,297.0,,0.3265452548330404,0.1631868189806678,0.3263736379613356,0.2066901732972015,595.0
T1,self_test_repair,single_shot,pair_coin,boot,1138,569,predictive,569.0,569,betting,twosided_equal,0.025,0.025,0.025,0.1,20,10000,0.6924,0.0,0.6924,0.0046149998916576,0.0,0.6924,1.0,0.6924,0.0,186.0,297.0,416.0,234.0,399.0,,297.0,,0.3263507908611599,0.163089367311072,0.3261787346221441,0.2065660046307625,595.5
T1,self_test_repair,single_shot,pair_coin,boot,1138,569,predictive,569.0,569,betting,twosided_equal,0.025,0.025,0.025,0.15,10,10000,0.9826,0.0,0.9826,0.0013075641475659,0.0,0.9826,1.0,0.9826,0.0,111.0,180.0,272.0,112.0,183.0,279.0,180.0,,0.6329273286467487,0.316341827768014,0.6326836555360281,0.4006755848289938,363.0
T1,self_test_repair,single_shot,pair_coin,boot,1138,569,predictive,569.0,569,betting,twosided_equal,0.025,0.025,0.025,0.15,20,10000,0.9826,0.0,0.9826,0.0013075641475659,0.0,0.9826,1.0,0.9826,0.0,111.0,180.0,272.0,112.0,183.0,279.0,180.0,,0.632360632688928,0.3160584358523726,0.6321168717047452,0.4003067531819214,364.0
T1,self_test_repair,single_shot,pair_coin,boot,1138,569,predictive,569.0,569,betting,bonf3,0.0166666666666666,0.0166666666666666,0.0166666666666666,0.03,10,10000,0.04,0.0,0.04,0.0019595917942265,0.0,0.04,1.0,0.04,0.0,189.75,368.0,468.5,,,,368.0,,0.0166773286467486,0.0083335676625659,0.0166671353251318,0.0105115921673405,738.5
T1,self_test_repair,single_shot,pair_coin,boot,1138,569,predictive,569.0,569,betting,bonf3,0.0166666666666666,0.0166666666666666,0.0166666666666666,0.03,20,10000,0.04,0.0,0.04,0.0019595917942265,0.0,0.04,1.0,0.04,0.0,189.75,368.0,468.5,,,,368.0,,0.0166765377855887,0.0083331282952548,0.0166662565905096,0.0105110601133056,738.5
T1,self_test_repair,single_shot,pair_coin,boot,1138,569,predictive,569.0,569,betting,bonf3,0.0166666666666666,0.0166666666666666,0.0166666666666666,0.05,10,10000,0.1223,0.0,0.1223,0.0032763197340918,0.0,0.1223,1.0,0.1223,0.0,233.0,362.0,472.0,,,,362.0,,0.0480952548330404,0.0240329525483304,0.0480659050966608,0.0304484144769228,726.0
T1,self_test_repair,single_shot,pair_coin,boot,1138,569,predictive,569.0,569,betting,bonf3,0.0166666666666666,0.0166666666666666,0.0166666666666666,0.05,20,10000,0.1223,0.0,0.1223,0.0032763197340918,0.0,0.1223,1.0,0.1223,0.0,233.0,362.0,472.0,,,,362.0,,0.0480944639718804,0.0240325131810193,0.0480650263620386,0.0304478824228878,726.0
T1,self_test_repair,single_shot,pair_coin,boot,1138,569,predictive,569.0,569,betting,bonf3,0.0166666666666666,0.0166666666666666,0.0166666666666666,0.1,10,10000,0.65,0.0,0.65,0.0047696960070847,0.0,0.65,1.0,0.65,0.0,202.0,314.0,428.0,263.0,439.0,,314.0,,0.2910414762741652,0.1454389279437609,0.2908778558875219,0.1841932835451011,631.0
T1,self_test_repair,single_shot,pair_coin,boot,1138,569,predictive,569.0,569,betting,bonf3,0.0166666666666666,0.0166666666666666,0.0166666666666666,0.1,20,10000,0.65,0.0,0.65,0.0047696960070847,0.0,0.65,1.0,0.65,0.0,202.0,314.0,428.0,263.0,439.0,,314.0,,0.2909132688927944,0.1453746924428822,0.2907493848857644,0.1841116907984461,631.0
T1,self_test_repair,single_shot,pair_coin,boot,1138,569,predictive,569.0,569,betting,bonf3,0.0166666666666666,0.0166666666666666,0.0166666666666666,0.15,10,10000,0.9776,0.0,0.9776,0.0014798053926107,0.0,0.9776,1.0,0.9776,0.0,123.0,195.0,290.0,125.0,199.0,299.0,195.0,,0.6056186291739895,0.3026809314586994,0.6053618629173989,0.3833490347869686,393.0
T1,self_test_repair,single_shot,pair_coin,boot,1138,569,predictive,569.0,569,betting,bonf3,0.0166666666666666,0.0166666666666666,0.0166666666666666,0.15,20,10000,0.9776,0.0,0.9776,0.0014798053926107,0.0,0.9776,1.0,0.9776,0.0,123.0,196.0,290.0,125.0,199.0,299.0,196.0,,0.6053572934973638,0.3025498242530756,0.6050996485061512,0.3831760695015455,393.0
T2,single_shot,self_test_repair,pair_coin,boot,591,295,cand_-0.03,295.0,295,betting,nosplit_iut,0.05,0.05,0.05,0.03,10,10000,0.0,1.0,1.0,0.0,0.0,0.0,0.0,0.0063,1.0,21.0,32.0,46.0,21.0,32.0,46.0,,32.0,0.877192385786802,0.4383421319796954,0.8767106691199836,0.5552880379352256,66.0
T2,single_shot,self_test_repair,pair_coin,boot,591,295,cand_-0.03,295.0,295,betting,nosplit_iut,0.05,0.05,0.05,0.03,20,10000,0.0,1.0,1.0,0.0,0.0,0.0,0.0,0.006,1.0,23.0,33.0,46.0,23.0,33.0,46.0,,33.0,0.8703428087986465,0.434921489001692,0.8698691771088874,0.5509753509163401,68.0
T2,single_shot,self_test_repair,pair_coin,boot,591,295,cand_-0.03,295.0,295,betting,nosplit_iut,0.05,0.05,0.05,0.05,10,10000,0.0,1.0,1.0,0.0,0.0,0.0,0.0,0.0172,1.0,21.0,32.0,46.0,21.0,32.0,46.0,,32.0,0.877192385786802,0.4383421319796954,0.8767106691199836,0.5552880379352256,66.0
T2,single_shot,self_test_repair,pair_coin,boot,591,295,cand_-0.03,295.0,295,betting,nosplit_iut,0.05,0.05,0.05,0.05,20,10000,0.0,1.0,1.0,0.0,0.0,0.0,0.0,0.0168,1.0,23.0,33.0,46.0,23.0,33.0,46.0,,33.0,0.8703428087986465,0.434921489001692,0.8698691771088874,0.5509753509163401,68.0
T2,single_shot,self_test_repair,pair_coin,boot,591,295,cand_-0.03,295.0,295,betting,nosplit_iut,0.05,0.05,0.05,0.1,10,10000,0.0,1.0,1.0,0.0,0.0,0.0,0.0,0.1554,1.0,21.0,32.0,46.0,21.0,32.0,46.0,,32.0,0.877192385786802,0.4383421319796954,0.8767106691199836,0.5552880379352256,66.0
T2,single_shot,self_test_repair,pair_coin,boot,591,295,cand_-0.03,295.0,295,betting,nosplit_iut,0.05,0.05,0.05,0.1,20,10000,0.0,1.0,1.0,0.0,0.0,0.0,0.0,0.1551,1.0,23.0,33.0,46.0,23.0,33.0,46.0,,33.0,0.8703428087986465,0.434921489001692,0.8698691771088874,0.5509753509163401,68.0
T2,single_shot,self_test_repair,pair_coin,boot,591,295,cand_-0.03,295.0,295,betting,nosplit_iut,0.05,0.05,0.05,0.15,10,10000,0.0,1.0,1.0,0.0,0.0,0.0,0.0,0.5946,1.0,21.0,32.0,46.0,21.0,32.0,46.0,,32.0,0.877192385786802,0.4383421319796954,0.8767106691199836,0.5552880379352256,66.0
T2,single_shot,self_test_repair,pair_coin,boot,591,295,cand_-0.03,295.0,295,betting,nosplit_iut,0.05,0.05,0.05,0.15,20,10000,0.0,1.0,1.0,0.0,0.0,0.0,0.0,0.5939,1.0,23.0,33.0,46.0,23.0,33.0,46.0,,33.0,0.8703428087986465,0.434921489001692,0.8698691771088874,0.5509753509163401,68.0
T2,single_shot,self_test_repair,pair_coin,boot,591,295,cand_-0.03,295.0,295,betting,deploy_bonf2,0.025,0.025,0.05,0.03,10,10000,0.0,1.0,1.0,0.0,0.0,0.0,0.0,0.002,1.0,21.0,32.0,46.0,21.0,32.0,46.0,,32.0,0.877192385786802,0.4383421319796954,0.8767106691199836,0.5552880379352256,66.0
T2,single_shot,self_test_repair,pair_coin,boot,591,295,cand_-0.03,295.0,295,betting,deploy_bonf2,0.025,0.025,0.05,0.03,20,10000,0.0,1.0,1.0,0.0,0.0,0.0,0.0,0.0019,1.0,23.0,33.0,46.0,23.0,33.0,46.0,,33.0,0.8703428087986465,0.434921489001692,0.8698691771088874,0.5509753509163401,68.0
T2,single_shot,self_test_repair,pair_coin,boot,591,295,cand_-0.03,295.0,295,betting,deploy_bonf2,0.025,0.025,0.05,0.05,10,10000,0.0,1.0,1.0,0.0,0.0,0.0,0.0,0.0083,1.0,21.0,32.0,46.0,21.0,32.0,46.0,,32.0,0.877192385786802,0.4383421319796954,0.8767106691199836,0.5552880379352256,66.0
T2,single_shot,self_test_repair,pair_coin,boot,591,295,cand_-0.03,295.0,295,betting,deploy_bonf2,0.025,0.025,0.05,0.05,20,10000,0.0,1.0,1.0,0.0,0.0,0.0,0.0,0.008,1.0,23.0,33.0,46.0,23.0,33.0,46.0,,33.0,0.8703428087986465,0.434921489001692,0.8698691771088874,0.5509753509163401,68.0
T2,single_shot,self_test_repair,pair_coin,boot,591,295,cand_-0.03,295.0,295,betting,deploy_bonf2,0.025,0.025,0.05,0.1,10,10000,0.0,1.0,1.0,0.0,0.0,0.0,0.0,0.1016,1.0,21.0,32.0,46.0,21.0,32.0,46.0,,32.0,0.877192385786802,0.4383421319796954,0.8767106691199836,0.5552880379352256,66.0
T2,single_shot,self_test_repair,pair_coin,boot,591,295,cand_-0.03,295.0,295,betting,deploy_bonf2,0.025,0.025,0.05,0.1,20,10000,0.0,1.0,1.0,0.0,0.0,0.0,0.0,0.1015,1.0,23.0,33.0,46.0,23.0,33.0,46.0,,33.0,0.8703428087986465,0.434921489001692,0.8698691771088874,0.5509753509163401,68.0
T2,single_shot,self_test_repair,pair_coin,boot,591,295,cand_-0.03,295.0,295,betting,deploy_bonf2,0.025,0.025,0.05,0.15,10,10000,0.0,1.0,1.0,0.0,0.0,0.0,0.0,0.4909,1.0,21.0,32.0,46.0,21.0,32.0,46.0,,32.0,0.877192385786802,0.4383421319796954,0.8767106691199836,0.5552880379352256,66.0
T2,single_shot,self_test_repair,pair_coin,boot,591,295,cand_-0.03,295.0,295,betting,deploy_bonf2,0.025,0.025,0.05,0.15,20,10000,0.0,1.0,1.0,0.0,0.0,0.0,0.0,0.4905,1.0,23.0,33.0,46.0,23.0,33.0,46.0,,33.0,0.8703428087986465,0.434921489001692,0.8698691771088874,0.5509753509163401,68.0
T2,single_shot,self_test_repair,pair_coin,boot,591,295,cand_-0.03,295.0,295,betting,twosided_equal,0.025,0.025,0.025,0.03,10,10000,0.0,1.0,1.0,0.0,0.0,0.0,0.0,0.002,1.0,25.0,38.0,52.0,25.0,38.0,52.0,,38.0,0.8588191201353638,0.4291588832487309,0.8583436184710809,0.5436640579525902,78.0
T2,single_shot,self_test_repair,pair_coin,boot,591,295,cand_-0.03,295.0,295,betting,twosided_equal,0.025,0.025,0.025,0.03,20,10000,0.0,1.0,1.0,0.0,0.0,0.0,0.0,0.0019,1.0,26.0,38.0,52.0,26.0,38.0,52.0,,38.0,0.8553939086294416,0.4274497461928934,0.8549252414032098,0.541503412703193,79.0
T2,single_shot,self_test_repair,pair_coin,boot,591,295,cand_-0.03,295.0,295,betting,twosided_equal,0.025,0.025,0.025,0.05,10,10000,0.0,1.0,1.0,0.0,0.0,0.0,0.0,0.0083,1.0,25.0,38.0,52.0,25.0,38.0,52.0,,38.0,0.8588191201353638,0.4291588832487309,0.8583436184710809,0.5436640579525902,78.0
T2,single_shot,self_test_repair,pair_coin,boot,591,295,cand_-0.03,295.0,295,betting,twosided_equal,0.025,0.025,0.025,0.05,20,10000,0.0,1.0,1.0,0.0,0.0,0.0,0.0,0.008,1.0,26.0,38.0,52.0,26.0,38.0,52.0,,38.0,0.8553939086294416,0.4274497461928934,0.8549252414032098,0.541503412703193,79.0
T2,single_shot,self_test_repair,pair_coin,boot,591,295,cand_-0.03,295.0,295,betting,twosided_equal,0.025,0.025,0.025,0.1,10,10000,0.0,1.0,1.0,0.0,0.0,0.0,0.0,0.1016,1.0,25.0,38.0,52.0,25.0,38.0,52.0,,38.0,0.8588191201353638,0.4291588832487309,0.8583436184710809,0.5436640579525902,78.0
T2,single_shot,self_test_repair,pair_coin,boot,591,295,cand_-0.03,295.0,295,betting,twosided_equal,0.025,0.025,0.025,0.1,20,10000,0.0,1.0,1.0,0.0,0.0,0.0,0.0,0.1015,1.0,26.0,38.0,52.0,26.0,38.0,52.0,,38.0,0.8553939086294416,0.4274497461928934,0.8549252414032098,0.541503412703193,79.0
T2,single_shot,self_test_repair,pair_coin,boot,591,295,cand_-0.03,295.0,295,betting,twosided_equal,0.025,0.025,0.025,0.15,10,10000,0.0,1.0,1.0,0.0,0.0,0.0,0.0,0.4909,1.0,25.0,38.0,52.0,25.0,38.0,52.0,,38.0,0.8588191201353638,0.4291588832487309,0.8583436184710809,0.5436640579525902,78.0
T2,single_shot,self_test_repair,pair_coin,boot,591,295,cand_-0.03,295.0,295,betting,twosided_equal,0.025,0.025,0.025,0.15,20,10000,0.0,1.0,1.0,0.0,0.0,0.0,0.0,0.4905,1.0,26.0,38.0,52.0,26.0,38.0,52.0,,38.0,0.8553939086294416,0.4274497461928934,0.8549252414032098,0.541503412703193,79.0
T2,single_shot,self_test_repair,pair_coin,boot,591,295,cand_-0.03,295.0,295,betting,bonf3,0.0166666666666666,0.0166666666666666,0.0166666666666666,0.03,10,10000,0.0,1.0,1.0,0.0,0.0,0.0,0.0,0.0013,1.0,27.0,41.0,56.0,27.0,41.0,56.0,,41.0,0.8499456852791878,0.4247148900169205,0.8494553643070806,0.5380511817918843,83.0
T2,single_shot,self_test_repair,pair_coin,boot,591,295,cand_-0.03,295.0,295,betting,bonf3,0.0166666666666666,0.0166666666666666,0.0166666666666666,0.03,20,10000,0.0,1.0,1.0,0.0,0.0,0.0,0.0,0.0013,1.0,28.0,41.0,56.0,28.0,41.0,56.0,,41.0,0.8461883248730965,0.4228375634517766,0.8457005980890794,0.5356850522463452,83.0
T2,single_shot,self_test_repair,pair_coin,boot,591,295,cand_-0.03,295.0,295,betting,bonf3,0.0166666666666666,0.0166666666666666,0.0166666666666666,0.05,10,10000,0.0,1.0,1.0,0.0,0.0,0.0,0.0,0.0054,1.0,27.0,41.0,56.0,27.0,41.0,56.0,,41.0,0.8499456852791878,0.4247148900169205,0.8494553643070806,0.5380511817918843,83.0
T2,single_shot,self_test_repair,pair_coin,boot,591,295,cand_-0.03,295.0,295,betting,bonf3,0.0166666666666666,0.0166666666666666,0.0166666666666666,0.05,20,10000,0.0,1.0,1.0,0.0,0.0,0.0,0.0,0.0053,1.0,28.0,41.0,56.0,28.0,41.0,56.0,,41.0,0.8461883248730965,0.4228375634517766,0.8457005980890794,0.5356850522463452,83.0
T2,single_shot,self_test_repair,pair_coin,boot,591,295,cand_-0.03,295.0,295,betting,bonf3,0.0166666666666666,0.0166666666666666,0.0166666666666666,0.1,10,10000,0.0,1.0,1.0,0.0,0.0,0.0,0.0,0.0809,1.0,27.0,41.0,56.0,27.0,41.0,56.0,,41.0,0.8499456852791878,0.4247148900169205,0.8494553643070806,0.5380511817918843,83.0
T2,single_shot,self_test_repair,pair_coin,boot,591,295,cand_-0.03,295.0,295,betting,bonf3,0.0166666666666666,0.0166666666666666,0.0166666666666666,0.1,20,10000,0.0,1.0,1.0,0.0,0.0,0.0,0.0,0.0807,1.0,28.0,41.0,56.0,28.0,41.0,56.0,,41.0,0.8461883248730965,0.4228375634517766,0.8457005980890794,0.5356850522463452,83.0
T2,single_shot,self_test_repair,pair_coin,boot,591,295,cand_-0.03,295.0,295,betting,bonf3,0.0166666666666666,0.0166666666666666,0.0166666666666666,0.15,10,10000,0.0,1.0,1.0,0.0,0.0,0.0,0.0,0.4369,1.0,27.0,41.0,56.0,27.0,41.0,56.0,,41.0,0.8499456852791878,0.4247148900169205,0.8494553643070806,0.5380511817918843,83.0
T2,single_shot,self_test_repair,pair_coin,boot,591,295,cand_-0.03,295.0,295,betting,bonf3,0.0166666666666666,0.0166666666666666,0.0166666666666666,0.15,20,10000,0.0,1.0,1.0,0.0,0.0,0.0,0.0,0.4368,1.0,28.0,41.0,56.0,28.0,41.0,56.0,,41.0,0.8461883248730965,0.4228375634517766,0.8457005980890794,0.5356850522463452,83.0
T2,single_shot,self_test_repair,pair_coin,boot,591,295,cand_-0.02,295.0,295,betting,nosplit_iut,0.05,0.05,0.05,0.03,10,10000,0.0,1.0,1.0,0.0,0.0,0.0,0.0,0.0106,1.0,22.0,33.0,47.0,22.0,33.0,47.0,,33.0,0.8739844331641287,0.4367380710659898,0.8734915132178298,0.5531262539284266,68.0
T2,single_shot,self_test_repair,pair_coin,boot,591,295,cand_-0.02,295.0,295,betting,nosplit_iut,0.05,0.05,0.05,0.03,20,10000,0.0,1.0,1.0,0.0,0.0,0.0,0.0,0.0106,1.0,23.0,34.0,48.0,23.0,34.0,48.0,,34.0,0.8671659898477156,0.433326565143824,0.8666683813048487,0.5488211075217561,70.0
T2,single_shot,self_test_repair,pair_coin,boot,591,295,cand_-0.02,295.0,295,betting,nosplit_iut,0.05,0.05,0.05,0.05,10,10000,0.0,1.0,1.0,0.0,0.0,0.0,0.0,0.0305,1.0,22.0,33.0,47.0,22.0,33.0,47.0,,33.0,0.8739844331641287,0.4367380710659898,0.8734915132178298,0.5531262539284266,68.0
T2,single_shot,self_test_repair,pair_coin,boot,591,295,cand_-0.02,295.0,295,betting,nosplit_iut,0.05,0.05,0.05,0.05,20,10000,0.0,1.0,1.0,0.0,0.0,0.0,0.0,0.0298,1.0,23.0,34.0,48.0,23.0,34.0,48.0,,34.0,0.8671659898477156,0.433326565143824,0.8666683813048487,0.5488211075217561,70.0
T2,single_shot,self_test_repair,pair_coin,boot,591,295,cand_-0.02,295.0,295,betting,nosplit_iut,0.05,0.05,0.05,0.1,10,10000,0.0,1.0,1.0,0.0,0.0,0.0,0.0,0.2391,1.0,22.0,33.0,47.0,22.0,33.0,47.0,,33.0,0.8739844331641287,0.4367380710659898,0.8734915132178298,0.5531262539284266,68.0
T2,single_shot,self_test_repair,pair_coin,boot,591,295,cand_-0.02,295.0,295,betting,nosplit_iut,0.05,0.05,0.05,0.1,20,10000,0.0,1.0,1.0,0.0,0.0,0.0,0.0,0.2378,1.0,23.0,34.0,48.0,23.0,34.0,48.0,,34.0,0.8671659898477156,0.433326565143824,0.8666683813048487,0.5488211075217561,70.0
T2,single_shot,self_test_repair,pair_coin,boot,591,295,cand_-0.02,295.0,295,betting,nosplit_iut,0.05,0.05,0.05,0.15,10,10000,0.0,1.0,1.0,0.0,0.0,0.0,0.0,0.7105,1.0,22.0,33.0,47.0,22.0,33.0,47.0,,33.0,0.8739844331641287,0.4367380710659898,0.8734915132178298,0.5531262539284266,68.0
T2,single_shot,self_test_repair,pair_coin,boot,591,295,cand_-0.02,295.0,295,betting,nosplit_iut,0.05,0.05,0.05,0.15,20,10000,0.0,1.0,1.0,0.0,0.0,0.0,0.0,0.7095,1.0,23.0,34.0,48.0,23.0,34.0,48.0,,34.0,0.8671659898477156,0.433326565143824,0.8666683813048487,0.5488211075217561,70.0
T2,single_shot,self_test_repair,pair_coin,boot,591,295,cand_-0.02,295.0,295,betting,deploy_bonf2,0.025,0.025,0.05,0.03,10,10000,0.0,1.0,1.0,0.0,0.0,0.0,0.0,0.0053,1.0,22.0,33.0,47.0,22.0,33.0,47.0,,33.0,0.8739844331641287,0.4367380710659898,0.8734915132178298,0.5531262539284266,68.0
T2,single_shot,self_test_repair,pair_coin,boot,591,295,cand_-0.02,295.0,295,betting,deploy_bonf2,0.025,0.025,0.05,0.03,20,10000,0.0,1.0,1.0,0.0,0.0,0.0,0.0,0.0053,1.0,23.0,34.0,48.0,23.0,34.0,48.0,,34.0,0.8671659898477156,0.433326565143824,0.8666683813048487,0.5488211075217561,70.0
T2,single_shot,self_test_repair,pair_coin,boot,591,295,cand_-0.02,295.0,295,betting,deploy_bonf2,0.025,0.025,0.05,0.05,10,10000,0.0,1.0,1.0,0.0,0.0,0.0,0.0,0.0152,1.0,22.0,33.0,47.0,22.0,33.0,47.0,,33.0,0.8739844331641287,0.4367380710659898,0.8734915132178298,0.5531262539284266,68.0
T2,single_shot,self_test_repair,pair_coin,boot,591,295,cand_-0.02,295.0,295,betting,deploy_bonf2,0.025,0.025,0.05,0.05,20,10000,0.0,1.0,1.0,0.0,0.0,0.0,0.0,0.0152,1.0,23.0,34.0,48.0,23.0,34.0,48.0,,34.0,0.8671659898477156,0.433326565143824,0.8666683813048487,0.5488211075217561,70.0
T2,single_shot,self_test_repair,pair_coin,boot,591,295,cand_-0.02,295.0,295,betting,deploy_bonf2,0.025,0.025,0.05,0.1,10,10000,0.0,1.0,1.0,0.0,0.0,0.0,0.0,0.1676,1.0,22.0,33.0,47.0,22.0,33.0,47.0,,33.0,0.8739844331641287,0.4367380710659898,0.8734915132178298,0.5531262539284266,68.0
T2,single_shot,self_test_repair,pair_coin,boot,591,295,cand_-0.02,295.0,295,betting,deploy_bonf2,0.025,0.025,0.05,0.1,20,10000,0.0,1.0,1.0,0.0,0.0,0.0,0.0,0.1672,1.0,23.0,34.0,48.0,23.0,34.0,48.0,,34.0,0.8671659898477156,0.433326565143824,0.8666683813048487,0.5488211075217561,70.0
T2,single_shot,self_test_repair,pair_coin,boot,591,295,cand_-0.02,295.0,295,betting,deploy_bonf2,0.025,0.025,0.05,0.15,10,10000,0.0,1.0,1.0,0.0,0.0,0.0,0.0,0.6181,1.0,22.0,33.0,47.0,22.0,33.0,47.0,,33.0,0.8739844331641287,0.4367380710659898,0.8734915132178298,0.5531262539284266,68.0
T2,single_shot,self_test_repair,pair_coin,boot,591,295,cand_-0.02,295.0,295,betting,deploy_bonf2,0.025,0.025,0.05,0.15,20,10000,0.0,1.0,1.0,0.0,0.0,0.0,0.0,0.6172,1.0,23.0,34.0,48.0,23.0,34.0,48.0,,34.0,0.8671659898477156,0.433326565143824,0.8666683813048487,0.5488211075217561,70.0
T2,single_shot,self_test_repair,pair_coin,boot,591,295,cand_-0.02,295.0,295,betting,twosided_equal,0.025,0.025,0.025,0.03,10,10000,0.0,1.0,1.0,0.0,0.0,0.0,0.0,0.0053,1.0,25.0,39.0,54.0,25.0,39.0,54.0,,39.0,0.8551834179357023,0.427350592216582,0.8547162251247737,0.541231286982518,79.0
T2,single_shot,self_test_repair,pair_coin,boot,591,295,cand_-0.02,295.0,295,betting,twosided_equal,0.025,0.025,0.025,0.03,20,10000,0.0,1.0,1.0,0.0,0.0,0.0,0.0,0.0053,1.0,27.0,39.0,54.0,27.0,39.0,54.0,,39.0,0.8516189509306261,0.4255698815566835,0.8511547411325004,0.5390072618376818,80.0
T2,single_shot,self_test_repair,pair_coin,boot,591,295,cand_-0.02,295.0,295,betting,twosided_equal,0.025,0.025,0.025,0.05,10,10000,0.0,1.0,1.0,0.0,0.0,0.0,0.0,0.0152,1.0,25.0,39.0,54.0,25.0,39.0,54.0,,39.0,0.8551834179357023,0.427350592216582,0.8547162251247737,0.541231286982518,79.0
T2,single_shot,self_test_repair,pair_coin,boot,591,295,cand_-0.02,295.0,295,betting,twosided_equal,0.025,0.025,0.025,0.05,20,10000,0.0,1.0,1.0,0.0,0.0,0.0,0.0,0.0152,1.0,27.0,39.0,54.0,27.0,39.0,54.0,,39.0,0.8516189509306261,0.4255698815566835,0.8511547411325004,0.5390072618376818,80.0
T2,single_shot,self_test_repair,pair_coin,boot,591,295,cand_-0.02,295.0,295,betting,twosided_equal,0.025,0.025,0.025,0.1,10,10000,0.0,1.0,1.0,0.0,0.0,0.0,0.0,0.1676,1.0,25.0,39.0,54.0,25.0,39.0,54.0,,39.0,0.8551834179357023,0.427350592216582,0.8547162251247737,0.541231286982518,79.0
T2,single_shot,self_test_repair,pair_coin,boot,591,295,cand_-0.02,295.0,295,betting,twosided_equal,0.025,0.025,0.025,0.1,20,10000,0.0,1.0,1.0,0.0,0.0,0.0,0.0,0.1672,1.0,27.0,39.0,54.0,27.0,39.0,54.0,,39.0,0.8516189509306261,0.4255698815566835,0.8511547411325004,0.5390072618376818,80.0
T2,single_shot,self_test_repair,pair_coin,boot,591,295,cand_-0.02,295.0,295,betting,twosided_equal,0.025,0.025,0.025,0.15,10,10000,0.0,1.0,1.0,0.0,0.0,0.0,0.0,0.6181,1.0,25.0,39.0,54.0,25.0,39.0,54.0,,39.0,0.8551834179357023,0.427350592216582,0.8547162251247737,0.541231286982518,79.0
T2,single_shot,self_test_repair,pair_coin,boot,591,295,cand_-0.02,295.0,295,betting,twosided_equal,0.025,0.025,0.025,0.15,20,10000,0.0,1.0,1.0,0.0,0.0,0.0,0.0,0.6172,1.0,27.0,39.0,54.0,27.0,39.0,54.0,,39.0,0.8516189509306261,0.4255698815566835,0.8511547411325004,0.5390072618376818,80.0
T2,single_shot,self_test_repair,pair_coin,boot,591,295,cand_-0.02,295.0,295,betting,bonf3,0.0166666666666666,0.0166666666666666,0.0166666666666666,0.03,10,10000,0.0,1.0,1.0,0.0,0.0,0.0,0.0,0.0034,1.0,27.0,41.0,57.0,27.0,41.0,57.0,,41.0,0.8463401015228427,0.4229203045685279,0.8458554939037845,0.5356018985933333,84.0
T2,single_shot,self_test_repair,pair_coin,boot,591,295,cand_-0.02,295.0,295,betting,bonf3,0.0166666666666666,0.0166666666666666,0.0166666666666666,0.03,20,10000,0.0,1.0,1.0,0.0,0.0,0.0,0.0,0.0034,1.0,28.0,41.0,58.0,28.0,41.0,58.0,,41.0,0.8423566835871404,0.4209307952622673,0.8418764052700759,0.5331105231912626,85.0
T2,single_shot,self_test_repair,pair_coin,boot,591,295,cand_-0.02,295.0,295,betting,bonf3,0.0166666666666666,0.0166666666666666,0.0166666666666666,0.05,10,10000,0.0,1.0,1.0,0.0,0.0,0.0,0.0,0.0106,1.0,27.0,41.0,57.0,27.0,41.0,57.0,,41.0,0.8463401015228427,0.4229203045685279,0.8458554939037845,0.5356018985933333,84.0
T2,single_shot,self_test_repair,pair_coin,boot,591,295,cand_-0.02,295.0,295,betting,bonf3,0.0166666666666666,0.0166666666666666,0.0166666666666666,0.05,20,10000,0.0,1.0,1.0,0.0,0.0,0.0,0.0,0.0106,1.0,28.0,41.0,58.0,28.0,41.0,58.0,,41.0,0.8423566835871404,0.4209307952622673,0.8418764052700759,0.5331105231912626,85.0
T2,single_shot,self_test_repair,pair_coin,boot,591,295,cand_-0.02,295.0,295,betting,bonf3,0.0166666666666666,0.0166666666666666,0.0166666666666666,0.1,10,10000,0.0,1.0,1.0,0.0,0.0,0.0,0.0,0.1356,1.0,27.0,41.0,57.0,27.0,41.0,57.0,,41.0,0.8463401015228427,0.4229203045685279,0.8458554939037845,0.5356018985933333,84.0
T2,single_shot,self_test_repair,pair_coin,boot,591,295,cand_-0.02,295.0,295,betting,bonf3,0.0166666666666666,0.0166666666666666,0.0166666666666666,0.1,20,10000,0.0,1.0,1.0,0.0,0.0,0.0,0.0,0.1353,1.0,28.0,41.0,58.0,28.0,41.0,58.0,,41.0,0.8423566835871404,0.4209307952622673,0.8418764052700759,0.5331105231912626,85.0
T2,single_shot,self_test_repair,pair_coin,boot,591,295,cand_-0.02,295.0,295,betting,bonf3,0.0166666666666666,0.0166666666666666,0.0166666666666666,0.15,10,10000,0.0,1.0,1.0,0.0,0.0,0.0,0.0,0.5662,1.0,27.0,41.0,57.0,27.0,41.0,57.0,,41.0,0.8463401015228427,0.4229203045685279,0.8458554939037845,0.5356018985933333,84.0
T2,single_shot,self_test_repair,pair_coin,boot,591,295,cand_-0.02,295.0,295,betting,bonf3,0.0166666666666666,0.0166666666666666,0.0166666666666666,0.15,20,10000,0.0,1.0,1.0,0.0,0.0,0.0,0.0,0.5655,1.0,28.0,41.0,58.0,28.0,41.0,58.0,,41.0,0.8423566835871404,0.4209307952622673,0.8418764052700759,0.5331105231912626,85.0
T2,single_shot,self_test_repair,pair_coin,boot,591,295,cand_+0.02,295.0,295,betting,nosplit_iut,0.05,0.05,0.05,0.03,10,10000,0.0,1.0,1.0,0.0,0.0,0.0,0.0,0.0771,1.0,23.0,35.0,50.0,23.0,35.0,50.0,,35.0,0.866826057529611,0.4331680203045685,0.8663357474329112,0.5487265813066017,72.0
T2,single_shot,self_test_repair,pair_coin,boot,591,295,cand_+0.02,295.0,295,betting,nosplit_iut,0.05,0.05,0.05,0.03,20,10000,0.0,1.0,1.0,0.0,0.0,0.0,0.0,0.0771,1.0,24.0,36.0,50.0,24.0,36.0,50.0,,36.0,0.8612111675126903,0.4303590524534686,0.8607178136318736,0.5451911271484856,73.0
T2,single_shot,self_test_repair,pair_coin,boot,591,295,cand_+0.02,295.0,295,betting,nosplit_iut,0.05,0.05,0.05,0.05,10,10000,0.0,1.0,1.0,0.0,0.0,0.0,0.0,0.1744,1.0,23.0,35.0,50.0,23.0,35.0,50.0,,35.0,0.866826057529611,0.4331680203045685,0.8663357474329112,0.5487265813066017,72.0
T2,single_shot,self_test_repair,pair_coin,boot,591,295,cand_+0.02,295.0,295,betting,nosplit_iut,0.05,0.05,0.05,0.05,20,10000,0.0,1.0,1.0,0.0,0.0,0.0,0.0,0.1739,1.0,24.0,36.0,50.0,24.0,36.0,50.0,,36.0,0.8612111675126903,0.4303590524534686,0.8607178136318736,0.5451911271484856,73.0
T2,single_shot,self_test_repair,pair_coin,boot,591,295,cand_+0.02,295.0,295,betting,nosplit_iut,0.05,0.05,0.05,0.1,10,10000,0.0,1.0,1.0,0.0,0.0,0.0,0.0,0.6245,1.0,23.0,35.0,50.0,23.0,35.0,50.0,,35.0,0.866826057529611,0.4331680203045685,0.8663357474329112,0.5487265813066017,72.0
T2,single_shot,self_test_repair,pair_coin,boot,591,295,cand_+0.02,295.0,295,betting,nosplit_iut,0.05,0.05,0.05,0.1,20,10000,0.0,1.0,1.0,0.0,0.0,0.0,0.0,0.6244,1.0,24.0,36.0,50.0,24.0,36.0,50.0,,36.0,0.8612111675126903,0.4303590524534686,0.8607178136318736,0.5451911271484856,73.0
T2,single_shot,self_test_repair,pair_coin,boot,591,295,cand_+0.02,295.0,295,betting,nosplit_iut,0.05,0.05,0.05,0.15,10,10000,0.0,1.0,1.0,0.0,0.0,0.0,0.0,0.9548,1.0,23.0,35.0,50.0,23.0,35.0,50.0,,35.0,0.866826057529611,0.4331680203045685,0.8663357474329112,0.5487265813066017,72.0
T2,single_shot,self_test_repair,pair_coin,boot,591,295,cand_+0.02,295.0,295,betting,nosplit_iut,0.05,0.05,0.05,0.15,20,10000,0.0,1.0,1.0,0.0,0.0,0.0,0.0,0.9547,1.0,24.0,36.0,50.0,24.0,36.0,50.0,,36.0,0.8612111675126903,0.4303590524534686,0.8607178136318736,0.5451911271484856,73.0
T2,single_shot,self_test_repair,pair_coin,boot,591,295,cand_+0.02,295.0,295,betting,deploy_bonf2,0.025,0.025,0.05,0.03,10,10000,0.0,1.0,1.0,0.0,0.0,0.0,0.0,0.0457,1.0,23.0,35.0,50.0,23.0,35.0,50.0,,35.0,0.866826057529611,0.4331680203045685,0.8663357474329112,0.5487265813066017,72.0
T2,single_shot,self_test_repair,pair_coin,boot,591,295,cand_+0.02,295.0,295,betting,deploy_bonf2,0.025,0.025,0.05,0.03,20,10000,0.0,1.0,1.0,0.0,0.0,0.0,0.0,0.0456,1.0,24.0,36.0,50.0,24.0,36.0,50.0,,36.0,0.8612111675126903,0.4303590524534686,0.8607178136318736,0.5451911271484856,73.0
T2,single_shot,self_test_repair,pair_coin,boot,591,295,cand_+0.02,295.0,295,betting,deploy_bonf2,0.025,0.025,0.05,0.05,10,10000,0.0,1.0,1.0,0.0,0.0,0.0,0.0,0.1132,1.0,23.0,35.0,50.0,23.0,35.0,50.0,,35.0,0.866826057529611,0.4331680203045685,0.8663357474329112,0.5487265813066017,72.0
T2,single_shot,self_test_repair,pair_coin,boot,591,295,cand_+0.02,295.0,295,betting,deploy_bonf2,0.025,0.025,0.05,0.05,20,10000,0.0,1.0,1.0,0.0,0.0,0.0,0.0,0.1132,1.0,24.0,36.0,50.0,24.0,36.0,50.0,,36.0,0.8612111675126903,0.4303590524534686,0.8607178136318736,0.5451911271484856,73.0
T2,single_shot,self_test_repair,pair_coin,boot,591,295,cand_+0.02,295.0,295,betting,deploy_bonf2,0.025,0.025,0.05,0.1,10,10000,0.0,1.0,1.0,0.0,0.0,0.0,0.0,0.5308,1.0,23.0,35.0,50.0,23.0,35.0,50.0,,35.0,0.866826057529611,0.4331680203045685,0.8663357474329112,0.5487265813066017,72.0
T2,single_shot,self_test_repair,pair_coin,boot,591,295,cand_+0.02,295.0,295,betting,deploy_bonf2,0.025,0.025,0.05,0.1,20,10000,0.0,1.0,1.0,0.0,0.0,0.0,0.0,0.5307,1.0,24.0,36.0,50.0,24.0,36.0,50.0,,36.0,0.8612111675126903,0.4303590524534686,0.8607178136318736,0.5451911271484856,73.0
T2,single_shot,self_test_repair,pair_coin,boot,591,295,cand_+0.02,295.0,295,betting,deploy_bonf2,0.025,0.025,0.05,0.15,10,10000,0.0,1.0,1.0,0.0,0.0,0.0,0.0,0.9237,1.0,23.0,35.0,50.0,23.0,35.0,50.0,,35.0,0.866826057529611,0.4331680203045685,0.8663357474329112,0.5487265813066017,72.0
T2,single_shot,self_test_repair,pair_coin,boot,591,295,cand_+0.02,295.0,295,betting,deploy_bonf2,0.025,0.025,0.05,0.15,20,10000,0.0,1.0,1.0,0.0,0.0,0.0,0.0,0.9237,1.0,24.0,36.0,50.0,24.0,36.0,50.0,,36.0,0.8612111675126903,0.4303590524534686,0.8607178136318736,0.5451911271484856,73.0
T2,single_shot,self_test_repair,pair_coin,boot,591,295,cand_+0.02,295.0,295,betting,twosided_equal,0.025,0.025,0.025,0.03,10,10000,0.0,1.0,1.0,0.0,0.0,0.0,0.0,0.0457,1.0,27.0,40.0,57.0,27.0,40.0,57.0,,40.0,0.8474123519458545,0.4234712351945854,0.8469421837759108,0.5364458768014737,83.0
T2,single_shot,self_test_repair,pair_coin,boot,591,295,cand_+0.02,295.0,295,betting,twosided_equal,0.025,0.025,0.025,0.03,20,10000,0.0,1.0,1.0,0.0,0.0,0.0,0.0,0.0456,1.0,28.0,40.0,57.0,28.0,40.0,57.0,,40.0,0.8445802030456853,0.4220571912013536,0.8441140967464986,0.5346654869695759,83.0
T2,single_shot,self_test_repair,pair_coin,boot,591,295,cand_+0.02,295.0,295,betting,twosided_equal,0.025,0.025,0.025,0.05,10,10000,0.0,1.0,1.0,0.0,0.0,0.0,0.0,0.1132,1.0,27.0,40.0,57.0,27.0,40.0,57.0,,40.0,0.8474123519458545,0.4234712351945854,0.8469421837759108,0.5364458768014737,83.0
T2,single_shot,self_test_repair,pair_coin,boot,591,295,cand_+0.02,295.0,295,betting,twosided_equal,0.025,0.025,0.025,0.05,20,10000,0.0,1.0,1.0,0.0,0.0,0.0,0.0,0.1132,1.0,28.0,40.0,57.0,28.0,40.0,57.0,,40.0,0.8445802030456853,0.4220571912013536,0.8441140967464986,0.5346654869695759,83.0
T2,single_shot,self_test_repair,pair_coin,boot,591,295,cand_+0.02,295.0,295,betting,twosided_equal,0.025,0.025,0.025,0.1,10,10000,0.0,1.0,1.0,0.0,0.0,0.0,0.0,0.5308,1.0,27.0,40.0,57.0,27.0,40.0,57.0,,40.0,0.8474123519458545,0.4234712351945854,0.8469421837759108,0.5364458768014737,83.0
T2,single_shot,self_test_repair,pair_coin,boot,591,295,cand_+0.02,295.0,295,betting,twosided_equal,0.025,0.025,0.025,0.1,20,10000,0.0,1.0,1.0,0.0,0.0,0.0,0.0,0.5307,1.0,28.0,40.0,57.0,28.0,40.0,57.0,,40.0,0.8445802030456853,0.4220571912013536,0.8441140967464986,0.5346654869695759,83.0
T2,single_shot,self_test_repair,pair_coin,boot,591,295,cand_+0.02,295.0,295,betting,twosided_equal,0.025,0.025,0.025,0.15,10,10000,0.0,1.0,1.0,0.0,0.0,0.0,0.0,0.9237,1.0,27.0,40.0,57.0,27.0,40.0,57.0,,40.0,0.8474123519458545,0.4234712351945854,0.8469421837759108,0.5364458768014737,83.0
T2,single_shot,self_test_repair,pair_coin,boot,591,295,cand_+0.02,295.0,295,betting,twosided_equal,0.025,0.025,0.025,0.15,20,10000,0.0,1.0,1.0,0.0,0.0,0.0,0.0,0.9237,1.0,28.0,40.0,57.0,28.0,40.0,57.0,,40.0,0.8445802030456853,0.4220571912013536,0.8441140967464986,0.5346654869695759,83.0
T2,single_shot,self_test_repair,pair_coin,boot,591,295,cand_+0.02,295.0,295,betting,bonf3,0.0166666666666666,0.0166666666666666,0.0166666666666666,0.03,10,10000,0.0,1.0,1.0,0.0,0.0,0.0,0.0,0.0327,1.0,28.0,43.0,61.0,28.0,43.0,61.0,,43.0,0.837709475465313,0.418624027072758,0.8372477708129372,0.5303285633289887,88.0
T2,single_shot,self_test_repair,pair_coin,boot,591,295,cand_+0.02,295.0,295,betting,bonf3,0.0166666666666666,0.0166666666666666,0.0166666666666666,0.03,20,10000,0.0,1.0,1.0,0.0,0.0,0.0,0.0,0.0326,1.0,29.0,43.0,61.0,29.0,43.0,61.0,,43.0,0.8345685279187818,0.417053807106599,0.8341073319433734,0.5283458651919634,89.0
T2,single_shot,self_test_repair,pair_coin,boot,591,295,cand_+0.02,295.0,295,betting,bonf3,0.0166666666666666,0.0166666666666666,0.0166666666666666,0.05,10,10000,0.0,1.0,1.0,0.0,0.0,0.0,0.0,0.0899,1.0,28.0,43.0,61.0,28.0,43.0,61.0,,43.0,0.837709475465313,0.418624027072758,0.8372477708129372,0.5303285633289887,88.0
T2,single_shot,self_test_repair,pair_coin,boot,591,295,cand_+0.02,295.0,295,betting,bonf3,0.0166666666666666,0.0166666666666666,0.0166666666666666,0.05,20,10000,0.0,1.0,1.0,0.0,0.0,0.0,0.0,0.0898,1.0,29.0,43.0,61.0,29.0,43.0,61.0,,43.0,0.8345685279187818,0.417053807106599,0.8341073319433734,0.5283458651919634,89.0
T2,single_shot,self_test_repair,pair_coin,boot,591,295,cand_+0.02,295.0,295,betting,bonf3,0.0166666666666666,0.0166666666666666,0.0166666666666666,0.1,10,10000,0.0,1.0,1.0,0.0,0.0,0.0,0.0,0.4749,1.0,28.0,43.0,61.0,28.0,43.0,61.0,,43.0,0.837709475465313,0.418624027072758,0.8372477708129372,0.5303285633289887,88.0
T2,single_shot,self_test_repair,pair_coin,boot,591,295,cand_+0.02,295.0,295,betting,bonf3,0.0166666666666666,0.0166666666666666,0.0166666666666666,0.1,20,10000,0.0,1.0,1.0,0.0,0.0,0.0,0.0,0.4748,1.0,29.0,43.0,61.0,29.0,43.0,61.0,,43.0,0.8345685279187818,0.417053807106599,0.8341073319433734,0.5283458651919634,89.0
T2,single_shot,self_test_repair,pair_coin,boot,591,295,cand_+0.02,295.0,295,betting,bonf3,0.0166666666666666,0.0166666666666666,0.0166666666666666,0.15,10,10000,0.0,1.0,1.0,0.0,0.0,0.0,0.0,0.9003,1.0,28.0,43.0,61.0,28.0,43.0,61.0,,43.0,0.837709475465313,0.418624027072758,0.8372477708129372,0.5303285633289887,88.0
T2,single_shot,self_test_repair,pair_coin,boot,591,295,cand_+0.02,295.0,295,betting,bonf3,0.0166666666666666,0.0166666666666666,0.0166666666666666,0.15,20,10000,0.0,1.0,1.0,0.0,0.0,0.0,0.0,0.9003,1.0,29.0,43.0,61.0,29.0,43.0,61.0,,43.0,0.8345685279187818,0.417053807106599,0.8341073319433734,0.5283458651919634,89.0
T2,single_shot,self_test_repair,pair_coin,boot,591,295,predictive,295.0,295,betting,nosplit_iut,0.05,0.05,0.05,0.03,10,10000,0.0,1.0,1.0,0.0,0.0,0.0,0.0,0.0354,1.0,22.0,34.0,48.0,22.0,34.0,48.0,,34.0,0.8717815566835871,0.4356473773265651,0.8713089078942737,0.5519502860356249,69.0
T2,single_shot,self_test_repair,pair_coin,boot,591,295,predictive,295.0,295,betting,nosplit_iut,0.05,0.05,0.05,0.03,20,10000,0.0,1.0,1.0,0.0,0.0,0.0,0.0,0.0351,1.0,24.0,35.0,48.0,24.0,35.0,48.0,,35.0,0.8652428087986463,0.4323776649746192,0.8647693769644988,0.5477925170947868,71.0
T2,single_shot,self_test_repair,pair_coin,boot,591,295,predictive,295.0,295,betting,nosplit_iut,0.05,0.05,0.05,0.05,10,10000,0.0,1.0,1.0,0.0,0.0,0.0,0.0,0.0882,1.0,22.0,34.0,48.0,22.0,34.0,48.0,,34.0,0.8717815566835871,0.4356473773265651,0.8713089078942737,0.5519502860356249,69.0
T2,single_shot,self_test_repair,pair_coin,boot,591,295,predictive,295.0,295,betting,nosplit_iut,0.05,0.05,0.05,0.05,20,10000,0.0,1.0,1.0,0.0,0.0,0.0,0.0,0.0878,1.0,24.0,35.0,48.0,24.0,35.0,48.0,,35.0,0.8652428087986463,0.4323776649746192,0.8647693769644988,0.5477925170947868,71.0
T2,single_shot,self_test_repair,pair_coin,boot,591,295,predictive,295.0,295,betting,nosplit_iut,0.05,0.05,0.05,0.1,10,10000,0.0,1.0,1.0,0.0,0.0,0.0,0.0,0.4304,1.0,22.0,34.0,48.0,22.0,34.0,48.0,,34.0,0.8717815566835871,0.4356473773265651,0.8713089078942737,0.5519502860356249,69.0
T2,single_shot,self_test_repair,pair_coin,boot,591,295,predictive,295.0,295,betting,nosplit_iut,0.05,0.05,0.05,0.1,20,10000,0.0,1.0,1.0,0.0,0.0,0.0,0.0,0.4297,1.0,24.0,35.0,48.0,24.0,35.0,48.0,,35.0,0.8652428087986463,0.4323776649746192,0.8647693769644988,0.5477925170947868,71.0
T2,single_shot,self_test_repair,pair_coin,boot,591,295,predictive,295.0,295,betting,nosplit_iut,0.05,0.05,0.05,0.15,10,10000,0.0,1.0,1.0,0.0,0.0,0.0,0.0,0.8427,1.0,22.0,34.0,48.0,22.0,34.0,48.0,,34.0,0.8717815566835871,0.4356473773265651,0.8713089078942737,0.5519502860356249,69.0
T2,single_shot,self_test_repair,pair_coin,boot,591,295,predictive,295.0,295,betting,nosplit_iut,0.05,0.05,0.05,0.15,20,10000,0.0,1.0,1.0,0.0,0.0,0.0,0.0,0.8425,1.0,24.0,35.0,48.0,24.0,35.0,48.0,,35.0,0.8652428087986463,0.4323776649746192,0.8647693769644988,0.5477925170947868,71.0
T2,single_shot,self_test_repair,pair_coin,boot,591,295,predictive,295.0,295,betting,deploy_bonf2,0.025,0.025,0.05,0.03,10,10000,0.0,1.0,1.0,0.0,0.0,0.0,0.0,0.0199,1.0,22.0,34.0,48.0,22.0,34.0,48.0,,34.0,0.8717815566835871,0.4356473773265651,0.8713089078942737,0.5519502860356249,69.0
T2,single_shot,self_test_repair,pair_coin,boot,591,295,predictive,295.0,295,betting,deploy_bonf2,0.025,0.025,0.05,0.03,20,10000,0.0,1.0,1.0,0.0,0.0,0.0,0.0,0.0199,1.0,24.0,35.0,48.0,24.0,35.0,48.0,,35.0,0.8652428087986463,0.4323776649746192,0.8647693769644988,0.5477925170947868,71.0
T2,single_shot,self_test_repair,pair_coin,boot,591,295,predictive,295.0,295,betting,deploy_bonf2,0.025,0.025,0.05,0.05,10,10000,0.0,1.0,1.0,0.0,0.0,0.0,0.0,0.0555,1.0,22.0,34.0,48.0,22.0,34.0,48.0,,34.0,0.8717815566835871,0.4356473773265651,0.8713089078942737,0.5519502860356249,69.0
T2,single_shot,self_test_repair,pair_coin,boot,591,295,predictive,295.0,295,betting,deploy_bonf2,0.025,0.025,0.05,0.05,20,10000,0.0,1.0,1.0,0.0,0.0,0.0,0.0,0.0552,1.0,24.0,35.0,48.0,24.0,35.0,48.0,,35.0,0.8652428087986463,0.4323776649746192,0.8647693769644988,0.5477925170947868,71.0
T2,single_shot,self_test_repair,pair_coin,boot,591,295,predictive,295.0,295,betting,deploy_bonf2,0.025,0.025,0.05,0.1,10,10000,0.0,1.0,1.0,0.0,0.0,0.0,0.0,0.3364,1.0,22.0,34.0,48.0,22.0,34.0,48.0,,34.0,0.8717815566835871,0.4356473773265651,0.8713089078942737,0.5519502860356249,69.0
T2,single_shot,self_test_repair,pair_coin,boot,591,295,predictive,295.0,295,betting,deploy_bonf2,0.025,0.025,0.05,0.1,20,10000,0.0,1.0,1.0,0.0,0.0,0.0,0.0,0.3363,1.0,24.0,35.0,48.0,24.0,35.0,48.0,,35.0,0.8652428087986463,0.4323776649746192,0.8647693769644988,0.5477925170947868,71.0
T2,single_shot,self_test_repair,pair_coin,boot,591,295,predictive,295.0,295,betting,deploy_bonf2,0.025,0.025,0.05,0.15,10,10000,0.0,1.0,1.0,0.0,0.0,0.0,0.0,0.7801,1.0,22.0,34.0,48.0,22.0,34.0,48.0,,34.0,0.8717815566835871,0.4356473773265651,0.8713089078942737,0.5519502860356249,69.0
T2,single_shot,self_test_repair,pair_coin,boot,591,295,predictive,295.0,295,betting,deploy_bonf2,0.025,0.025,0.05,0.15,20,10000,0.0,1.0,1.0,0.0,0.0,0.0,0.0,0.78,1.0,24.0,35.0,48.0,24.0,35.0,48.0,,35.0,0.8652428087986463,0.4323776649746192,0.8647693769644988,0.5477925170947868,71.0
T2,single_shot,self_test_repair,pair_coin,boot,591,295,predictive,295.0,295,betting,twosided_equal,0.025,0.025,0.025,0.03,10,10000,0.0,1.0,1.0,0.0,0.0,0.0,0.0,0.0199,1.0,26.0,39.0,54.0,26.0,39.0,54.0,,39.0,0.8528785109983079,0.4262001692047377,0.8524141847312579,0.539936515792951,81.0
T2,single_shot,self_test_repair,pair_coin,boot,591,295,predictive,295.0,295,betting,twosided_equal,0.025,0.025,0.025,0.03,20,10000,0.0,1.0,1.0,0.0,0.0,0.0,0.0,0.0199,1.0,27.0,40.0,54.0,27.0,40.0,54.0,,40.0,0.8495780033840947,0.424553807106599,0.8491214070482364,0.5378453900027688,81.0
T2,single_shot,self_test_repair,pair_coin,boot,591,295,predictive,295.0,295,betting,twosided_equal,0.025,0.025,0.025,0.05,10,10000,0.0,1.0,1.0,0.0,0.0,0.0,0.0,0.0555,1.0,26.0,39.0,54.0,26.0,39.0,54.0,,39.0,0.8528785109983079,0.4262001692047377,0.8524141847312579,0.539936515792951,81.0
T2,single_shot,self_test_repair,pair_coin,boot,591,295,predictive,295.0,295,betting,twosided_equal,0.025,0.025,0.025,0.05,20,10000,0.0,1.0,1.0,0.0,0.0,0.0,0.0,0.0552,1.0,27.0,40.0,54.0,27.0,40.0,54.0,,40.0,0.8495780033840947,0.424553807106599,0.8491214070482364,0.5378453900027688,81.0
T2,single_shot,self_test_repair,pair_coin,boot,591,295,predictive,295.0,295,betting,twosided_equal,0.025,0.025,0.025,0.1,10,10000,0.0,1.0,1.0,0.0,0.0,0.0,0.0,0.3364,1.0,26.0,39.0,54.0,26.0,39.0,54.0,,39.0,0.8528785109983079,0.4262001692047377,0.8524141847312579,0.539936515792951,81.0
T2,single_shot,self_test_repair,pair_coin,boot,591,295,predictive,295.0,295,betting,twosided_equal,0.025,0.025,0.025,0.1,20,10000,0.0,1.0,1.0,0.0,0.0,0.0,0.0,0.3363,1.0,27.0,40.0,54.0,27.0,40.0,54.0,,40.0,0.8495780033840947,0.424553807106599,0.8491214070482364,0.5378453900027688,81.0
T2,single_shot,self_test_repair,pair_coin,boot,591,295,predictive,295.0,295,betting,twosided_equal,0.025,0.025,0.025,0.15,10,10000,0.0,1.0,1.0,0.0,0.0,0.0,0.0,0.7801,1.0,26.0,39.0,54.0,26.0,39.0,54.0,,39.0,0.8528785109983079,0.4262001692047377,0.8524141847312579,0.539936515792951,81.0
T2,single_shot,self_test_repair,pair_coin,boot,591,295,predictive,295.0,295,betting,twosided_equal,0.025,0.025,0.025,0.15,20,10000,0.0,1.0,1.0,0.0,0.0,0.0,0.0,0.78,1.0,27.0,40.0,54.0,27.0,40.0,54.0,,40.0,0.8495780033840947,0.424553807106599,0.8491214070482364,0.5378453900027688,81.0
T2,single_shot,self_test_repair,pair_coin,boot,591,295,predictive,295.0,295,betting,bonf3,0.0166666666666666,0.0166666666666666,0.0166666666666666,0.03,10,10000,0.0,1.0,1.0,0.0,0.0,0.0,0.0,0.0141,1.0,28.0,42.0,59.0,28.0,42.0,59.0,,42.0,0.8431915397631133,0.4213451776649746,0.842704043923556,0.5337913783242452,86.0
T2,single_shot,self_test_repair,pair_coin,boot,591,295,predictive,295.0,295,betting,bonf3,0.0166666666666666,0.0166666666666666,0.0166666666666666,0.03,20,10000,0.0,1.0,1.0,0.0,0.0,0.0,0.0,0.014,1.0,28.0,42.0,59.0,28.0,42.0,59.0,,42.0,0.8395067681895093,0.4195049069373943,0.8390234426819793,0.5314540030611752,87.0
T2,single_shot,self_test_repair,pair_coin,boot,591,295,predictive,295.0,295,betting,bonf3,0.0166666666666666,0.0166666666666666,0.0166666666666666,0.05,10,10000,0.0,1.0,1.0,0.0,0.0,0.0,0.0,0.0413,1.0,28.0,42.0,59.0,28.0,42.0,59.0,,42.0,0.8431915397631133,0.4213451776649746,0.842704043923556,0.5337913783242452,86.0
T2,single_shot,self_test_repair,pair_coin,boot,591,295,predictive,295.0,295,betting,bonf3,0.0166666666666666,0.0166666666666666,0.0166666666666666,0.05,20,10000,0.0,1.0,1.0,0.0,0.0,0.0,0.0,0.0413,1.0,28.0,42.0,59.0,28.0,42.0,59.0,,42.0,0.8395067681895093,0.4195049069373943,0.8390234426819793,0.5314540030611752,87.0
T2,single_shot,self_test_repair,pair_coin,boot,591,295,predictive,295.0,295,betting,bonf3,0.0166666666666666,0.0166666666666666,0.0166666666666666,0.1,10,10000,0.0,1.0,1.0,0.0,0.0,0.0,0.0,0.29,1.0,28.0,42.0,59.0,28.0,42.0,59.0,,42.0,0.8431915397631133,0.4213451776649746,0.842704043923556,0.5337913783242452,86.0
T2,single_shot,self_test_repair,pair_coin,boot,591,295,predictive,295.0,295,betting,bonf3,0.0166666666666666,0.0166666666666666,0.0166666666666666,0.1,20,10000,0.0,1.0,1.0,0.0,0.0,0.0,0.0,0.2898,1.0,28.0,42.0,59.0,28.0,42.0,59.0,,42.0,0.8395067681895093,0.4195049069373943,0.8390234426819793,0.5314540030611752,87.0
T2,single_shot,self_test_repair,pair_coin,boot,591,295,predictive,295.0,295,betting,bonf3,0.0166666666666666,0.0166666666666666,0.0166666666666666,0.15,10,10000,0.0,1.0,1.0,0.0,0.0,0.0,0.0,0.7419,1.0,28.0,42.0,59.0,28.0,42.0,59.0,,42.0,0.8431915397631133,0.4213451776649746,0.842704043923556,0.5337913783242452,86.0
T2,single_shot,self_test_repair,pair_coin,boot,591,295,predictive,295.0,295,betting,bonf3,0.0166666666666666,0.0166666666666666,0.0166666666666666,0.15,20,10000,0.0,1.0,1.0,0.0,0.0,0.0,0.0,0.7418,1.0,28.0,42.0,59.0,28.0,42.0,59.0,,42.0,0.8395067681895093,0.4195049069373943,0.8390234426819793,0.5314540030611752,87.0
T2,single_shot,self_test_repair,pair_coin,boot,1138,569,cand_-0.03,569.0,569,betting,nosplit_iut,0.05,0.05,0.05,0.03,10,10000,0.0,1.0,1.0,0.0,0.0,0.0,0.0,0.0082,1.0,22.0,32.0,46.0,22.0,32.0,46.0,,32.0,0.9357166080843584,0.4677367311072056,0.9354734622144112,0.5926044102768627,67.0
T2,single_shot,self_test_repair,pair_coin,boot,1138,569,cand_-0.03,569.0,569,betting,nosplit_iut,0.05,0.05,0.05,0.03,20,10000,0.0,1.0,1.0,0.0,0.0,0.0,0.0,0.008,1.0,23.0,33.0,47.0,23.0,33.0,47.0,,33.0,0.9322583479789104,0.4660082601054481,0.9320165202108964,0.5904225667967934,68.0
T2,single_shot,self_test_repair,pair_coin,boot,1138,569,cand_-0.03,569.0,569,betting,nosplit_iut,0.05,0.05,0.05,0.05,10,10000,0.0,1.0,1.0,0.0,0.0,0.0,0.0,0.0276,1.0,22.0,32.0,46.0,22.0,32.0,46.0,,32.0,0.9357166080843584,0.4677367311072056,0.9354734622144112,0.5926044102768627,67.0
T2,single_shot,self_test_repair,pair_coin,boot,1138,569,cand_-0.03,569.0,569,betting,nosplit_iut,0.05,0.05,0.05,0.05,20,10000,0.0,1.0,1.0,0.0,0.0,0.0,0.0,0.0271,1.0,23.0,33.0,47.0,23.0,33.0,47.0,,33.0,0.9322583479789104,0.4660082601054481,0.9320165202108964,0.5904225667967934,68.0
T2,single_shot,self_test_repair,pair_coin,boot,1138,569,cand_-0.03,569.0,569,betting,nosplit_iut,0.05,0.05,0.05,0.1,10,10000,0.0,1.0,1.0,0.0,0.0,0.0,0.0,0.39,1.0,22.0,32.0,46.0,22.0,32.0,46.0,,32.0,0.9357166080843584,0.4677367311072056,0.9354734622144112,0.5926044102768627,67.0
T2,single_shot,self_test_repair,pair_coin,boot,1138,569,cand_-0.03,569.0,569,betting,nosplit_iut,0.05,0.05,0.05,0.1,20,10000,0.0,1.0,1.0,0.0,0.0,0.0,0.0,0.3892,1.0,23.0,33.0,47.0,23.0,33.0,47.0,,33.0,0.9322583479789104,0.4660082601054481,0.9320165202108964,0.5904225667967934,68.0
T2,single_shot,self_test_repair,pair_coin,boot,1138,569,cand_-0.03,569.0,569,betting,nosplit_iut,0.05,0.05,0.05,0.15,10,10000,0.0,1.0,1.0,0.0,0.0,0.0,0.0,0.935,1.0,22.0,32.0,46.0,22.0,32.0,46.0,,32.0,0.9357166080843584,0.4677367311072056,0.9354734622144112,0.5926044102768627,67.0
T2,single_shot,self_test_repair,pair_coin,boot,1138,569,cand_-0.03,569.0,569,betting,nosplit_iut,0.05,0.05,0.05,0.15,20,10000,0.0,1.0,1.0,0.0,0.0,0.0,0.0,0.9349,1.0,23.0,33.0,47.0,23.0,33.0,47.0,,33.0,0.9322583479789104,0.4660082601054481,0.9320165202108964,0.5904225667967934,68.0
T2,single_shot,self_test_repair,pair_coin,boot,1138,569,cand_-0.03,569.0,569,betting,deploy_bonf2,0.025,0.025,0.05,0.03,10,10000,0.0,1.0,1.0,0.0,0.0,0.0,0.0,0.0042,1.0,22.0,32.0,46.0,22.0,32.0,46.0,,32.0,0.9357166080843584,0.4677367311072056,0.9354734622144112,0.5926044102768627,67.0
T2,single_shot,self_test_repair,pair_coin,boot,1138,569,cand_-0.03,569.0,569,betting,deploy_bonf2,0.025,0.025,0.05,0.03,20,10000,0.0,1.0,1.0,0.0,0.0,0.0,0.0,0.0042,1.0,23.0,33.0,47.0,23.0,33.0,47.0,,33.0,0.9322583479789104,0.4660082601054481,0.9320165202108964,0.5904225667967934,68.0
T2,single_shot,self_test_repair,pair_coin,boot,1138,569,cand_-0.03,569.0,569,betting,deploy_bonf2,0.025,0.025,0.05,0.05,10,10000,0.0,1.0,1.0,0.0,0.0,0.0,0.0,0.0139,1.0,22.0,32.0,46.0,22.0,32.0,46.0,,32.0,0.9357166080843584,0.4677367311072056,0.9354734622144112,0.5926044102768627,67.0
T2,single_shot,self_test_repair,pair_coin,boot,1138,569,cand_-0.03,569.0,569,betting,deploy_bonf2,0.025,0.025,0.05,0.05,20,10000,0.0,1.0,1.0,0.0,0.0,0.0,0.0,0.0137,1.0,23.0,33.0,47.0,23.0,33.0,47.0,,33.0,0.9322583479789104,0.4660082601054481,0.9320165202108964,0.5904225667967934,68.0
T2,single_shot,self_test_repair,pair_coin,boot,1138,569,cand_-0.03,569.0,569,betting,deploy_bonf2,0.025,0.025,0.05,0.1,10,10000,0.0,1.0,1.0,0.0,0.0,0.0,0.0,0.2964,1.0,22.0,32.0,46.0,22.0,32.0,46.0,,32.0,0.9357166080843584,0.4677367311072056,0.9354734622144112,0.5926044102768627,67.0
T2,single_shot,self_test_repair,pair_coin,boot,1138,569,cand_-0.03,569.0,569,betting,deploy_bonf2,0.025,0.025,0.05,0.1,20,10000,0.0,1.0,1.0,0.0,0.0,0.0,0.0,0.2962,1.0,23.0,33.0,47.0,23.0,33.0,47.0,,33.0,0.9322583479789104,0.4660082601054481,0.9320165202108964,0.5904225667967934,68.0
T2,single_shot,self_test_repair,pair_coin,boot,1138,569,cand_-0.03,569.0,569,betting,deploy_bonf2,0.025,0.025,0.05,0.15,10,10000,0.0,1.0,1.0,0.0,0.0,0.0,0.0,0.8901,1.0,22.0,32.0,46.0,22.0,32.0,46.0,,32.0,0.9357166080843584,0.4677367311072056,0.9354734622144112,0.5926044102768627,67.0
T2,single_shot,self_test_repair,pair_coin,boot,1138,569,cand_-0.03,569.0,569,betting,deploy_bonf2,0.025,0.025,0.05,0.15,20,10000,0.0,1.0,1.0,0.0,0.0,0.0,0.0,0.8899,1.0,23.0,33.0,47.0,23.0,33.0,47.0,,33.0,0.9322583479789104,0.4660082601054481,0.9320165202108964,0.5904225667967934,68.0
T2,single_shot,self_test_repair,pair_coin,boot,1138,569,cand_-0.03,569.0,569,betting,twosided_equal,0.025,0.025,0.025,0.03,10,10000,0.0,1.0,1.0,0.0,0.0,0.0,0.0,0.0042,1.0,25.0,39.0,52.0,25.0,39.0,52.0,,39.0,0.9259626537785588,0.462859402460457,0.925718804920914,0.5864160639488216,79.0
T2,single_shot,self_test_repair,pair_coin,boot,1138,569,cand_-0.03,569.0,569,betting,twosided_equal,0.025,0.025,0.025,0.03,20,10000,0.0,1.0,1.0,0.0,0.0,0.0,0.0,0.0042,1.0,26.0,39.0,53.0,26.0,39.0,53.0,,39.0,0.924274165202109,0.462013971880492,0.924027943760984,0.5853419159426941,79.0
T2,single_shot,self_test_repair,pair_coin,boot,1138,569,cand_-0.03,569.0,569,betting,twosided_equal,0.025,0.025,0.025,0.05,10,10000,0.0,1.0,1.0,0.0,0.0,0.0,0.0,0.0139,1.0,25.0,39.0,52.0,25.0,39.0,52.0,,39.0,0.9259626537785588,0.462859402460457,0.925718804920914,0.5864160639488216,79.0
T2,single_shot,self_test_repair,pair_coin,boot,1138,569,cand_-0.03,569.0,569,betting,twosided_equal,0.025,0.025,0.025,0.05,20,10000,0.0,1.0,1.0,0.0,0.0,0.0,0.0,0.0137,1.0,26.0,39.0,53.0,26.0,39.0,53.0,,39.0,0.924274165202109,0.462013971880492,0.924027943760984,0.5853419159426941,79.0
T2,single_shot,self_test_repair,pair_coin,boot,1138,569,cand_-0.03,569.0,569,betting,twosided_equal,0.025,0.025,0.025,0.1,10,10000,0.0,1.0,1.0,0.0,0.0,0.0,0.0,0.2964,1.0,25.0,39.0,52.0,25.0,39.0,52.0,,39.0,0.9259626537785588,0.462859402460457,0.925718804920914,0.5864160639488216,79.0
T2,single_shot,self_test_repair,pair_coin,boot,1138,569,cand_-0.03,569.0,569,betting,twosided_equal,0.025,0.025,0.025,0.1,20,10000,0.0,1.0,1.0,0.0,0.0,0.0,0.0,0.2962,1.0,26.0,39.0,53.0,26.0,39.0,53.0,,39.0,0.924274165202109,0.462013971880492,0.924027943760984,0.5853419159426941,79.0
T2,single_shot,self_test_repair,pair_coin,boot,1138,569,cand_-0.03,569.0,569,betting,twosided_equal,0.025,0.025,0.025,0.15,10,10000,0.0,1.0,1.0,0.0,0.0,0.0,0.0,0.8901,1.0,25.0,39.0,52.0,25.0,39.0,52.0,,39.0,0.9259626537785588,0.462859402460457,0.925718804920914,0.5864160639488216,79.0
T2,single_shot,self_test_repair,pair_coin,boot,1138,569,cand_-0.03,569.0,569,betting,twosided_equal,0.025,0.025,0.025,0.15,20,10000,0.0,1.0,1.0,0.0,0.0,0.0,0.0,0.8899,1.0,26.0,39.0,53.0,26.0,39.0,53.0,,39.0,0.924274165202109,0.462013971880492,0.924027943760984,0.5853419159426941,79.0
T2,single_shot,self_test_repair,pair_coin,boot,1138,569,cand_-0.03,569.0,569,betting,bonf3,0.0166666666666666,0.0166666666666666,0.0166666666666666,0.03,10,10000,0.0,1.0,1.0,0.0,0.0,0.0,0.0,0.0025,1.0,27.0,41.0,57.0,27.0,41.0,57.0,,41.0,0.9213186291739895,0.4605318980667838,0.9210637961335676,0.5834598353711845,84.0
T2,single_shot,self_test_repair,pair_coin,boot,1138,569,cand_-0.03,569.0,569,betting,bonf3,0.0166666666666666,0.0166666666666666,0.0166666666666666,0.03,20,10000,0.0,1.0,1.0,0.0,0.0,0.0,0.0,0.0025,1.0,28.0,41.0,57.0,28.0,41.0,57.0,,41.0,0.9194267135325132,0.4595851493848857,0.9191702987697714,0.5822581529326117,84.0
T2,single_shot,self_test_repair,pair_coin,boot,1138,569,cand_-0.03,569.0,569,betting,bonf3,0.0166666666666666,0.0166666666666666,0.0166666666666666,0.05,10,10000,0.0,1.0,1.0,0.0,0.0,0.0,0.0,0.0112,1.0,27.0,41.0,57.0,27.0,41.0,57.0,,41.0,0.9213186291739895,0.4605318980667838,0.9210637961335676,0.5834598353711845,84.0
T2,single_shot,self_test_repair,pair_coin,boot,1138,569,cand_-0.03,569.0,569,betting,bonf3,0.0166666666666666,0.0166666666666666,0.0166666666666666,0.05,20,10000,0.0,1.0,1.0,0.0,0.0,0.0,0.0,0.0112,1.0,28.0,41.0,57.0,28.0,41.0,57.0,,41.0,0.9194267135325132,0.4595851493848857,0.9191702987697714,0.5822581529326117,84.0
T2,single_shot,self_test_repair,pair_coin,boot,1138,569,cand_-0.03,569.0,569,betting,bonf3,0.0166666666666666,0.0166666666666666,0.0166666666666666,0.1,10,10000,0.0,1.0,1.0,0.0,0.0,0.0,0.0,0.25,1.0,27.0,41.0,57.0,27.0,41.0,57.0,,41.0,0.9213186291739895,0.4605318980667838,0.9210637961335676,0.5834598353711845,84.0
T2,single_shot,self_test_repair,pair_coin,boot,1138,569,cand_-0.03,569.0,569,betting,bonf3,0.0166666666666666,0.0166666666666666,0.0166666666666666,0.1,20,10000,0.0,1.0,1.0,0.0,0.0,0.0,0.0,0.2498,1.0,28.0,41.0,57.0,28.0,41.0,57.0,,41.0,0.9194267135325132,0.4595851493848857,0.9191702987697714,0.5822581529326117,84.0
T2,single_shot,self_test_repair,pair_coin,boot,1138,569,cand_-0.03,569.0,569,betting,bonf3,0.0166666666666666,0.0166666666666666,0.0166666666666666,0.15,10,10000,0.0,1.0,1.0,0.0,0.0,0.0,0.0,0.865,1.0,27.0,41.0,57.0,27.0,41.0,57.0,,41.0,0.9213186291739895,0.4605318980667838,0.9210637961335676,0.5834598353711845,84.0
T2,single_shot,self_test_repair,pair_coin,boot,1138,569,cand_-0.03,569.0,569,betting,bonf3,0.0166666666666666,0.0166666666666666,0.0166666666666666,0.15,20,10000,0.0,1.0,1.0,0.0,0.0,0.0,0.0,0.8648,1.0,28.0,41.0,57.0,28.0,41.0,57.0,,41.0,0.9194267135325132,0.4595851493848857,0.9191702987697714,0.5822581529326117,84.0
T2,single_shot,self_test_repair,pair_coin,boot,1138,569,cand_-0.02,569.0,569,betting,nosplit_iut,0.05,0.05,0.05,0.03,10,10000,0.0,1.0,1.0,0.0,0.0,0.0,0.0,0.0133,1.0,22.0,33.0,47.0,22.0,33.0,47.0,,33.0,0.9351624780316344,0.4674550966608084,0.9349101933216168,0.5922204696954114,67.0
T2,single_shot,self_test_repair,pair_coin,boot,1138,569,cand_-0.02,569.0,569,betting,nosplit_iut,0.05,0.05,0.05,0.03,20,10000,0.0,1.0,1.0,0.0,0.0,0.0,0.0,0.0132,1.0,24.0,34.0,47.0,24.0,34.0,47.0,,34.0,0.9316634446397188,0.4657037785588752,0.9314075571177504,0.5900060621772261,69.0
T2,single_shot,self_test_repair,pair_coin,boot,1138,569,cand_-0.02,569.0,569,betting,nosplit_iut,0.05,0.05,0.05,0.05,10,10000,0.0,1.0,1.0,0.0,0.0,0.0,0.0,0.0527,1.0,22.0,33.0,47.0,22.0,33.0,47.0,,33.0,0.9351624780316344,0.4674550966608084,0.9349101933216168,0.5922204696954114,67.0
T2,single_shot,self_test_repair,pair_coin,boot,1138,569,cand_-0.02,569.0,569,betting,nosplit_iut,0.05,0.05,0.05,0.05,20,10000,0.0,1.0,1.0,0.0,0.0,0.0,0.0,0.0521,1.0,24.0,34.0,47.0,24.0,34.0,47.0,,34.0,0.9316634446397188,0.4657037785588752,0.9314075571177504,0.5900060621772261,69.0
T2,single_shot,self_test_repair,pair_coin,boot,1138,569,cand_-0.02,569.0,569,betting,nosplit_iut,0.05,0.05,0.05,0.1,10,10000,0.0,1.0,1.0,0.0,0.0,0.0,0.0,0.5248,1.0,22.0,33.0,47.0,22.0,33.0,47.0,,33.0,0.9351624780316344,0.4674550966608084,0.9349101933216168,0.5922204696954114,67.0
T2,single_shot,self_test_repair,pair_coin,boot,1138,569,cand_-0.02,569.0,569,betting,nosplit_iut,0.05,0.05,0.05,0.1,20,10000,0.0,1.0,1.0,0.0,0.0,0.0,0.0,0.5247,1.0,24.0,34.0,47.0,24.0,34.0,47.0,,34.0,0.9316634446397188,0.4657037785588752,0.9314075571177504,0.5900060621772261,69.0
T2,single_shot,self_test_repair,pair_coin,boot,1138,569,cand_-0.02,569.0,569,betting,nosplit_iut,0.05,0.05,0.05,0.15,10,10000,0.0,1.0,1.0,0.0,0.0,0.0,0.0,0.9679,1.0,22.0,33.0,47.0,22.0,33.0,47.0,,33.0,0.9351624780316344,0.4674550966608084,0.9349101933216168,0.5922204696954114,67.0
T2,single_shot,self_test_repair,pair_coin,boot,1138,569,cand_-0.02,569.0,569,betting,nosplit_iut,0.05,0.05,0.05,0.15,20,10000,0.0,1.0,1.0,0.0,0.0,0.0,0.0,0.9678,1.0,24.0,34.0,47.0,24.0,34.0,47.0,,34.0,0.9316634446397188,0.4657037785588752,0.9314075571177504,0.5900060621772261,69.0
T2,single_shot,self_test_repair,pair_coin,boot,1138,569,cand_-0.02,569.0,569,betting,deploy_bonf2,0.025,0.025,0.05,0.03,10,10000,0.0,1.0,1.0,0.0,0.0,0.0,0.0,0.0056,1.0,22.0,33.0,47.0,22.0,33.0,47.0,,33.0,0.9351624780316344,0.4674550966608084,0.9349101933216168,0.5922204696954114,67.0
T2,single_shot,self_test_repair,pair_coin,boot,1138,569,cand_-0.02,569.0,569,betting,deploy_bonf2,0.025,0.025,0.05,0.03,20,10000,0.0,1.0,1.0,0.0,0.0,0.0,0.0,0.0056,1.0,24.0,34.0,47.0,24.0,34.0,47.0,,34.0,0.9316634446397188,0.4657037785588752,0.9314075571177504,0.5900060621772261,69.0
T2,single_shot,self_test_repair,pair_coin,boot,1138,569,cand_-0.02,569.0,569,betting,deploy_bonf2,0.025,0.025,0.05,0.05,10,10000,0.0,1.0,1.0,0.0,0.0,0.0,0.0,0.0301,1.0,22.0,33.0,47.0,22.0,33.0,47.0,,33.0,0.9351624780316344,0.4674550966608084,0.9349101933216168,0.5922204696954114,67.0
T2,single_shot,self_test_repair,pair_coin,boot,1138,569,cand_-0.02,569.0,569,betting,deploy_bonf2,0.025,0.025,0.05,0.05,20,10000,0.0,1.0,1.0,0.0,0.0,0.0,0.0,0.0299,1.0,24.0,34.0,47.0,24.0,34.0,47.0,,34.0,0.9316634446397188,0.4657037785588752,0.9314075571177504,0.5900060621772261,69.0
T2,single_shot,self_test_repair,pair_coin,boot,1138,569,cand_-0.02,569.0,569,betting,deploy_bonf2,0.025,0.025,0.05,0.1,10,10000,0.0,1.0,1.0,0.0,0.0,0.0,0.0,0.4286,1.0,22.0,33.0,47.0,22.0,33.0,47.0,,33.0,0.9351624780316344,0.4674550966608084,0.9349101933216168,0.5922204696954114,67.0
T2,single_shot,self_test_repair,pair_coin,boot,1138,569,cand_-0.02,569.0,569,betting,deploy_bonf2,0.025,0.025,0.05,0.1,20,10000,0.0,1.0,1.0,0.0,0.0,0.0,0.0,0.4283,1.0,24.0,34.0,47.0,24.0,34.0,47.0,,34.0,0.9316634446397188,0.4657037785588752,0.9314075571177504,0.5900060621772261,69.0
T2,single_shot,self_test_repair,pair_coin,boot,1138,569,cand_-0.02,569.0,569,betting,deploy_bonf2,0.025,0.025,0.05,0.15,10,10000,0.0,1.0,1.0,0.0,0.0,0.0,0.0,0.9444,1.0,22.0,33.0,47.0,22.0,33.0,47.0,,33.0,0.9351624780316344,0.4674550966608084,0.9349101933216168,0.5922204696954114,67.0
T2,single_shot,self_test_repair,pair_coin,boot,1138,569,cand_-0.02,569.0,569,betting,deploy_bonf2,0.025,0.025,0.05,0.15,20,10000,0.0,1.0,1.0,0.0,0.0,0.0,0.0,0.9444,1.0,24.0,34.0,47.0,24.0,34.0,47.0,,34.0,0.9316634446397188,0.4657037785588752,0.9314075571177504,0.5900060621772261,69.0
T2,single_shot,self_test_repair,pair_coin,boot,1138,569,cand_-0.02,569.0,569,betting,twosided_equal,0.025,0.025,0.025,0.03,10,10000,0.0,1.0,1.0,0.0,0.0,0.0,0.0,0.0056,1.0,26.0,39.0,53.0,26.0,39.0,53.0,,39.0,0.925296748681898,0.4625198594024605,0.925039718804921,0.5859592407904042,79.0
T2,single_shot,self_test_repair,pair_coin,boot,1138,569,cand_-0.02,569.0,569,betting,twosided_equal,0.025,0.025,0.025,0.03,20,10000,0.0,1.0,1.0,0.0,0.0,0.0,0.0,0.0056,1.0,27.0,39.0,53.0,27.0,39.0,53.0,,39.0,0.9235881370826012,0.4616658172231986,0.9233316344463972,0.5848824764770177,80.0
T2,single_shot,self_test_repair,pair_coin,boot,1138,569,cand_-0.02,569.0,569,betting,twosided_equal,0.025,0.025,0.025,0.05,10,10000,0.0,1.0,1.0,0.0,0.0,0.0,0.0,0.0301,1.0,26.0,39.0,53.0,26.0,39.0,53.0,,39.0,0.925296748681898,0.4625198594024605,0.925039718804921,0.5859592407904042,79.0
T2,single_shot,self_test_repair,pair_coin,boot,1138,569,cand_-0.02,569.0,569,betting,twosided_equal,0.025,0.025,0.025,0.05,20,10000,0.0,1.0,1.0,0.0,0.0,0.0,0.0,0.0299,1.0,27.0,39.0,53.0,27.0,39.0,53.0,,39.0,0.9235881370826012,0.4616658172231986,0.9233316344463972,0.5848824764770177,80.0
T2,single_shot,self_test_repair,pair_coin,boot,1138,569,cand_-0.02,569.0,569,betting,twosided_equal,0.025,0.025,0.025,0.1,10,10000,0.0,1.0,1.0,0.0,0.0,0.0,0.0,0.4286,1.0,26.0,39.0,53.0,26.0,39.0,53.0,,39.0,0.925296748681898,0.4625198594024605,0.925039718804921,0.5859592407904042,79.0
T2,single_shot,self_test_repair,pair_coin,boot,1138,569,cand_-0.02,569.0,569,betting,twosided_equal,0.025,0.025,0.025,0.1,20,10000,0.0,1.0,1.0,0.0,0.0,0.0,0.0,0.4283,1.0,27.0,39.0,53.0,27.0,39.0,53.0,,39.0,0.9235881370826012,0.4616658172231986,0.9233316344463972,0.5848824764770177,80.0
T2,single_shot,self_test_repair,pair_coin,boot,1138,569,cand_-0.02,569.0,569,betting,twosided_equal,0.025,0.025,0.025,0.15,10,10000,0.0,1.0,1.0,0.0,0.0,0.0,0.0,0.9444,1.0,26.0,39.0,53.0,26.0,39.0,53.0,,39.0,0.925296748681898,0.4625198594024605,0.925039718804921,0.5859592407904042,79.0
T2,single_shot,self_test_repair,pair_coin,boot,1138,569,cand_-0.02,569.0,569,betting,twosided_equal,0.025,0.025,0.025,0.15,20,10000,0.0,1.0,1.0,0.0,0.0,0.0,0.0,0.9444,1.0,27.0,39.0,53.0,27.0,39.0,53.0,,39.0,0.9235881370826012,0.4616658172231986,0.9233316344463972,0.5848824764770177,80.0
T2,single_shot,self_test_repair,pair_coin,boot,1138,569,cand_-0.02,569.0,569,betting,bonf3,0.0166666666666666,0.0166666666666666,0.0166666666666666,0.03,10,10000,0.0,1.0,1.0,0.0,0.0,0.0,0.0,0.0038,1.0,27.0,41.0,57.0,27.0,41.0,57.0,,41.0,0.9206293497363796,0.4601869947275923,0.9203739894551846,0.5830008600017476,84.0
T2,single_shot,self_test_repair,pair_coin,boot,1138,569,cand_-0.02,569.0,569,betting,bonf3,0.0166666666666666,0.0166666666666666,0.0166666666666666,0.03,20,10000,0.0,1.0,1.0,0.0,0.0,0.0,0.0,0.0038,1.0,28.0,41.0,57.0,28.0,41.0,57.0,,41.0,0.9187191564147628,0.4592324253075571,0.9184648506151142,0.581794700584007,85.0
T2,single_shot,self_test_repair,pair_coin,boot,1138,569,cand_-0.02,569.0,569,betting,bonf3,0.0166666666666666,0.0166666666666666,0.0166666666666666,0.05,10,10000,0.0,1.0,1.0,0.0,0.0,0.0,0.0,0.0203,1.0,27.0,41.0,57.0,27.0,41.0,57.0,,41.0,0.9206293497363796,0.4601869947275923,0.9203739894551846,0.5830008600017476,84.0
T2,single_shot,self_test_repair,pair_coin,boot,1138,569,cand_-0.02,569.0,569,betting,bonf3,0.0166666666666666,0.0166666666666666,0.0166666666666666,0.05,20,10000,0.0,1.0,1.0,0.0,0.0,0.0,0.0,0.0203,1.0,28.0,41.0,57.0,28.0,41.0,57.0,,41.0,0.9187191564147628,0.4592324253075571,0.9184648506151142,0.581794700584007,85.0
T2,single_shot,self_test_repair,pair_coin,boot,1138,569,cand_-0.02,569.0,569,betting,bonf3,0.0166666666666666,0.0166666666666666,0.0166666666666666,0.1,10,10000,0.0,1.0,1.0,0.0,0.0,0.0,0.0,0.3715,1.0,27.0,41.0,57.0,27.0,41.0,57.0,,41.0,0.9206293497363796,0.4601869947275923,0.9203739894551846,0.5830008600017476,84.0
T2,single_shot,self_test_repair,pair_coin,boot,1138,569,cand_-0.02,569.0,569,betting,bonf3,0.0166666666666666,0.0166666666666666,0.0166666666666666,0.1,20,10000,0.0,1.0,1.0,0.0,0.0,0.0,0.0,0.3713,1.0,28.0,41.0,57.0,28.0,41.0,57.0,,41.0,0.9187191564147628,0.4592324253075571,0.9184648506151142,0.581794700584007,85.0
T2,single_shot,self_test_repair,pair_coin,boot,1138,569,cand_-0.02,569.0,569,betting,bonf3,0.0166666666666666,0.0166666666666666,0.0166666666666666,0.15,10,10000,0.0,1.0,1.0,0.0,0.0,0.0,0.0,0.9272,1.0,27.0,41.0,57.0,27.0,41.0,57.0,,41.0,0.9206293497363796,0.4601869947275923,0.9203739894551846,0.5830008600017476,84.0
T2,single_shot,self_test_repair,pair_coin,boot,1138,569,cand_-0.02,569.0,569,betting,bonf3,0.0166666666666666,0.0166666666666666,0.0166666666666666,0.15,20,10000,0.0,1.0,1.0,0.0,0.0,0.0,0.0,0.9272,1.0,28.0,41.0,57.0,28.0,41.0,57.0,,41.0,0.9187191564147628,0.4592324253075571,0.9184648506151142,0.581794700584007,85.0
T2,single_shot,self_test_repair,pair_coin,boot,1138,569,cand_+0.02,569.0,569,betting,nosplit_iut,0.05,0.05,0.05,0.03,10,10000,0.0,1.0,1.0,0.0,0.0,0.0,0.0,0.1734,1.0,22.0,35.0,50.0,22.0,35.0,50.0,,35.0,0.9307014938488576,0.4652210896309314,0.9304421792618628,0.5896327924151379,73.0
T2,single_shot,self_test_repair,pair_coin,boot,1138,569,cand_+0.02,569.0,569,betting,nosplit_iut,0.05,0.05,0.05,0.03,20,10000,0.0,1.0,1.0,0.0,0.0,0.0,0.0,0.1732,1.0,24.0,36.0,51.0,24.0,36.0,51.0,,36.0,0.9274956063268892,0.4636156414762741,0.9272312829525484,0.5875789985116784,74.0
T2,single_shot,self_test_repair,pair_coin,boot,1138,569,cand_+0.02,569.0,569,betting,nosplit_iut,0.05,0.05,0.05,0.05,10,10000,0.0,1.0,1.0,0.0,0.0,0.0,0.0,0.4126,1.0,22.0,35.0,50.0,22.0,35.0,50.0,,35.0,0.9307014938488576,0.4652210896309314,0.9304421792618628,0.5896327924151379,73.0
T2,single_shot,self_test_repair,pair_coin,boot,1138,569,cand_+0.02,569.0,569,betting,nosplit_iut,0.05,0.05,0.05,0.05,20,10000,0.0,1.0,1.0,0.0,0.0,0.0,0.0,0.4118,1.0,24.0,36.0,51.0,24.0,36.0,51.0,,36.0,0.9274956063268892,0.4636156414762741,0.9272312829525484,0.5875789985116784,74.0
T2,single_shot,self_test_repair,pair_coin,boot,1138,569,cand_+0.02,569.0,569,betting,nosplit_iut,0.05,0.05,0.05,0.1,10,10000,0.0,1.0,1.0,0.0,0.0,0.0,0.0,0.945,1.0,22.0,35.0,50.0,22.0,35.0,50.0,,35.0,0.9307014938488576,0.4652210896309314,0.9304421792618628,0.5896327924151379,73.0
T2,single_shot,self_test_repair,pair_coin,boot,1138,569,cand_+0.02,569.0,569,betting,nosplit_iut,0.05,0.05,0.05,0.1,20,10000,0.0,1.0,1.0,0.0,0.0,0.0,0.0,0.945,1.0,24.0,36.0,51.0,24.0,36.0,51.0,,36.0,0.9274956063268892,0.4636156414762741,0.9272312829525484,0.5875789985116784,74.0
T2,single_shot,self_test_repair,pair_coin,boot,1138,569,cand_+0.02,569.0,569,betting,nosplit_iut,0.05,0.05,0.05,0.15,10,10000,0.0,1.0,1.0,0.0,0.0,0.0,0.0,1.0,1.0,22.0,35.0,50.0,22.0,35.0,50.0,,35.0,0.9307014938488576,0.4652210896309314,0.9304421792618628,0.5896327924151379,73.0
T2,single_shot,self_test_repair,pair_coin,boot,1138,569,cand_+0.02,569.0,569,betting,nosplit_iut,0.05,0.05,0.05,0.15,20,10000,0.0,1.0,1.0,0.0,0.0,0.0,0.0,1.0,1.0,24.0,36.0,51.0,24.0,36.0,51.0,,36.0,0.9274956063268892,0.4636156414762741,0.9272312829525484,0.5875789985116784,74.0
T2,single_shot,self_test_repair,pair_coin,boot,1138,569,cand_+0.02,569.0,569,betting,deploy_bonf2,0.025,0.025,0.05,0.03,10,10000,0.0,1.0,1.0,0.0,0.0,0.0,0.0,0.1149,1.0,22.0,35.0,50.0,22.0,35.0,50.0,,35.0,0.9307014938488576,0.4652210896309314,0.9304421792618628,0.5896327924151379,73.0
T2,single_shot,self_test_repair,pair_coin,boot,1138,569,cand_+0.02,569.0,569,betting,deploy_bonf2,0.025,0.025,0.05,0.03,20,10000,0.0,1.0,1.0,0.0,0.0,0.0,0.0,0.1149,1.0,24.0,36.0,51.0,24.0,36.0,51.0,,36.0,0.9274956063268892,0.4636156414762741,0.9272312829525484,0.5875789985116784,74.0
T2,single_shot,self_test_repair,pair_coin,boot,1138,569,cand_+0.02,569.0,569,betting,deploy_bonf2,0.025,0.025,0.05,0.05,10,10000,0.0,1.0,1.0,0.0,0.0,0.0,0.0,0.3171,1.0,22.0,35.0,50.0,22.0,35.0,50.0,,35.0,0.9307014938488576,0.4652210896309314,0.9304421792618628,0.5896327924151379,73.0
T2,single_shot,self_test_repair,pair_coin,boot,1138,569,cand_+0.02,569.0,569,betting,deploy_bonf2,0.025,0.025,0.05,0.05,20,10000,0.0,1.0,1.0,0.0,0.0,0.0,0.0,0.3169,1.0,24.0,36.0,51.0,24.0,36.0,51.0,,36.0,0.9274956063268892,0.4636156414762741,0.9272312829525484,0.5875789985116784,74.0
T2,single_shot,self_test_repair,pair_coin,boot,1138,569,cand_+0.02,569.0,569,betting,deploy_bonf2,0.025,0.025,0.05,0.1,10,10000,0.0,1.0,1.0,0.0,0.0,0.0,0.0,0.9107,1.0,22.0,35.0,50.0,22.0,35.0,50.0,,35.0,0.9307014938488576,0.4652210896309314,0.9304421792618628,0.5896327924151379,73.0
T2,single_shot,self_test_repair,pair_coin,boot,1138,569,cand_+0.02,569.0,569,betting,deploy_bonf2,0.025,0.025,0.05,0.1,20,10000,0.0,1.0,1.0,0.0,0.0,0.0,0.0,0.9106,1.0,24.0,36.0,51.0,24.0,36.0,51.0,,36.0,0.9274956063268892,0.4636156414762741,0.9272312829525484,0.5875789985116784,74.0
T2,single_shot,self_test_repair,pair_coin,boot,1138,569,cand_+0.02,569.0,569,betting,deploy_bonf2,0.025,0.025,0.05,0.15,10,10000,0.0,1.0,1.0,0.0,0.0,0.0,0.0,0.9995,1.0,22.0,35.0,50.0,22.0,35.0,50.0,,35.0,0.9307014938488576,0.4652210896309314,0.9304421792618628,0.5896327924151379,73.0
T2,single_shot,self_test_repair,pair_coin,boot,1138,569,cand_+0.02,569.0,569,betting,deploy_bonf2,0.025,0.025,0.05,0.15,20,10000,0.0,1.0,1.0,0.0,0.0,0.0,0.0,0.9995,1.0,24.0,36.0,51.0,24.0,36.0,51.0,,36.0,0.9274956063268892,0.4636156414762741,0.9272312829525484,0.5875789985116784,74.0
T2,single_shot,self_test_repair,pair_coin,boot,1138,569,cand_+0.02,569.0,569,betting,twosided_equal,0.025,0.025,0.025,0.03,10,10000,0.0,1.0,1.0,0.0,0.0,0.0,0.0,0.1149,1.0,27.0,41.0,57.0,27.0,41.0,57.0,,41.0,0.9203977152899824,0.4600701230228471,0.9201402460456942,0.5831200009368078,83.0
T2,single_shot,self_test_repair,pair_coin,boot,1138,569,cand_+0.02,569.0,569,betting,twosided_equal,0.025,0.025,0.025,0.03,20,10000,0.0,1.0,1.0,0.0,0.0,0.0,0.0,0.1149,1.0,28.0,41.0,58.0,28.0,41.0,58.0,,41.0,0.918742618629174,0.459243057996485,0.91848611599297,0.5820558539459804,84.0
T2,single_shot,self_test_repair,pair_coin,boot,1138,569,cand_+0.02,569.0,569,betting,twosided_equal,0.025,0.025,0.025,0.05,10,10000,0.0,1.0,1.0,0.0,0.0,0.0,0.0,0.3171,1.0,27.0,41.0,57.0,27.0,41.0,57.0,,41.0,0.9203977152899824,0.4600701230228471,0.9201402460456942,0.5831200009368078,83.0
T2,single_shot,self_test_repair,pair_coin,boot,1138,569,cand_+0.02,569.0,569,betting,twosided_equal,0.025,0.025,0.025,0.05,20,10000,0.0,1.0,1.0,0.0,0.0,0.0,0.0,0.3169,1.0,28.0,41.0,58.0,28.0,41.0,58.0,,41.0,0.918742618629174,0.459243057996485,0.91848611599297,0.5820558539459804,84.0
T2,single_shot,self_test_repair,pair_coin,boot,1138,569,cand_+0.02,569.0,569,betting,twosided_equal,0.025,0.025,0.025,0.1,10,10000,0.0,1.0,1.0,0.0,0.0,0.0,0.0,0.9107,1.0,27.0,41.0,57.0,27.0,41.0,57.0,,41.0,0.9203977152899824,0.4600701230228471,0.9201402460456942,0.5831200009368078,83.0
T2,single_shot,self_test_repair,pair_coin,boot,1138,569,cand_+0.02,569.0,569,betting,twosided_equal,0.025,0.025,0.025,0.1,20,10000,0.0,1.0,1.0,0.0,0.0,0.0,0.0,0.9106,1.0,28.0,41.0,58.0,28.0,41.0,58.0,,41.0,0.918742618629174,0.459243057996485,0.91848611599297,0.5820558539459804,84.0
T2,single_shot,self_test_repair,pair_coin,boot,1138,569,cand_+0.02,569.0,569,betting,twosided_equal,0.025,0.025,0.025,0.15,10,10000,0.0,1.0,1.0,0.0,0.0,0.0,0.0,0.9995,1.0,27.0,41.0,57.0,27.0,41.0,57.0,,41.0,0.9203977152899824,0.4600701230228471,0.9201402460456942,0.5831200009368078,83.0
T2,single_shot,self_test_repair,pair_coin,boot,1138,569,cand_+0.02,569.0,569,betting,twosided_equal,0.025,0.025,0.025,0.15,20,10000,0.0,1.0,1.0,0.0,0.0,0.0,0.0,0.9995,1.0,28.0,41.0,58.0,28.0,41.0,58.0,,41.0,0.918742618629174,0.459243057996485,0.91848611599297,0.5820558539459804,84.0
T2,single_shot,self_test_repair,pair_coin,boot,1138,569,cand_+0.02,569.0,569,betting,bonf3,0.0166666666666666,0.0166666666666666,0.0166666666666666,0.03,10,10000,0.0,1.0,1.0,0.0,0.0,0.0,0.0,0.0899,1.0,28.0,44.0,62.0,28.0,44.0,62.0,,44.0,0.9153151142355008,0.4575255711775043,0.9150511423550088,0.5799089875408197,89.0
T2,single_shot,self_test_repair,pair_coin,boot,1138,569,cand_+0.02,569.0,569,betting,bonf3,0.0166666666666666,0.0166666666666666,0.0166666666666666,0.03,20,10000,0.0,1.0,1.0,0.0,0.0,0.0,0.0,0.0899,1.0,30.0,44.0,62.0,30.0,44.0,62.0,,44.0,0.9134718804920914,0.4566053602811951,0.9132107205623902,0.5787258873297385,90.0
T2,single_shot,self_test_repair,pair_coin,boot,1138,569,cand_+0.02,569.0,569,betting,bonf3,0.0166666666666666,0.0166666666666666,0.0166666666666666,0.05,10,10000,0.0,1.0,1.0,0.0,0.0,0.0,0.0,0.2682,1.0,28.0,44.0,62.0,28.0,44.0,62.0,,44.0,0.9153151142355008,0.4575255711775043,0.9150511423550088,0.5799089875408197,89.0
T2,single_shot,self_test_repair,pair_coin,boot,1138,569,cand_+0.02,569.0,569,betting,bonf3,0.0166666666666666,0.0166666666666666,0.0166666666666666,0.05,20,10000,0.0,1.0,1.0,0.0,0.0,0.0,0.0,0.2682,1.0,30.0,44.0,62.0,30.0,44.0,62.0,,44.0,0.9134718804920914,0.4566053602811951,0.9132107205623902,0.5787258873297385,90.0
T2,single_shot,self_test_repair,pair_coin,boot,1138,569,cand_+0.02,569.0,569,betting,bonf3,0.0166666666666666,0.0166666666666666,0.0166666666666666,0.1,10,10000,0.0,1.0,1.0,0.0,0.0,0.0,0.0,0.8896,1.0,28.0,44.0,62.0,28.0,44.0,62.0,,44.0,0.9153151142355008,0.4575255711775043,0.9150511423550088,0.5799089875408197,89.0
T2,single_shot,self_test_repair,pair_coin,boot,1138,569,cand_+0.02,569.0,569,betting,bonf3,0.0166666666666666,0.0166666666666666,0.0166666666666666,0.1,20,10000,0.0,1.0,1.0,0.0,0.0,0.0,0.0,0.8896,1.0,30.0,44.0,62.0,30.0,44.0,62.0,,44.0,0.9134718804920914,0.4566053602811951,0.9132107205623902,0.5787258873297385,90.0
T2,single_shot,self_test_repair,pair_coin,boot,1138,569,cand_+0.02,569.0,569,betting,bonf3,0.0166666666666666,0.0166666666666666,0.0166666666666666,0.15,10,10000,0.0,1.0,1.0,0.0,0.0,0.0,0.0,0.9989,1.0,28.0,44.0,62.0,28.0,44.0,62.0,,44.0,0.9153151142355008,0.4575255711775043,0.9150511423550088,0.5799089875408197,89.0
T2,single_shot,self_test_repair,pair_coin,boot,1138,569,cand_+0.02,569.0,569,betting,bonf3,0.0166666666666666,0.0166666666666666,0.0166666666666666,0.15,20,10000,0.0,1.0,1.0,0.0,0.0,0.0,0.0,0.9989,1.0,30.0,44.0,62.0,30.0,44.0,62.0,,44.0,0.9134718804920914,0.4566053602811951,0.9132107205623902,0.5787258873297385,90.0
T2,single_shot,self_test_repair,pair_coin,boot,1138,569,predictive,569.0,569,betting,nosplit_iut,0.05,0.05,0.05,0.03,10,10000,0.0,1.0,1.0,0.0,0.0,0.0,0.0,0.079,1.0,22.0,34.0,48.0,22.0,34.0,48.0,,34.0,0.933216432337434,0.4664860281195079,0.9329720562390158,0.5910414808785134,69.0
T2,single_shot,self_test_repair,pair_coin,boot,1138,569,predictive,569.0,569,betting,nosplit_iut,0.05,0.05,0.05,0.03,20,10000,0.0,1.0,1.0,0.0,0.0,0.0,0.0,0.0789,1.0,24.0,34.0,49.0,24.0,34.0,49.0,,34.0,0.9299026362038664,0.464827855887522,0.929655711775044,0.5889174122054546,71.0
T2,single_shot,self_test_repair,pair_coin,boot,1138,569,predictive,569.0,569,betting,nosplit_iut,0.05,0.05,0.05,0.05,10,10000,0.0,1.0,1.0,0.0,0.0,0.0,0.0,0.2047,1.0,22.0,34.0,48.0,22.0,34.0,48.0,,34.0,0.933216432337434,0.4664860281195079,0.9329720562390158,0.5910414808785134,69.0
T2,single_shot,self_test_repair,pair_coin,boot,1138,569,predictive,569.0,569,betting,nosplit_iut,0.05,0.05,0.05,0.05,20,10000,0.0,1.0,1.0,0.0,0.0,0.0,0.0,0.2045,1.0,24.0,34.0,49.0,24.0,34.0,49.0,,34.0,0.9299026362038664,0.464827855887522,0.929655711775044,0.5889174122054546,71.0
T2,single_shot,self_test_repair,pair_coin,boot,1138,569,predictive,569.0,569,betting,nosplit_iut,0.05,0.05,0.05,0.1,10,10000,0.0,1.0,1.0,0.0,0.0,0.0,0.0,0.7577,1.0,22.0,34.0,48.0,22.0,34.0,48.0,,34.0,0.933216432337434,0.4664860281195079,0.9329720562390158,0.5910414808785134,69.0
T2,single_shot,self_test_repair,pair_coin,boot,1138,569,predictive,569.0,569,betting,nosplit_iut,0.05,0.05,0.05,0.1,20,10000,0.0,1.0,1.0,0.0,0.0,0.0,0.0,0.7576,1.0,24.0,34.0,49.0,24.0,34.0,49.0,,34.0,0.9299026362038664,0.464827855887522,0.929655711775044,0.5889174122054546,71.0
T2,single_shot,self_test_repair,pair_coin,boot,1138,569,predictive,569.0,569,betting,nosplit_iut,0.05,0.05,0.05,0.15,10,10000,0.0,1.0,1.0,0.0,0.0,0.0,0.0,0.9876,1.0,22.0,34.0,48.0,22.0,34.0,48.0,,34.0,0.933216432337434,0.4664860281195079,0.9329720562390158,0.5910414808785134,69.0
T2,single_shot,self_test_repair,pair_coin,boot,1138,569,predictive,569.0,569,betting,nosplit_iut,0.05,0.05,0.05,0.15,20,10000,0.0,1.0,1.0,0.0,0.0,0.0,0.0,0.9876,1.0,24.0,34.0,49.0,24.0,34.0,49.0,,34.0,0.9299026362038664,0.464827855887522,0.929655711775044,0.5889174122054546,71.0
T2,single_shot,self_test_repair,pair_coin,boot,1138,569,predictive,569.0,569,betting,deploy_bonf2,0.025,0.025,0.05,0.03,10,10000,0.0,1.0,1.0,0.0,0.0,0.0,0.0,0.0487,1.0,22.0,34.0,48.0,22.0,34.0,48.0,,34.0,0.933216432337434,0.4664860281195079,0.9329720562390158,0.5910414808785134,69.0
T2,single_shot,self_test_repair,pair_coin,boot,1138,569,predictive,569.0,569,betting,deploy_bonf2,0.025,0.025,0.05,0.03,20,10000,0.0,1.0,1.0,0.0,0.0,0.0,0.0,0.0487,1.0,24.0,34.0,49.0,24.0,34.0,49.0,,34.0,0.9299026362038664,0.464827855887522,0.929655711775044,0.5889174122054546,71.0
T2,single_shot,self_test_repair,pair_coin,boot,1138,569,predictive,569.0,569,betting,deploy_bonf2,0.025,0.025,0.05,0.05,10,10000,0.0,1.0,1.0,0.0,0.0,0.0,0.0,0.1455,1.0,22.0,34.0,48.0,22.0,34.0,48.0,,34.0,0.933216432337434,0.4664860281195079,0.9329720562390158,0.5910414808785134,69.0
T2,single_shot,self_test_repair,pair_coin,boot,1138,569,predictive,569.0,569,betting,deploy_bonf2,0.025,0.025,0.05,0.05,20,10000,0.0,1.0,1.0,0.0,0.0,0.0,0.0,0.1455,1.0,24.0,34.0,49.0,24.0,34.0,49.0,,34.0,0.9299026362038664,0.464827855887522,0.929655711775044,0.5889174122054546,71.0
T2,single_shot,self_test_repair,pair_coin,boot,1138,569,predictive,569.0,569,betting,deploy_bonf2,0.025,0.025,0.05,0.1,10,10000,0.0,1.0,1.0,0.0,0.0,0.0,0.0,0.6868,1.0,22.0,34.0,48.0,22.0,34.0,48.0,,34.0,0.933216432337434,0.4664860281195079,0.9329720562390158,0.5910414808785134,69.0
T2,single_shot,self_test_repair,pair_coin,boot,1138,569,predictive,569.0,569,betting,deploy_bonf2,0.025,0.025,0.05,0.1,20,10000,0.0,1.0,1.0,0.0,0.0,0.0,0.0,0.6868,1.0,24.0,34.0,49.0,24.0,34.0,49.0,,34.0,0.9299026362038664,0.464827855887522,0.929655711775044,0.5889174122054546,71.0
T2,single_shot,self_test_repair,pair_coin,boot,1138,569,predictive,569.0,569,betting,deploy_bonf2,0.025,0.025,0.05,0.15,10,10000,0.0,1.0,1.0,0.0,0.0,0.0,0.0,0.9804,1.0,22.0,34.0,48.0,22.0,34.0,48.0,,34.0,0.933216432337434,0.4664860281195079,0.9329720562390158,0.5910414808785134,69.0
T2,single_shot,self_test_repair,pair_coin,boot,1138,569,predictive,569.0,569,betting,deploy_bonf2,0.025,0.025,0.05,0.15,20,10000,0.0,1.0,1.0,0.0,0.0,0.0,0.0,0.9804,1.0,24.0,34.0,49.0,24.0,34.0,49.0,,34.0,0.9299026362038664,0.464827855887522,0.929655711775044,0.5889174122054546,71.0
T2,single_shot,self_test_repair,pair_coin,boot,1138,569,predictive,569.0,569,betting,twosided_equal,0.025,0.025,0.025,0.03,10,10000,0.0,1.0,1.0,0.0,0.0,0.0,0.0,0.0487,1.0,26.0,39.0,55.0,26.0,39.0,55.0,,39.0,0.9233681898066785,0.4615609841827768,0.9231219683655536,0.584739076460508,80.0
T2,single_shot,self_test_repair,pair_coin,boot,1138,569,predictive,569.0,569,betting,twosided_equal,0.025,0.025,0.025,0.03,20,10000,0.0,1.0,1.0,0.0,0.0,0.0,0.0,0.0487,1.0,27.0,39.0,55.0,27.0,39.0,55.0,,39.0,0.921670474516696,0.4607100175746924,0.9214200351493848,0.583656519803016,81.0
T2,single_shot,self_test_repair,pair_coin,boot,1138,569,predictive,569.0,569,betting,twosided_equal,0.025,0.025,0.025,0.05,10,10000,0.0,1.0,1.0,0.0,0.0,0.0,0.0,0.1455,1.0,26.0,39.0,55.0,26.0,39.0,55.0,,39.0,0.9233681898066785,0.4615609841827768,0.9231219683655536,0.584739076460508,80.0
T2,single_shot,self_test_repair,pair_coin,boot,1138,569,predictive,569.0,569,betting,twosided_equal,0.025,0.025,0.025,0.05,20,10000,0.0,1.0,1.0,0.0,0.0,0.0,0.0,0.1455,1.0,27.0,39.0,55.0,27.0,39.0,55.0,,39.0,0.921670474516696,0.4607100175746924,0.9214200351493848,0.583656519803016,81.0
T2,single_shot,self_test_repair,pair_coin,boot,1138,569,predictive,569.0,569,betting,twosided_equal,0.025,0.025,0.025,0.1,10,10000,0.0,1.0,1.0,0.0,0.0,0.0,0.0,0.6868,1.0,26.0,39.0,55.0,26.0,39.0,55.0,,39.0,0.9233681898066785,0.4615609841827768,0.9231219683655536,0.584739076460508,80.0
T2,single_shot,self_test_repair,pair_coin,boot,1138,569,predictive,569.0,569,betting,twosided_equal,0.025,0.025,0.025,0.1,20,10000,0.0,1.0,1.0,0.0,0.0,0.0,0.0,0.6868,1.0,27.0,39.0,55.0,27.0,39.0,55.0,,39.0,0.921670474516696,0.4607100175746924,0.9214200351493848,0.583656519803016,81.0
T2,single_shot,self_test_repair,pair_coin,boot,1138,569,predictive,569.0,569,betting,twosided_equal,0.025,0.025,0.025,0.15,10,10000,0.0,1.0,1.0,0.0,0.0,0.0,0.0,0.9804,1.0,26.0,39.0,55.0,26.0,39.0,55.0,,39.0,0.9233681898066785,0.4615609841827768,0.9231219683655536,0.584739076460508,80.0
T2,single_shot,self_test_repair,pair_coin,boot,1138,569,predictive,569.0,569,betting,twosided_equal,0.025,0.025,0.025,0.15,20,10000,0.0,1.0,1.0,0.0,0.0,0.0,0.0,0.9804,1.0,27.0,39.0,55.0,27.0,39.0,55.0,,39.0,0.921670474516696,0.4607100175746924,0.9214200351493848,0.583656519803016,81.0
T2,single_shot,self_test_repair,pair_coin,boot,1138,569,predictive,569.0,569,betting,bonf3,0.0166666666666666,0.0166666666666666,0.0166666666666666,0.03,10,10000,0.0,1.0,1.0,0.0,0.0,0.0,0.0,0.0383,1.0,28.0,42.0,59.0,28.0,42.0,59.0,,42.0,0.9186222319859404,0.459186467486819,0.918372934973638,0.5817150427735773,85.0
T2,single_shot,self_test_repair,pair_coin,boot,1138,569,predictive,569.0,569,betting,bonf3,0.0166666666666666,0.0166666666666666,0.0166666666666666,0.03,20,10000,0.0,1.0,1.0,0.0,0.0,0.0,0.0,0.0383,1.0,29.0,42.0,59.0,29.0,42.0,59.0,,42.0,0.9167165202108964,0.4582313708260105,0.9164627416520212,0.5804964736162508,86.0
T2,single_shot,self_test_repair,pair_coin,boot,1138,569,predictive,569.0,569,betting,bonf3,0.0166666666666666,0.0166666666666666,0.0166666666666666,0.05,10,10000,0.0,1.0,1.0,0.0,0.0,0.0,0.0,0.122,1.0,28.0,42.0,59.0,28.0,42.0,59.0,,42.0,0.9186222319859404,0.459186467486819,0.918372934973638,0.5817150427735773,85.0
T2,single_shot,self_test_repair,pair_coin,boot,1138,569,predictive,569.0,569,betting,bonf3,0.0166666666666666,0.0166666666666666,0.0166666666666666,0.05,20,10000,0.0,1.0,1.0,0.0,0.0,0.0,0.0,0.122,1.0,29.0,42.0,59.0,29.0,42.0,59.0,,42.0,0.9167165202108964,0.4582313708260105,0.9164627416520212,0.5804964736162508,86.0
T2,single_shot,self_test_repair,pair_coin,boot,1138,569,predictive,569.0,569,betting,bonf3,0.0166666666666666,0.0166666666666666,0.0166666666666666,0.1,10,10000,0.0,1.0,1.0,0.0,0.0,0.0,0.0,0.6443,1.0,28.0,42.0,59.0,28.0,42.0,59.0,,42.0,0.9186222319859404,0.459186467486819,0.918372934973638,0.5817150427735773,85.0
T2,single_shot,self_test_repair,pair_coin,boot,1138,569,predictive,569.0,569,betting,bonf3,0.0166666666666666,0.0166666666666666,0.0166666666666666,0.1,20,10000,0.0,1.0,1.0,0.0,0.0,0.0,0.0,0.6443,1.0,29.0,42.0,59.0,29.0,42.0,59.0,,42.0,0.9167165202108964,0.4582313708260105,0.9164627416520212,0.5804964736162508,86.0
T2,single_shot,self_test_repair,pair_coin,boot,1138,569,predictive,569.0,569,betting,bonf3,0.0166666666666666,0.0166666666666666,0.0166666666666666,0.15,10,10000,0.0,1.0,1.0,0.0,0.0,0.0,0.0,0.9749,1.0,28.0,42.0,59.0,28.0,42.0,59.0,,42.0,0.9186222319859404,0.459186467486819,0.918372934973638,0.5817150427735773,85.0
T2,single_shot,self_test_repair,pair_coin,boot,1138,569,predictive,569.0,569,betting,bonf3,0.0166666666666666,0.0166666666666666,0.0166666666666666,0.15,20,10000,0.0,1.0,1.0,0.0,0.0,0.0,0.0,0.9748,1.0,29.0,42.0,59.0,29.0,42.0,59.0,,42.0,0.9167165202108964,0.4582313708260105,0.9164627416520212,0.5804964736162508,86.0
