scenario,rule,event,replicate,first_crossing_runs_per_arm,noncompliant_a,noncompliant_b,u_compliance,variance_estimate,statistic,boundary,statistic_kind
compliance_boundary,allpairs_asympcs_projection_gaussian,false rejection of the component compliance gate (first crossing),0,300,0,1,0.0033333333333332993,1.1111111111111146e-05,-0.006099293065164107,-0.01,CS lower bound vs threshold
compliance_boundary,allpairs_asympcs_projection_gaussian,false rejection of the component compliance gate (first crossing),4,200,0,1,0.0050000000000000044,2.5000000000000113e-05,-0.009646612185822046,-0.01,CS lower bound vs threshold
compliance_boundary,allpairs_asympcs_projection_gaussian,false rejection of the component compliance gate (first crossing),9,600,2,2,0.0,1.109256167686889e-05,-0.009214925379439609,-0.01,CS lower bound vs threshold
compliance_boundary,allpairs_asympcs_projection_gaussian,false rejection of the component compliance gate (first crossing),21,300,1,5,0.01333333333333342,6.592344853214444e-05,-0.009642636222520044,-0.01,CS lower bound vs threshold
compliance_boundary,allpairs_asympcs_projection_gaussian,false rejection of the component compliance gate (first crossing),22,500,2,4,0.0040000000000000036,2.388777555110235e-05,-0.009553473067368444,-0.01,CS lower bound vs threshold
compliance_boundary,allpairs_asympcs_projection_gaussian,false rejection of the component compliance gate (first crossing),34,400,1,3,0.0050000000000000044,2.490601503759342e-05,-0.00892369523836457,-0.01,CS lower bound vs threshold
compliance_boundary,allpairs_asympcs_projection_gaussian,false rejection of the component compliance gate (first crossing),70,1000,5,3,-0.0020000000000000018,7.973973973973868e-06,-0.009842045789582761,-0.01,CS lower bound vs threshold
compliance_boundary,allpairs_asympcs_projection_gaussian,false rejection of the component compliance gate (first crossing),76,200,0,1,0.0050000000000000044,2.5000000000000113e-05,-0.009646612185822046,-0.01,CS lower bound vs threshold
compliance_boundary,allpairs_asympcs_projection_gaussian,false rejection of the component compliance gate (first crossing),94,600,4,8,0.006666666666666599,3.301799295121501e-05,-0.009231653250069308,-0.01,CS lower bound vs threshold
compliance_boundary,allpairs_asympcs_projection_gaussian,false rejection of the component compliance gate (first crossing),98,700,3,3,0.0,1.2209862485766952e-05,-0.009665051725621219,-0.01,CS lower bound vs threshold
compliance_boundary,allpairs_asympcs_projection_gaussian,false rejection of the component compliance gate (first crossing),114,350,1,4,0.008571428571428563,4.053564119057395e-05,-0.009291804541536584,-0.01,CS lower bound vs threshold
compliance_boundary,allpairs_asympcs_projection_gaussian,false rejection of the component compliance gate (first crossing),168,5700,62,34,-0.0049122807017544234,2.9282701802884437e-06,-0.00999461180342152,-0.01,CS lower bound vs threshold
compliance_boundary,allpairs_asympcs_projection_gaussian,false rejection of the component compliance gate (first crossing),173,9750,113,55,-0.005948717948717985,1.7503975693928282e-06,-0.009981666041512832,-0.01,CS lower bound vs threshold
compliance_boundary,allpairs_asympcs_projection_gaussian,false rejection of the component compliance gate (first crossing),195,1050,7,7,0.0,1.262578116724931e-05,-0.009877460667182897,-0.01,CS lower bound vs threshold
compliance_boundary,allpairs_asympcs_projection_gaussian,false rejection of the component compliance gate (first crossing),269,250,0,2,0.008000000000000007,3.1871485943775244e-05,-0.008188575646545068,-0.01,CS lower bound vs threshold
compliance_boundary,allpairs_asympcs_projection_gaussian,false rejection of the component compliance gate (first crossing),281,200,0,1,0.0050000000000000044,2.5000000000000113e-05,-0.009646612185822046,-0.01,CS lower bound vs threshold
compliance_boundary,allpairs_asympcs_projection_gaussian,false rejection of the component compliance gate (first crossing),317,1200,8,7,-0.0008333333333333526,1.0359906403484485e-05,-0.00980857266482852,-0.01,CS lower bound vs threshold
compliance_boundary,allpairs_asympcs_projection_gaussian,false rejection of the component compliance gate (first crossing),320,400,1,1,0.0,1.2499999999999318e-05,-0.009864098319507832,-0.01,CS lower bound vs threshold
compliance_boundary,allpairs_asympcs_projection_gaussian,false rejection of the component compliance gate (first crossing),337,650,4,8,0.006153846153846176,2.8154374960111796e-05,-0.0085221559305462,-0.01,CS lower bound vs threshold
compliance_boundary,allpairs_asympcs_projection_gaussian,false rejection of the component compliance gate (first crossing),345,3350,37,27,-0.0029850746268657025,5.648710583536534e-06,-0.00987084146198174,-0.01,CS lower bound vs threshold
compliance_boundary,allpairs_asympcs_projection_gaussian,false rejection of the component compliance gate (first crossing),361,600,3,6,0.0050000000000000044,2.483305509181989e-05,-0.008787672933386828,-0.01,CS lower bound vs threshold
compliance_boundary,allpairs_asympcs_projection_gaussian,false rejection of the component compliance gate (first crossing),377,250,0,1,0.0040000000000000036,1.600000000000015e-05,-0.007470107132458244,-0.01,CS lower bound vs threshold
compliance_boundary,allpairs_asympcs_projection_gaussian,false rejection of the component compliance gate (first crossing),397,400,1,1,0.0,1.2499999999999318e-05,-0.009864098319507832,-0.01,CS lower bound vs threshold
compliance_boundary,allpairs_asympcs_projection_gaussian,false rejection of the component compliance gate (first crossing),405,200,0,1,0.0050000000000000044,2.5000000000000113e-05,-0.009646612185822046,-0.01,CS lower bound vs threshold
compliance_boundary,allpairs_asympcs_projection_gaussian,false rejection of the component compliance gate (first crossing),417,1750,17,16,-0.0005714285714285561,1.0679922054585018e-05,-0.009791199870873036,-0.01,CS lower bound vs threshold
compliance_boundary,allpairs_asympcs_projection_gaussian,false rejection of the component compliance gate (first crossing),429,4350,47,29,-0.004137931034482678,3.980243870289249e-06,-0.009987767567807657,-0.01,CS lower bound vs threshold
compliance_boundary,allpairs_asympcs_projection_gaussian,false rejection of the component compliance gate (first crossing),433,700,3,3,0.0,1.2209862485766952e-05,-0.009665051725621219,-0.01,CS lower bound vs threshold
compliance_boundary,allpairs_asympcs_projection_gaussian,false rejection of the component compliance gate (first crossing),445,2250,23,19,-0.001777777777777767,8.221816006016433e-06,-0.009944863247429957,-0.01,CS lower bound vs threshold
compliance_boundary,allpairs_asympcs_projection_gaussian,false rejection of the component compliance gate (first crossing),453,400,2,6,0.010000000000000009,4.9498746867168133e-05,-0.009629059345057134,-0.01,CS lower bound vs threshold
compliance_boundary,allpairs_asympcs_projection_gaussian,false rejection of the component compliance gate (first crossing),475,1050,8,9,0.0009523809523809268,1.5308824514871054e-05,-0.00992406741374268,-0.01,CS lower bound vs threshold
compliance_boundary,allpairs_asympcs_projection_gaussian,false rejection of the component compliance gate (first crossing),480,850,4,3,-0.0011764705882353343,9.659236798024332e-06,-0.009785467634695498,-0.01,CS lower bound vs threshold
compliance_boundary,allpairs_asympcs_projection_gaussian,false rejection of the component compliance gate (first crossing),496,400,1,3,0.0050000000000000044,2.490601503759342e-05,-0.00892369523836457,-0.01,CS lower bound vs threshold
compliance_boundary,allpairs_asympcs_projection_gaussian,false rejection of the component compliance gate (first crossing),516,400,1,1,0.0,1.2499999999999318e-05,-0.009864098319507832,-0.01,CS lower bound vs threshold
compliance_boundary,allpairs_asympcs_projection_gaussian,false rejection of the component compliance gate (first crossing),544,1050,7,8,0.0009523809523809268,1.352070539051343e-05,-0.009269147808960437,-0.01,CS lower bound vs threshold
compliance_boundary,allpairs_asympcs_projection_gaussian,false rejection of the component compliance gate (first crossing),545,200,0,1,0.0050000000000000044,2.5000000000000113e-05,-0.009646612185822046,-0.01,CS lower bound vs threshold
compliance_boundary,allpairs_asympcs_projection_gaussian,false rejection of the component compliance gate (first crossing),561,400,1,3,0.0050000000000000044,2.490601503759342e-05,-0.00892369523836457,-0.01,CS lower bound vs threshold
compliance_boundary,allpairs_asympcs_projection_gaussian,false rejection of the component compliance gate (first crossing),605,200,0,1,0.0050000000000000044,2.5000000000000113e-05,-0.009646612185822046,-0.01,CS lower bound vs threshold
compliance_boundary,allpairs_asympcs_projection_gaussian,false rejection of the component compliance gate (first crossing),614,400,1,0,-0.0024999999999999467,6.249999999999659e-06,-0.009474970812014764,-0.01,CS lower bound vs threshold
compliance_boundary,allpairs_asympcs_projection_gaussian,false rejection of the component compliance gate (first crossing),626,200,0,1,0.0050000000000000044,2.5000000000000113e-05,-0.009646612185822046,-0.01,CS lower bound vs threshold
compliance_boundary,allpairs_asympcs_projection_gaussian,false rejection of the component compliance gate (first crossing),669,200,0,1,0.0050000000000000044,2.5000000000000113e-05,-0.009646612185822046,-0.01,CS lower bound vs threshold
compliance_boundary,allpairs_asympcs_projection_gaussian,false rejection of the component compliance gate (first crossing),728,400,1,3,0.0050000000000000044,2.490601503759342e-05,-0.00892369523836457,-0.01,CS lower bound vs threshold
compliance_boundary,allpairs_asympcs_projection_gaussian,false rejection of the component compliance gate (first crossing),735,6550,75,42,-0.005038167938931304,2.7012318971125576e-06,-0.009952280559018947,-0.01,CS lower bound vs threshold
compliance_boundary,allpairs_asympcs_projection_gaussian,false rejection of the component compliance gate (first crossing),737,200,0,1,0.0050000000000000044,2.5000000000000113e-05,-0.009646612185822046,-0.01,CS lower bound vs threshold
compliance_boundary,allpairs_asympcs_projection_gaussian,false rejection of the component compliance gate (first crossing),748,800,4,4,0.0,1.2453066332916201e-05,-0.00976865840627761,-0.01,CS lower bound vs threshold
compliance_boundary,allpairs_asympcs_projection_gaussian,false rejection of the component compliance gate (first crossing),772,200,0,1,0.0050000000000000044,2.5000000000000113e-05,-0.009646612185822046,-0.01,CS lower bound vs threshold
compliance_boundary,allpairs_asympcs_projection_gaussian,false rejection of the component compliance gate (first crossing),791,6800,75,40,-0.0051470588235293935,2.4644086933199126e-06,-0.009849324562866168,-0.01,CS lower bound vs threshold
compliance_boundary,allpairs_asympcs_projection_gaussian,false rejection of the component compliance gate (first crossing),793,600,2,1,-0.0016666666666665941,8.324058616212226e-06,-0.009649250009833505,-0.01,CS lower bound vs threshold
compliance_boundary,allpairs_asympcs_projection_gaussian,false rejection of the component compliance gate (first crossing),813,1700,15,13,-0.0011764705882352233,9.61404123329212e-06,-0.009915135300747207,-0.01,CS lower bound vs threshold
compliance_boundary,allpairs_asympcs_projection_gaussian,false rejection of the component compliance gate (first crossing),823,500,2,4,0.0040000000000000036,2.388777555110235e-05,-0.009553473067368444,-0.01,CS lower bound vs threshold
compliance_boundary,allpairs_asympcs_projection_gaussian,false rejection of the component compliance gate (first crossing),837,750,4,5,0.0013333333333334085,1.592404687731791e-05,-0.00970759669457863,-0.01,CS lower bound vs threshold
compliance_boundary,allpairs_asympcs_projection_gaussian,false rejection of the component compliance gate (first crossing),876,2500,23,16,-0.0028000000000000247,6.192236894757855e-06,-0.009918377487877744,-0.01,CS lower bound vs threshold
compliance_boundary,allpairs_asympcs_projection_gaussian,false rejection of the component compliance gate (first crossing),920,200,0,1,0.0050000000000000044,2.5000000000000113e-05,-0.009646612185822046,-0.01,CS lower bound vs threshold
compliance_boundary,allpairs_asympcs_projection_gaussian,false rejection of the component compliance gate (first crossing),936,200,0,1,0.0050000000000000044,2.5000000000000113e-05,-0.009646612185822046,-0.01,CS lower bound vs threshold
compliance_boundary,allpairs_asympcs_projection_gaussian,false rejection of the component compliance gate (first crossing),939,600,3,5,0.0033333333333332993,2.2101650899647387e-05,-0.009673999527519316,-0.01,CS lower bound vs threshold
compliance_boundary,allpairs_asympcs_projection_gaussian,false rejection of the component compliance gate (first crossing),942,5500,55,27,-0.005090909090909146,2.6886691644911962e-06,-0.00995255088963191,-0.01,CS lower bound vs threshold
compliance_boundary,allpairs_asympcs_projection_gaussian,false rejection of the component compliance gate (first crossing),957,200,0,1,0.0050000000000000044,2.5000000000000113e-05,-0.009646612185822046,-0.01,CS lower bound vs threshold
compliance_boundary,allpairs_asympcs_projection_gaussian,false rejection of the component compliance gate (first crossing),962,200,0,1,0.0050000000000000044,2.5000000000000113e-05,-0.009646612185822046,-0.01,CS lower bound vs threshold
compliance_boundary,allpairs_asympcs_projection_gaussian,false rejection of the component compliance gate (first crossing),995,400,1,0,-0.0024999999999999467,6.249999999999659e-06,-0.009474970812014764,-0.01,CS lower bound vs threshold
compliance_boundary,allpairs_asympcs_projection_gaussian,false rejection of the component compliance gate (first crossing),1013,6500,73,40,-0.00507692307692309,2.6497330950323767e-06,-0.009942165221373051,-0.01,CS lower bound vs threshold
compliance_boundary,allpairs_asympcs_projection_gaussian,false rejection of the component compliance gate (first crossing),1015,400,1,2,0.0025000000000000577,1.8718671679197714e-05,-0.009570906873320888,-0.01,CS lower bound vs threshold
compliance_boundary,allpairs_asympcs_projection_gaussian,false rejection of the component compliance gate (first crossing),1052,250,0,1,0.0040000000000000036,1.600000000000015e-05,-0.007470107132458244,-0.01,CS lower bound vs threshold
compliance_boundary,allpairs_asympcs_projection_gaussian,false rejection of the component compliance gate (first crossing),1053,8650,95,45,-0.00578034682080919,1.854236125431321e-06,-0.009907085456079923,-0.01,CS lower bound vs threshold
compliance_boundary,allpairs_asympcs_projection_gaussian,false rejection of the component compliance gate (first crossing),1059,600,2,1,-0.0016666666666665941,8.324058616212226e-06,-0.009649250009833505,-0.01,CS lower bound vs threshold
compliance_boundary,allpairs_asympcs_projection_gaussian,false rejection of the component compliance gate (first crossing),1073,400,1,1,0.0,1.2499999999999318e-05,-0.009864098319507832,-0.01,CS lower bound vs threshold
compliance_boundary,allpairs_asympcs_projection_gaussian,false rejection of the component compliance gate (first crossing),1090,250,0,2,0.008000000000000007,3.1871485943775244e-05,-0.008188575646545068,-0.01,CS lower bound vs threshold
compliance_boundary,allpairs_asympcs_projection_gaussian,false rejection of the component compliance gate (first crossing),1093,1200,8,7,-0.0008333333333333526,1.0359906403484485e-05,-0.00980857266482852,-0.01,CS lower bound vs threshold
compliance_boundary,allpairs_asympcs_projection_gaussian,false rejection of the component compliance gate (first crossing),1095,200,0,1,0.0050000000000000044,2.5000000000000113e-05,-0.009646612185822046,-0.01,CS lower bound vs threshold
compliance_boundary,allpairs_asympcs_projection_gaussian,false rejection of the component compliance gate (first crossing),1128,250,0,3,0.01200000000000001,4.7614457831325275e-05,-0.007786861082585278,-0.01,CS lower bound vs threshold
compliance_boundary,allpairs_asympcs_projection_gaussian,false rejection of the component compliance gate (first crossing),1142,850,7,10,0.003529411764705892,2.331421864110408e-05,-0.009845520300533237,-0.01,CS lower bound vs threshold
compliance_boundary,allpairs_asympcs_projection_gaussian,false rejection of the component compliance gate (first crossing),1161,650,3,4,0.0015384615384615996,1.650240242156798e-05,-0.009697452459679793,-0.01,CS lower bound vs threshold
compliance_boundary,allpairs_asympcs_projection_gaussian,false rejection of the component compliance gate (first crossing),1162,650,4,7,0.004615384615384577,2.5838568211449513e-05,-0.00944408837916456,-0.01,CS lower bound vs threshold
compliance_boundary,allpairs_asympcs_projection_gaussian,false rejection of the component compliance gate (first crossing),1168,4700,45,22,-0.004893617021276664,3.009520822119961e-06,-0.009998871574161836,-0.01,CS lower bound vs threshold
compliance_boundary,allpairs_asympcs_projection_gaussian,false rejection of the component compliance gate (first crossing),1189,200,0,1,0.0050000000000000044,2.5000000000000113e-05,-0.009646612185822046,-0.01,CS lower bound vs threshold
compliance_boundary,allpairs_asympcs_projection_gaussian,false rejection of the component compliance gate (first crossing),1193,200,0,1,0.0050000000000000044,2.5000000000000113e-05,-0.009646612185822046,-0.01,CS lower bound vs threshold
compliance_boundary,allpairs_asympcs_projection_gaussian,false rejection of the component compliance gate (first crossing),1195,200,0,1,0.0050000000000000044,2.5000000000000113e-05,-0.009646612185822046,-0.01,CS lower bound vs threshold
compliance_boundary,allpairs_asympcs_projection_gaussian,false rejection of the component compliance gate (first crossing),1207,250,0,2,0.008000000000000007,3.1871485943775244e-05,-0.008188575646545068,-0.01,CS lower bound vs threshold
compliance_boundary,allpairs_asympcs_projection_gaussian,false rejection of the component compliance gate (first crossing),1223,350,1,4,0.008571428571428563,4.053564119057395e-05,-0.009291804541536584,-0.01,CS lower bound vs threshold
compliance_boundary,allpairs_asympcs_projection_gaussian,false rejection of the component compliance gate (first crossing),1224,200,0,1,0.0050000000000000044,2.5000000000000113e-05,-0.009646612185822046,-0.01,CS lower bound vs threshold
compliance_boundary,allpairs_asympcs_projection_gaussian,false rejection of the component compliance gate (first crossing),1229,400,1,2,0.0025000000000000577,1.8718671679197714e-05,-0.009570906873320888,-0.01,CS lower bound vs threshold
compliance_boundary,allpairs_asympcs_projection_gaussian,false rejection of the component compliance gate (first crossing),1252,200,0,1,0.0050000000000000044,2.5000000000000113e-05,-0.009646612185822046,-0.01,CS lower bound vs threshold
compliance_boundary,allpairs_asympcs_projection_gaussian,false rejection of the component compliance gate (first crossing),1261,350,1,4,0.008571428571428563,4.053564119057395e-05,-0.009291804541536584,-0.01,CS lower bound vs threshold
compliance_boundary,allpairs_asympcs_projection_gaussian,false rejection of the component compliance gate (first crossing),1270,200,0,1,0.0050000000000000044,2.5000000000000113e-05,-0.009646612185822046,-0.01,CS lower bound vs threshold
compliance_boundary,allpairs_asympcs_projection_gaussian,false rejection of the component compliance gate (first crossing),1277,400,1,2,0.0025000000000000577,1.8718671679197714e-05,-0.009570906873320888,-0.01,CS lower bound vs threshold
compliance_boundary,allpairs_asympcs_projection_gaussian,false rejection of the component compliance gate (first crossing),1296,400,1,1,0.0,1.2499999999999318e-05,-0.009864098319507832,-0.01,CS lower bound vs threshold
compliance_boundary,allpairs_asympcs_projection_gaussian,false rejection of the component compliance gate (first crossing),1298,850,5,6,0.0011764705882353343,1.5143400947990853e-05,-0.009602886595935398,-0.01,CS lower bound vs threshold
compliance_boundary,allpairs_asympcs_projection_gaussian,false rejection of the component compliance gate (first crossing),1304,7700,83,40,-0.005584415584415581,2.0562213758159193e-06,-0.009905603394734789,-0.01,CS lower bound vs threshold
compliance_boundary,allpairs_asympcs_projection_gaussian,false rejection of the component compliance gate (first crossing),1314,200,0,1,0.0050000000000000044,2.5000000000000113e-05,-0.009646612185822046,-0.01,CS lower bound vs threshold
compliance_boundary,allpairs_asympcs_projection_gaussian,false rejection of the component compliance gate (first crossing),1322,1050,9,11,0.0019047619047619646,1.7983221251640138e-05,-0.00988350400793485,-0.01,CS lower bound vs threshold
compliance_boundary,allpairs_asympcs_projection_gaussian,false rejection of the component compliance gate (first crossing),1330,750,3,2,-0.0013333333333332975,8.869900608218352e-06,-0.009573543917459482,-0.01,CS lower bound vs threshold
compliance_boundary,allpairs_asympcs_projection_gaussian,false rejection of the component compliance gate (first crossing),1335,200,0,1,0.0050000000000000044,2.5000000000000113e-05,-0.009646612185822046,-0.01,CS lower bound vs threshold
compliance_boundary,allpairs_asympcs_projection_gaussian,false rejection of the component compliance gate (first crossing),1338,1000,7,8,0.0010000000000000009,1.490190190190196e-05,-0.009720445096099943,-0.01,CS lower bound vs threshold
compliance_boundary,allpairs_asympcs_projection_gaussian,false rejection of the component compliance gate (first crossing),1344,400,1,3,0.0050000000000000044,2.490601503759342e-05,-0.00892369523836457,-0.01,CS lower bound vs threshold
compliance_boundary,allpairs_asympcs_projection_gaussian,false rejection of the component compliance gate (first crossing),1376,250,0,4,0.016000000000000014,6.322891566265071e-05,-0.006801601429349668,-0.01,CS lower bound vs threshold
compliance_boundary,allpairs_asympcs_projection_gaussian,false rejection of the component compliance gate (first crossing),1377,1100,10,12,0.0018181818181818299,1.8014874529060768e-05,-0.009992421236334148,-0.01,CS lower bound vs threshold
compliance_boundary,allpairs_asympcs_projection_gaussian,false rejection of the component compliance gate (first crossing),1381,1200,7,5,-0.0016666666666667052,8.297423779075273e-06,-0.009698963660352215,-0.01,CS lower bound vs threshold
compliance_boundary,allpairs_asympcs_projection_gaussian,false rejection of the component compliance gate (first crossing),1382,250,0,2,0.008000000000000007,3.1871485943775244e-05,-0.008188575646545068,-0.01,CS lower bound vs threshold
compliance_boundary,allpairs_asympcs_projection_gaussian,false rejection of the component compliance gate (first crossing),1397,400,1,3,0.0050000000000000044,2.490601503759342e-05,-0.00892369523836457,-0.01,CS lower bound vs threshold
compliance_boundary,allpairs_asympcs_projection_gaussian,false rejection of the component compliance gate (first crossing),1404,1000,6,6,0.0,1.1939939939939825e-05,-0.009596061839180017,-0.01,CS lower bound vs threshold
compliance_boundary,allpairs_asympcs_projection_gaussian,false rejection of the component compliance gate (first crossing),1414,1250,9,8,-0.0008000000000000229,1.0814411529223242e-05,-0.009979828517792829,-0.01,CS lower bound vs threshold
compliance_boundary,allpairs_asympcs_projection_gaussian,false rejection of the component compliance gate (first crossing),1437,700,3,3,0.0,1.2209862485766952e-05,-0.009665051725621219,-0.01,CS lower bound vs threshold
compliance_boundary,allpairs_asympcs_projection_gaussian,false rejection of the component compliance gate (first crossing),1443,150,0,6,0.040000000000000036,0.00025771812080536873,-0.008781701835679015,-0.01,CS lower bound vs threshold
compliance_boundary,allpairs_asympcs_projection_gaussian,false rejection of the component compliance gate (first crossing),1453,700,3,3,0.0,1.2209862485766952e-05,-0.009665051725621219,-0.01,CS lower bound vs threshold
compliance_boundary,allpairs_asympcs_projection_gaussian,false rejection of the component compliance gate (first crossing),1455,850,5,6,0.0011764705882353343,1.5143400947990853e-05,-0.009602886595935398,-0.01,CS lower bound vs threshold
compliance_boundary,allpairs_asympcs_projection_gaussian,false rejection of the component compliance gate (first crossing),1471,1400,11,10,-0.0007142857142857784,1.0641347318055137e-05,-0.009849883567488952,-0.01,CS lower bound vs threshold
compliance_boundary,allpairs_asympcs_projection_gaussian,false rejection of the component compliance gate (first crossing),1490,1100,11,14,0.0027272727272726893,2.044157348152719e-05,-0.009853682413121439,-0.01,CS lower bound vs threshold
compliance_boundary,allpairs_asympcs_projection_gaussian,false rejection of the component compliance gate (first crossing),1509,6350,75,44,-0.004881889763779457,2.922136447517499e-06,-0.009985342830817211,-0.01,CS lower bound vs threshold
compliance_boundary,allpairs_asympcs_projection_gaussian,false rejection of the component compliance gate (first crossing),1511,500,2,5,0.006000000000000005,2.7823647294589207e-05,-0.00862748872100972,-0.01,CS lower bound vs threshold
compliance_boundary,allpairs_asympcs_projection_gaussian,false rejection of the component compliance gate (first crossing),1544,400,1,1,0.0,1.2499999999999318e-05,-0.009864098319507832,-0.01,CS lower bound vs threshold
compliance_boundary,allpairs_asympcs_projection_gaussian,false rejection of the component compliance gate (first crossing),1546,400,1,3,0.0050000000000000044,2.490601503759342e-05,-0.00892369523836457,-0.01,CS lower bound vs threshold
compliance_boundary,allpairs_asympcs_projection_gaussian,false rejection of the component compliance gate (first crossing),1551,700,5,9,0.005714285714285783,2.830282327523279e-05,-0.009000829813897127,-0.01,CS lower bound vs threshold
compliance_boundary,allpairs_asympcs_projection_gaussian,false rejection of the component compliance gate (first crossing),1568,400,1,3,0.0050000000000000044,2.490601503759342e-05,-0.00892369523836457,-0.01,CS lower bound vs threshold
compliance_boundary,allpairs_asympcs_projection_gaussian,false rejection of the component compliance gate (first crossing),1584,200,0,1,0.0050000000000000044,2.5000000000000113e-05,-0.009646612185822046,-0.01,CS lower bound vs threshold
compliance_boundary,allpairs_asympcs_projection_gaussian,false rejection of the component compliance gate (first crossing),1601,200,0,1,0.0050000000000000044,2.5000000000000113e-05,-0.009646612185822046,-0.01,CS lower bound vs threshold
compliance_boundary,allpairs_asympcs_projection_gaussian,false rejection of the component compliance gate (first crossing),1606,1750,17,16,-0.0005714285714285561,1.0679922054585018e-05,-0.009791199870873036,-0.01,CS lower bound vs threshold
compliance_boundary,allpairs_asympcs_projection_gaussian,false rejection of the component compliance gate (first crossing),1611,9900,119,61,-0.005858585858585896,1.818301587179383e-06,-0.009972070603427786,-0.01,CS lower bound vs threshold
compliance_boundary,allpairs_asympcs_projection_gaussian,false rejection of the component compliance gate (first crossing),1642,200,0,1,0.0050000000000000044,2.5000000000000113e-05,-0.009646612185822046,-0.01,CS lower bound vs threshold
compliance_boundary,allpairs_asympcs_projection_gaussian,false rejection of the component compliance gate (first crossing),1673,200,0,1,0.0050000000000000044,2.5000000000000113e-05,-0.009646612185822046,-0.01,CS lower bound vs threshold
compliance_boundary,allpairs_asympcs_projection_gaussian,false rejection of the component compliance gate (first crossing),1676,2700,25,17,-0.002962962962963056,5.7169982684233646e-06,-0.009824980876460814,-0.01,CS lower bound vs threshold
compliance_boundary,allpairs_asympcs_projection_gaussian,false rejection of the component compliance gate (first crossing),1678,200,0,1,0.0050000000000000044,2.5000000000000113e-05,-0.009646612185822046,-0.01,CS lower bound vs threshold
compliance_boundary,allpairs_asympcs_projection_gaussian,false rejection of the component compliance gate (first crossing),1680,200,0,1,0.0050000000000000044,2.5000000000000113e-05,-0.009646612185822046,-0.01,CS lower bound vs threshold
compliance_boundary,allpairs_asympcs_projection_gaussian,false rejection of the component compliance gate (first crossing),1683,200,0,1,0.0050000000000000044,2.5000000000000113e-05,-0.009646612185822046,-0.01,CS lower bound vs threshold
compliance_boundary,allpairs_asympcs_projection_gaussian,false rejection of the component compliance gate (first crossing),1684,6050,70,41,-0.004793388429752077,3.003357741118557e-06,-0.009955227545601346,-0.01,CS lower bound vs threshold
compliance_boundary,allpairs_asympcs_projection_gaussian,false rejection of the component compliance gate (first crossing),1687,6700,78,45,-0.004925373134328392,2.7134747554777956e-06,-0.00985600331112626,-0.01,CS lower bound vs threshold
compliance_boundary,allpairs_asympcs_projection_gaussian,false rejection of the component compliance gate (first crossing),1689,850,8,13,0.00588235294117645,2.872013074612497e-05,-0.008962447325830012,-0.01,CS lower bound vs threshold
compliance_boundary,allpairs_asympcs_projection_gaussian,false rejection of the component compliance gate (first crossing),1692,200,0,1,0.0050000000000000044,2.5000000000000113e-05,-0.009646612185822046,-0.01,CS lower bound vs threshold
compliance_boundary,allpairs_asympcs_projection_gaussian,false rejection of the component compliance gate (first crossing),1716,300,0,1,0.0033333333333332993,1.1111111111111146e-05,-0.006099293065164107,-0.01,CS lower bound vs threshold
compliance_boundary,allpairs_asympcs_projection_gaussian,false rejection of the component compliance gate (first crossing),1719,4000,42,26,-0.0040000000000000036,4.212928232057978e-06,-0.0099949432637748,-0.01,CS lower bound vs threshold
compliance_boundary,allpairs_asympcs_projection_gaussian,false rejection of the component compliance gate (first crossing),1731,200,0,1,0.0050000000000000044,2.5000000000000113e-05,-0.009646612185822046,-0.01,CS lower bound vs threshold
compliance_boundary,allpairs_asympcs_projection_gaussian,false rejection of the component compliance gate (first crossing),1743,250,0,2,0.008000000000000007,3.1871485943775244e-05,-0.008188575646545068,-0.01,CS lower bound vs threshold
compliance_boundary,allpairs_asympcs_projection_gaussian,false rejection of the component compliance gate (first crossing),1774,200,0,1,0.0050000000000000044,2.5000000000000113e-05,-0.009646612185822046,-0.01,CS lower bound vs threshold
compliance_boundary,allpairs_asympcs_projection_gaussian,false rejection of the component compliance gate (first crossing),1775,250,0,4,0.016000000000000014,6.322891566265071e-05,-0.006801601429349668,-0.01,CS lower bound vs threshold
compliance_boundary,allpairs_asympcs_projection_gaussian,false rejection of the component compliance gate (first crossing),1796,2450,20,12,-0.0032653061224490187,5.296282394925528e-06,-0.009843067642623639,-0.01,CS lower bound vs threshold
compliance_boundary,allpairs_asympcs_projection_gaussian,false rejection of the component compliance gate (first crossing),1803,1250,9,8,-0.0008000000000000229,1.0814411529223242e-05,-0.009979828517792829,-0.01,CS lower bound vs threshold
compliance_boundary,allpairs_asympcs_projection_gaussian,false rejection of the component compliance gate (first crossing),1806,200,0,1,0.0050000000000000044,2.5000000000000113e-05,-0.009646612185822046,-0.01,CS lower bound vs threshold
compliance_boundary,allpairs_asympcs_projection_gaussian,false rejection of the component compliance gate (first crossing),1809,400,1,1,0.0,1.2499999999999318e-05,-0.009864098319507832,-0.01,CS lower bound vs threshold
compliance_boundary,allpairs_asympcs_projection_gaussian,false rejection of the component compliance gate (first crossing),1820,250,0,3,0.01200000000000001,4.7614457831325275e-05,-0.007786861082585278,-0.01,CS lower bound vs threshold
compliance_boundary,allpairs_asympcs_projection_gaussian,false rejection of the component compliance gate (first crossing),1830,250,0,3,0.01200000000000001,4.7614457831325275e-05,-0.007786861082585278,-0.01,CS lower bound vs threshold
compliance_boundary,allpairs_asympcs_projection_gaussian,false rejection of the component compliance gate (first crossing),1836,750,4,5,0.0013333333333334085,1.592404687731791e-05,-0.00970759669457863,-0.01,CS lower bound vs threshold
compliance_boundary,allpairs_asympcs_projection_gaussian,false rejection of the component compliance gate (first crossing),1839,500,2,5,0.006000000000000005,2.7823647294589207e-05,-0.00862748872100972,-0.01,CS lower bound vs threshold
compliance_boundary,allpairs_asympcs_projection_gaussian,false rejection of the component compliance gate (first crossing),1843,450,2,5,0.006666666666666599,3.432593692430358e-05,-0.009619144739763368,-0.01,CS lower bound vs threshold
compliance_boundary,allpairs_asympcs_projection_gaussian,false rejection of the component compliance gate (first crossing),1845,200,0,1,0.0050000000000000044,2.5000000000000113e-05,-0.009646612185822046,-0.01,CS lower bound vs threshold
compliance_boundary,allpairs_asympcs_projection_gaussian,false rejection of the component compliance gate (first crossing),1862,8650,104,57,-0.005433526011560663,2.1302738522253186e-06,-0.009856782907797386,-0.01,CS lower bound vs threshold
compliance_boundary,allpairs_asympcs_projection_gaussian,false rejection of the component compliance gate (first crossing),1873,200,0,1,0.0050000000000000044,2.5000000000000113e-05,-0.009646612185822046,-0.01,CS lower bound vs threshold
compliance_boundary,allpairs_asympcs_projection_gaussian,false rejection of the component compliance gate (first crossing),1875,400,1,1,0.0,1.2499999999999318e-05,-0.009864098319507832,-0.01,CS lower bound vs threshold
compliance_boundary,allpairs_asympcs_projection_gaussian,false rejection of the component compliance gate (first crossing),1877,500,2,5,0.006000000000000005,2.7823647294589207e-05,-0.00862748872100972,-0.01,CS lower bound vs threshold
compliance_boundary,allpairs_asympcs_projection_gaussian,false rejection of the component compliance gate (first crossing),1892,200,0,1,0.0050000000000000044,2.5000000000000113e-05,-0.009646612185822046,-0.01,CS lower bound vs threshold
compliance_boundary,allpairs_asympcs_projection_gaussian,false rejection of the component compliance gate (first crossing),1898,200,0,1,0.0050000000000000044,2.5000000000000113e-05,-0.009646612185822046,-0.01,CS lower bound vs threshold
compliance_boundary,allpairs_asympcs_projection_gaussian,false rejection of the component compliance gate (first crossing),1913,350,1,4,0.008571428571428563,4.053564119057395e-05,-0.009291804541536584,-0.01,CS lower bound vs threshold
compliance_boundary,allpairs_asympcs_projection_gaussian,false rejection of the component compliance gate (first crossing),1914,1050,7,8,0.0009523809523809268,1.352070539051343e-05,-0.009269147808960437,-0.01,CS lower bound vs threshold
compliance_boundary,allpairs_asympcs_projection_gaussian,false rejection of the component compliance gate (first crossing),1919,200,0,1,0.0050000000000000044,2.5000000000000113e-05,-0.009646612185822046,-0.01,CS lower bound vs threshold
compliance_boundary,allpairs_asympcs_projection_gaussian,false rejection of the component compliance gate (first crossing),1920,6800,72,35,-0.005441176470588283,2.293968403657975e-06,-0.009977923030813834,-0.01,CS lower bound vs threshold
compliance_boundary,allpairs_asympcs_projection_gaussian,false rejection of the component compliance gate (first crossing),1953,200,0,1,0.0050000000000000044,2.5000000000000113e-05,-0.009646612185822046,-0.01,CS lower bound vs threshold
compliance_boundary,allpairs_asympcs_projection_gaussian,false rejection of the component compliance gate (first crossing),1954,8050,95,51,-0.005465838509316812,2.230990098650667e-06,-0.009976653543198113,-0.01,CS lower bound vs threshold
compliance_boundary,allpairs_asympcs_projection_gaussian,false rejection of the component compliance gate (first crossing),1955,400,1,0,-0.0024999999999999467,6.249999999999659e-06,-0.009474970812014764,-0.01,CS lower bound vs threshold
compliance_boundary,allpairs_asympcs_projection_gaussian,false rejection of the component compliance gate (first crossing),1964,1450,12,13,0.0006896551724138167,1.1796072407146017e-05,-0.008939196697780259,-0.01,CS lower bound vs threshold
compliance_boundary,allpairs_asympcs_projection_gaussian,false rejection of the component compliance gate (first crossing),1984,400,1,0,-0.0024999999999999467,6.249999999999659e-06,-0.009474970812014764,-0.01,CS lower bound vs threshold
compliance_boundary,allpairs_asympcs_projection_gaussian,false rejection of the component compliance gate (first crossing),2002,200,0,4,0.020000000000000018,9.84924623115582e-05,-0.009071582667610843,-0.01,CS lower bound vs threshold
compliance_boundary,allpairs_asympcs_projection_gaussian,false rejection of the component compliance gate (first crossing),2015,6300,70,38,-0.005079365079365017,2.696145164715382e-06,-0.009979633735171085,-0.01,CS lower bound vs threshold
compliance_boundary,allpairs_asympcs_projection_gaussian,false rejection of the component compliance gate (first crossing),2016,200,0,1,0.0050000000000000044,2.5000000000000113e-05,-0.009646612185822046,-0.01,CS lower bound vs threshold
compliance_boundary,allpairs_asympcs_projection_gaussian,false rejection of the component compliance gate (first crossing),2019,2750,32,27,-0.0018181818181818299,7.720168716498013e-06,-0.009798537801932383,-0.01,CS lower bound vs threshold
compliance_boundary,allpairs_asympcs_projection_gaussian,false rejection of the component compliance gate (first crossing),2044,400,1,2,0.0025000000000000577,1.8718671679197714e-05,-0.009570906873320888,-0.01,CS lower bound vs threshold
compliance_boundary,allpairs_asympcs_projection_gaussian,false rejection of the component compliance gate (first crossing),2046,400,1,3,0.0050000000000000044,2.490601503759342e-05,-0.00892369523836457,-0.01,CS lower bound vs threshold
compliance_boundary,allpairs_asympcs_projection_gaussian,false rejection of the component compliance gate (first crossing),2092,1350,12,13,0.0007407407407408195,1.3600279025971587e-05,-0.009576033621641507,-0.01,CS lower bound vs threshold
compliance_boundary,allpairs_asympcs_projection_gaussian,false rejection of the component compliance gate (first crossing),2103,400,1,1,0.0,1.2499999999999318e-05,-0.009864098319507832,-0.01,CS lower bound vs threshold
compliance_boundary,allpairs_asympcs_projection_gaussian,false rejection of the component compliance gate (first crossing),2109,3500,35,22,-0.00371428571428567,4.614519600352328e-06,-0.009950187646607517,-0.01,CS lower bound vs threshold
compliance_boundary,allpairs_asympcs_projection_gaussian,false rejection of the component compliance gate (first crossing),2111,200,0,1,0.0050000000000000044,2.5000000000000113e-05,-0.009646612185822046,-0.01,CS lower bound vs threshold
compliance_boundary,allpairs_asympcs_projection_gaussian,false rejection of the component compliance gate (first crossing),2114,1450,9,6,-0.002068965517241339,7.100883056008965e-06,-0.00953967711249152,-0.01,CS lower bound vs threshold
compliance_boundary,allpairs_asympcs_projection_gaussian,false rejection of the component compliance gate (first crossing),2127,350,0,1,0.0028571428571428914,8.163265306122602e-06,-0.005159148580481223,-0.01,CS lower bound vs threshold
compliance_boundary,allpairs_asympcs_projection_gaussian,false rejection of the component compliance gate (first crossing),2150,650,3,4,0.0015384615384615996,1.650240242156798e-05,-0.009697452459679793,-0.01,CS lower bound vs threshold
compliance_boundary,allpairs_asympcs_projection_gaussian,false rejection of the component compliance gate (first crossing),2187,1750,15,13,-0.0011428571428571122,9.074526551615584e-06,-0.009641470951748155,-0.01,CS lower bound vs threshold
compliance_boundary,allpairs_asympcs_projection_gaussian,false rejection of the component compliance gate (first crossing),2201,550,2,4,0.0036363636363636598,1.9750410212407342e-05,-0.008669560666110857,-0.01,CS lower bound vs threshold
compliance_boundary,allpairs_asympcs_projection_gaussian,false rejection of the component compliance gate (first crossing),2203,950,7,9,0.002105263157894721,1.7595427757458584e-05,-0.009533033786330304,-0.01,CS lower bound vs threshold
compliance_boundary,allpairs_asympcs_projection_gaussian,false rejection of the component compliance gate (first crossing),2218,350,1,4,0.008571428571428563,4.053564119057395e-05,-0.009291804541536584,-0.01,CS lower bound vs threshold
compliance_boundary,allpairs_asympcs_projection_gaussian,false rejection of the component compliance gate (first crossing),2225,9050,110,59,-0.005635359116022087,2.0426339657376306e-06,-0.009976210998669882,-0.01,CS lower bound vs threshold
compliance_boundary,allpairs_asympcs_projection_gaussian,false rejection of the component compliance gate (first crossing),2256,400,1,0,-0.0024999999999999467,6.249999999999659e-06,-0.009474970812014764,-0.01,CS lower bound vs threshold
compliance_boundary,allpairs_asympcs_projection_gaussian,false rejection of the component compliance gate (first crossing),2263,200,0,1,0.0050000000000000044,2.5000000000000113e-05,-0.009646612185822046,-0.01,CS lower bound vs threshold
compliance_boundary,allpairs_asympcs_projection_gaussian,false rejection of the component compliance gate (first crossing),2265,550,2,3,0.0018181818181818299,1.6480753887609398e-05,-0.00942307102151892,-0.01,CS lower bound vs threshold
compliance_boundary,allpairs_asympcs_projection_gaussian,false rejection of the component compliance gate (first crossing),2271,2650,23,14,-0.0033962264150944055,5.231794852360051e-06,-0.009955376503588005,-0.01,CS lower bound vs threshold
compliance_boundary,allpairs_asympcs_projection_gaussian,false rejection of the component compliance gate (first crossing),2284,600,3,5,0.0033333333333332993,2.2101650899647387e-05,-0.009673999527519316,-0.01,CS lower bound vs threshold
compliance_boundary,allpairs_asympcs_projection_gaussian,false rejection of the component compliance gate (first crossing),2309,500,2,4,0.0040000000000000036,2.388777555110235e-05,-0.009553473067368444,-0.01,CS lower bound vs threshold
compliance_boundary,allpairs_asympcs_projection_gaussian,false rejection of the component compliance gate (first crossing),2329,200,0,1,0.0050000000000000044,2.5000000000000113e-05,-0.009646612185822046,-0.01,CS lower bound vs threshold
compliance_boundary,allpairs_asympcs_projection_gaussian,false rejection of the component compliance gate (first crossing),2348,550,2,3,0.0018181818181818299,1.6480753887609398e-05,-0.00942307102151892,-0.01,CS lower bound vs threshold
compliance_boundary,allpairs_asympcs_projection_gaussian,false rejection of the component compliance gate (first crossing),2361,400,1,1,0.0,1.2499999999999318e-05,-0.009864098319507832,-0.01,CS lower bound vs threshold
compliance_boundary,allpairs_asympcs_projection_gaussian,false rejection of the component compliance gate (first crossing),2365,3900,43,29,-0.0035897435897436214,4.689582234120313e-06,-0.00990734281523287,-0.01,CS lower bound vs threshold
compliance_boundary,allpairs_asympcs_projection_gaussian,false rejection of the component compliance gate (first crossing),2368,850,6,8,0.0023529411764705577,1.9236961049229493e-05,-0.009796306482841906,-0.01,CS lower bound vs threshold
compliance_boundary,allpairs_asympcs_projection_gaussian,false rejection of the component compliance gate (first crossing),2399,400,1,1,0.0,1.2499999999999318e-05,-0.009864098319507832,-0.01,CS lower bound vs threshold
compliance_boundary,allpairs_asympcs_projection_gaussian,false rejection of the component compliance gate (first crossing),2407,350,0,1,0.0028571428571428914,8.163265306122602e-06,-0.005159148580481223,-0.01,CS lower bound vs threshold
compliance_boundary,allpairs_asympcs_projection_gaussian,false rejection of the component compliance gate (first crossing),2408,2850,31,24,-0.002456140350877156,6.707272081233337e-06,-0.009906043641762497,-0.01,CS lower bound vs threshold
compliance_boundary,allpairs_asympcs_projection_gaussian,false rejection of the component compliance gate (first crossing),2415,1000,8,10,0.0020000000000000018,1.7853853853853866e-05,-0.009734320734156086,-0.01,CS lower bound vs threshold
compliance_boundary,allpairs_asympcs_projection_gaussian,false rejection of the component compliance gate (first crossing),2421,250,0,2,0.008000000000000007,3.1871485943775244e-05,-0.008188575646545068,-0.01,CS lower bound vs threshold
compliance_boundary,allpairs_asympcs_projection_gaussian,false rejection of the component compliance gate (first crossing),2428,300,1,5,0.01333333333333342,6.592344853214444e-05,-0.009642636222520044,-0.01,CS lower bound vs threshold
compliance_boundary,allpairs_asympcs_projection_gaussian,false rejection of the component compliance gate (first crossing),2444,200,0,1,0.0050000000000000044,2.5000000000000113e-05,-0.009646612185822046,-0.01,CS lower bound vs threshold
compliance_boundary,allpairs_asympcs_projection_gaussian,false rejection of the component compliance gate (first crossing),2449,650,4,7,0.004615384615384577,2.5838568211449513e-05,-0.00944408837916456,-0.01,CS lower bound vs threshold
compliance_boundary,allpairs_asympcs_projection_gaussian,false rejection of the component compliance gate (first crossing),2478,250,0,3,0.01200000000000001,4.7614457831325275e-05,-0.007786861082585278,-0.01,CS lower bound vs threshold
compliance_boundary,allpairs_asympcs_projection_gaussian,false rejection of the component compliance gate (first crossing),2479,3450,32,18,-0.004057971014492789,4.1691795027602445e-06,-0.009981473544524874,-0.01,CS lower bound vs threshold
compliance_boundary,allpairs_asympcs_projection_gaussian,false rejection of the component compliance gate (first crossing),2480,200,0,1,0.0050000000000000044,2.5000000000000113e-05,-0.009646612185822046,-0.01,CS lower bound vs threshold
compliance_boundary,allpairs_asympcs_projection_gaussian,false rejection of the component compliance gate (first crossing),2482,1300,9,8,-0.0007692307692307443,1.0000865481412667e-05,-0.009606535255742944,-0.01,CS lower bound vs threshold
compliance_boundary,allpairs_asympcs_projection_gaussian,false rejection of the component compliance gate (first crossing),2500,200,0,1,0.0050000000000000044,2.5000000000000113e-05,-0.009646612185822046,-0.01,CS lower bound vs threshold
compliance_boundary,allpairs_asympcs_projection_gaussian,false rejection of the component compliance gate (first crossing),2511,1050,6,5,-0.0009523809523809268,9.934091208774481e-06,-0.009713916990132718,-0.01,CS lower bound vs threshold
compliance_boundary,allpairs_asympcs_projection_gaussian,false rejection of the component compliance gate (first crossing),2515,400,1,4,0.007500000000000062,3.106203007518786e-05,-0.00804953133365552,-0.01,CS lower bound vs threshold
compliance_boundary,allpairs_asympcs_projection_gaussian,false rejection of the component compliance gate (first crossing),2566,1000,7,9,0.0020000000000000018,1.588588588588589e-05,-0.009068727256088526,-0.01,CS lower bound vs threshold
compliance_boundary,allpairs_asympcs_projection_gaussian,false rejection of the component compliance gate (first crossing),2591,400,2,6,0.010000000000000009,4.9498746867168133e-05,-0.009629059345057134,-0.01,CS lower bound vs threshold
compliance_boundary,allpairs_asympcs_projection_gaussian,false rejection of the component compliance gate (first crossing),2609,200,0,1,0.0050000000000000044,2.5000000000000113e-05,-0.009646612185822046,-0.01,CS lower bound vs threshold
compliance_boundary,allpairs_asympcs_projection_gaussian,false rejection of the component compliance gate (first crossing),2612,850,7,10,0.003529411764705892,2.331421864110408e-05,-0.009845520300533237,-0.01,CS lower bound vs threshold
compliance_boundary,allpairs_asympcs_projection_gaussian,false rejection of the component compliance gate (first crossing),2619,400,1,0,-0.0024999999999999467,6.249999999999659e-06,-0.009474970812014764,-0.01,CS lower bound vs threshold
compliance_boundary,allpairs_asympcs_projection_gaussian,false rejection of the component compliance gate (first crossing),2625,350,1,4,0.008571428571428563,4.053564119057395e-05,-0.009291804541536584,-0.01,CS lower bound vs threshold
compliance_boundary,allpairs_asympcs_projection_gaussian,false rejection of the component compliance gate (first crossing),2627,400,1,0,-0.0024999999999999467,6.249999999999659e-06,-0.009474970812014764,-0.01,CS lower bound vs threshold
compliance_boundary,allpairs_asympcs_projection_gaussian,false rejection of the component compliance gate (first crossing),2629,250,0,1,0.0040000000000000036,1.600000000000015e-05,-0.007470107132458244,-0.01,CS lower bound vs threshold
compliance_boundary,allpairs_asympcs_projection_gaussian,false rejection of the component compliance gate (first crossing),2650,550,2,4,0.0036363636363636598,1.9750410212407342e-05,-0.008669560666110857,-0.01,CS lower bound vs threshold
compliance_boundary,allpairs_asympcs_projection_gaussian,false rejection of the component compliance gate (first crossing),2679,550,2,3,0.0018181818181818299,1.6480753887609398e-05,-0.00942307102151892,-0.01,CS lower bound vs threshold
compliance_boundary,allpairs_asympcs_projection_gaussian,false rejection of the component compliance gate (first crossing),2701,200,0,1,0.0050000000000000044,2.5000000000000113e-05,-0.009646612185822046,-0.01,CS lower bound vs threshold
compliance_boundary,allpairs_asympcs_projection_gaussian,false rejection of the component compliance gate (first crossing),2702,200,0,1,0.0050000000000000044,2.5000000000000113e-05,-0.009646612185822046,-0.01,CS lower bound vs threshold
compliance_boundary,allpairs_asympcs_projection_gaussian,false rejection of the component compliance gate (first crossing),2708,400,1,1,0.0,1.2499999999999318e-05,-0.009864098319507832,-0.01,CS lower bound vs threshold
compliance_boundary,allpairs_asympcs_projection_gaussian,false rejection of the component compliance gate (first crossing),2710,200,0,1,0.0050000000000000044,2.5000000000000113e-05,-0.009646612185822046,-0.01,CS lower bound vs threshold
compliance_boundary,allpairs_asympcs_projection_gaussian,false rejection of the component compliance gate (first crossing),2719,1250,10,10,0.0,1.270776621297047e-05,-0.009951023014840233,-0.01,CS lower bound vs threshold
compliance_boundary,allpairs_asympcs_projection_gaussian,false rejection of the component compliance gate (first crossing),2739,350,1,4,0.008571428571428563,4.053564119057395e-05,-0.009291804541536584,-0.01,CS lower bound vs threshold
compliance_boundary,allpairs_asympcs_projection_gaussian,false rejection of the component compliance gate (first crossing),2745,850,4,3,-0.0011764705882353343,9.659236798024332e-06,-0.009785467634695498,-0.01,CS lower bound vs threshold
compliance_boundary,allpairs_asympcs_projection_gaussian,false rejection of the component compliance gate (first crossing),2751,250,0,1,0.0040000000000000036,1.600000000000015e-05,-0.007470107132458244,-0.01,CS lower bound vs threshold
compliance_boundary,allpairs_asympcs_projection_gaussian,false rejection of the component compliance gate (first crossing),2778,850,7,10,0.003529411764705892,2.331421864110408e-05,-0.009845520300533237,-0.01,CS lower bound vs threshold
compliance_boundary,allpairs_asympcs_projection_gaussian,false rejection of the component compliance gate (first crossing),2794,200,0,1,0.0050000000000000044,2.5000000000000113e-05,-0.009646612185822046,-0.01,CS lower bound vs threshold
compliance_boundary,allpairs_asympcs_projection_gaussian,false rejection of the component compliance gate (first crossing),2799,950,7,10,0.0031578947368421373,1.8682444561851167e-05,-0.008834512566232314,-0.01,CS lower bound vs threshold
compliance_boundary,allpairs_asympcs_projection_gaussian,false rejection of the component compliance gate (first crossing),2900,500,2,5,0.006000000000000005,2.7823647294589207e-05,-0.00862748872100972,-0.01,CS lower bound vs threshold
compliance_boundary,allpairs_asympcs_projection_gaussian,false rejection of the component compliance gate (first crossing),2902,600,3,5,0.0033333333333332993,2.2101650899647387e-05,-0.009673999527519316,-0.01,CS lower bound vs threshold
compliance_boundary,allpairs_asympcs_projection_gaussian,false rejection of the component compliance gate (first crossing),2909,7100,79,41,-0.0053521126760562865,2.3586782774822792e-06,-0.009962030195610847,-0.01,CS lower bound vs threshold
compliance_boundary,allpairs_asympcs_projection_gaussian,false rejection of the component compliance gate (first crossing),2910,2750,23,13,-0.0036363636363636598,4.728487293651492e-06,-0.0098819034612038,-0.01,CS lower bound vs threshold
compliance_boundary,allpairs_asympcs_projection_gaussian,false rejection of the component compliance gate (first crossing),2945,3350,35,24,-0.0032835820895522616,5.210946289130806e-06,-0.009897152005007886,-0.01,CS lower bound vs threshold
compliance_boundary,allpairs_asympcs_projection_gaussian,false rejection of the component compliance gate (first crossing),2974,200,0,1,0.0050000000000000044,2.5000000000000113e-05,-0.009646612185822046,-0.01,CS lower bound vs threshold
compliance_boundary,allpairs_asympcs_projection_gaussian,false rejection of the component compliance gate (first crossing),2991,2350,25,21,-0.0017021276595744483,8.250932126613074e-06,-0.009898084846467042,-0.01,CS lower bound vs threshold
compliance_boundary,allpairs_asympcs_projection_gaussian,false rejection of the component compliance gate (first crossing),2992,1050,7,7,0.0,1.262578116724931e-05,-0.009877460667182897,-0.01,CS lower bound vs threshold
compliance_boundary,allpairs_asympcs_projection_gaussian,false rejection of the component compliance gate (first crossing),2995,200,0,1,0.0050000000000000044,2.5000000000000113e-05,-0.009646612185822046,-0.01,CS lower bound vs threshold
compliance_boundary,allpairs_asympcs_projection_gaussian,false rejection of the component compliance gate (first crossing),3001,200,0,1,0.0050000000000000044,2.5000000000000113e-05,-0.009646612185822046,-0.01,CS lower bound vs threshold
compliance_boundary,allpairs_asympcs_projection_gaussian,false rejection of the component compliance gate (first crossing),3005,200,0,1,0.0050000000000000044,2.5000000000000113e-05,-0.009646612185822046,-0.01,CS lower bound vs threshold
compliance_boundary,allpairs_asympcs_projection_gaussian,false rejection of the component compliance gate (first crossing),3011,200,0,1,0.0050000000000000044,2.5000000000000113e-05,-0.009646612185822046,-0.01,CS lower bound vs threshold
compliance_boundary,allpairs_asympcs_projection_gaussian,false rejection of the component compliance gate (first crossing),3017,450,3,8,0.011111111111111072,5.363908823448596e-05,-0.00924706630074798,-0.01,CS lower bound vs threshold
compliance_boundary,allpairs_asympcs_projection_gaussian,false rejection of the component compliance gate (first crossing),3055,200,0,1,0.0050000000000000044,2.5000000000000113e-05,-0.009646612185822046,-0.01,CS lower bound vs threshold
compliance_boundary,allpairs_asympcs_projection_gaussian,false rejection of the component compliance gate (first crossing),3060,750,3,2,-0.0013333333333332975,8.869900608218352e-06,-0.009573543917459482,-0.01,CS lower bound vs threshold
compliance_boundary,allpairs_asympcs_projection_gaussian,false rejection of the component compliance gate (first crossing),3066,1150,7,6,-0.0008695652173913437,9.782485304061669e-06,-0.009581866583430227,-0.01,CS lower bound vs threshold
compliance_boundary,allpairs_asympcs_projection_gaussian,false rejection of the component compliance gate (first crossing),3068,400,1,0,-0.0024999999999999467,6.249999999999659e-06,-0.009474970812014764,-0.01,CS lower bound vs threshold
compliance_boundary,allpairs_asympcs_projection_gaussian,false rejection of the component compliance gate (first crossing),3085,200,0,1,0.0050000000000000044,2.5000000000000113e-05,-0.009646612185822046,-0.01,CS lower bound vs threshold
compliance_boundary,allpairs_asympcs_projection_gaussian,false rejection of the component compliance gate (first crossing),3088,250,0,2,0.008000000000000007,3.1871485943775244e-05,-0.008188575646545068,-0.01,CS lower bound vs threshold
compliance_boundary,allpairs_asympcs_projection_gaussian,false rejection of the component compliance gate (first crossing),3122,9350,115,62,-0.005668449197861025,2.0039826788380708e-06,-0.00997486447677098,-0.01,CS lower bound vs threshold
compliance_boundary,allpairs_asympcs_projection_gaussian,false rejection of the component compliance gate (first crossing),3156,850,4,3,-0.0011764705882353343,9.659236798024332e-06,-0.009785467634695498,-0.01,CS lower bound vs threshold
compliance_boundary,allpairs_asympcs_projection_gaussian,false rejection of the component compliance gate (first crossing),3166,1000,10,14,0.0040000000000000036,2.372772772772779e-05,-0.009527577852240695,-0.01,CS lower bound vs threshold
compliance_boundary,allpairs_asympcs_projection_gaussian,false rejection of the component compliance gate (first crossing),3169,650,3,4,0.0015384615384615996,1.650240242156798e-05,-0.009697452459679793,-0.01,CS lower bound vs threshold
compliance_boundary,allpairs_asympcs_projection_gaussian,false rejection of the component compliance gate (first crossing),3174,450,2,5,0.006666666666666599,3.432593692430358e-05,-0.009619144739763368,-0.01,CS lower bound vs threshold
compliance_boundary,allpairs_asympcs_projection_gaussian,false rejection of the component compliance gate (first crossing),3188,250,0,2,0.008000000000000007,3.1871485943775244e-05,-0.008188575646545068,-0.01,CS lower bound vs threshold
compliance_boundary,allpairs_asympcs_projection_gaussian,false rejection of the component compliance gate (first crossing),3200,400,1,1,0.0,1.2499999999999318e-05,-0.009864098319507832,-0.01,CS lower bound vs threshold
compliance_boundary,allpairs_asympcs_projection_gaussian,false rejection of the component compliance gate (first crossing),3227,1950,15,11,-0.002051282051282022,6.794428201856048e-06,-0.009434343302118736,-0.01,CS lower bound vs threshold
compliance_boundary,allpairs_asympcs_projection_gaussian,false rejection of the component compliance gate (first crossing),3236,200,0,1,0.0050000000000000044,2.5000000000000113e-05,-0.009646612185822046,-0.01,CS lower bound vs threshold
compliance_boundary,allpairs_asympcs_projection_gaussian,false rejection of the component compliance gate (first crossing),3247,250,0,2,0.008000000000000007,3.1871485943775244e-05,-0.008188575646545068,-0.01,CS lower bound vs threshold
compliance_boundary,allpairs_asympcs_projection_gaussian,false rejection of the component compliance gate (first crossing),3260,3950,40,24,-0.0040506329113924044,4.067628973465594e-06,-0.00993786369878101,-0.01,CS lower bound vs threshold
compliance_boundary,allpairs_asympcs_projection_gaussian,false rejection of the component compliance gate (first crossing),3272,200,0,1,0.0050000000000000044,2.5000000000000113e-05,-0.009646612185822046,-0.01,CS lower bound vs threshold
compliance_boundary,allpairs_asympcs_projection_gaussian,false rejection of the component compliance gate (first crossing),3288,750,4,5,0.0013333333333334085,1.592404687731791e-05,-0.00970759669457863,-0.01,CS lower bound vs threshold
compliance_boundary,allpairs_asympcs_projection_gaussian,false rejection of the component compliance gate (first crossing),3292,450,1,1,0.0,9.876543209876752e-06,-0.008735759823468983,-0.01,CS lower bound vs threshold
compliance_boundary,allpairs_asympcs_projection_gaussian,false rejection of the component compliance gate (first crossing),3312,250,0,1,0.0040000000000000036,1.600000000000015e-05,-0.007470107132458244,-0.01,CS lower bound vs threshold
compliance_boundary,allpairs_asympcs_projection_gaussian,false rejection of the component compliance gate (first crossing),3325,2350,18,10,-0.0034042553191488967,5.039641036581469e-06,-0.009809680690441185,-0.01,CS lower bound vs threshold
compliance_boundary,allpairs_asympcs_projection_gaussian,false rejection of the component compliance gate (first crossing),3329,200,0,1,0.0050000000000000044,2.5000000000000113e-05,-0.009646612185822046,-0.01,CS lower bound vs threshold
compliance_boundary,allpairs_asympcs_projection_gaussian,false rejection of the component compliance gate (first crossing),3338,250,0,1,0.0040000000000000036,1.600000000000015e-05,-0.007470107132458244,-0.01,CS lower bound vs threshold
compliance_boundary,allpairs_asympcs_projection_gaussian,false rejection of the component compliance gate (first crossing),3341,400,2,7,0.012499999999999956,5.556077694235593e-05,-0.00829632237089693,-0.01,CS lower bound vs threshold
compliance_boundary,allpairs_asympcs_projection_gaussian,false rejection of the component compliance gate (first crossing),3343,2150,19,16,-0.0013953488372092648,7.513072225224025e-06,-0.009188371262621824,-0.01,CS lower bound vs threshold
compliance_boundary,allpairs_asympcs_projection_gaussian,false rejection of the component compliance gate (first crossing),3345,800,4,4,0.0,1.2453066332916201e-05,-0.00976865840627761,-0.01,CS lower bound vs threshold
compliance_boundary,allpairs_asympcs_projection_gaussian,false rejection of the component compliance gate (first crossing),3353,2950,27,18,-0.0030508474576270705,5.131650585082877e-06,-0.009577009633023898,-0.01,CS lower bound vs threshold
compliance_boundary,allpairs_asympcs_projection_gaussian,false rejection of the component compliance gate (first crossing),3358,750,3,3,0.0,1.0638184245660677e-05,-0.009024282614473033,-0.01,CS lower bound vs threshold
compliance_boundary,allpairs_asympcs_projection_gaussian,false rejection of the component compliance gate (first crossing),3367,700,5,8,0.004285714285714337,2.6308720913257977e-05,-0.009901550138147593,-0.01,CS lower bound vs threshold
compliance_boundary,allpairs_asympcs_projection_gaussian,false rejection of the component compliance gate (first crossing),3373,1250,7,4,-0.0024000000000000687,7.012329863891027e-06,-0.009792039708220481,-0.01,CS lower bound vs threshold
compliance_boundary,allpairs_asympcs_projection_gaussian,false rejection of the component compliance gate (first crossing),3374,500,3,7,0.008000000000000007,3.9615230460921904e-05,-0.009453954343904319,-0.01,CS lower bound vs threshold
compliance_boundary,allpairs_asympcs_projection_gaussian,false rejection of the component compliance gate (first crossing),3376,500,2,5,0.006000000000000005,2.7823647294589207e-05,-0.00862748872100972,-0.01,CS lower bound vs threshold
compliance_boundary,allpairs_asympcs_projection_gaussian,false rejection of the component compliance gate (first crossing),3383,400,2,7,0.012499999999999956,5.556077694235593e-05,-0.00829632237089693,-0.01,CS lower bound vs threshold
compliance_boundary,allpairs_asympcs_projection_gaussian,false rejection of the component compliance gate (first crossing),3389,200,0,1,0.0050000000000000044,2.5000000000000113e-05,-0.009646612185822046,-0.01,CS lower bound vs threshold
compliance_boundary,allpairs_asympcs_projection_gaussian,false rejection of the component compliance gate (first crossing),3397,600,3,5,0.0033333333333332993,2.2101650899647387e-05,-0.009673999527519316,-0.01,CS lower bound vs threshold
compliance_boundary,allpairs_asympcs_projection_gaussian,false rejection of the component compliance gate (first crossing),3402,200,0,1,0.0050000000000000044,2.5000000000000113e-05,-0.009646612185822046,-0.01,CS lower bound vs threshold
compliance_boundary,allpairs_asympcs_projection_gaussian,false rejection of the component compliance gate (first crossing),3412,1950,15,10,-0.002564102564102555,6.534141988220923e-06,-0.009804364834519078,-0.01,CS lower bound vs threshold
compliance_boundary,allpairs_asympcs_projection_gaussian,false rejection of the component compliance gate (first crossing),3421,350,2,7,0.014285714285714346,7.244020817496032e-05,-0.009594124310666235,-0.01,CS lower bound vs threshold
compliance_boundary,allpairs_asympcs_projection_gaussian,false rejection of the component compliance gate (first crossing),3423,200,0,1,0.0050000000000000044,2.5000000000000113e-05,-0.009646612185822046,-0.01,CS lower bound vs threshold
compliance_boundary,allpairs_asympcs_projection_gaussian,false rejection of the component compliance gate (first crossing),3425,200,0,1,0.0050000000000000044,2.5000000000000113e-05,-0.009646612185822046,-0.01,CS lower bound vs threshold
compliance_boundary,allpairs_asympcs_projection_gaussian,false rejection of the component compliance gate (first crossing),3489,400,1,1,0.0,1.2499999999999318e-05,-0.009864098319507832,-0.01,CS lower bound vs threshold
compliance_boundary,allpairs_asympcs_projection_gaussian,false rejection of the component compliance gate (first crossing),3491,750,3,3,0.0,1.0638184245660677e-05,-0.009024282614473033,-0.01,CS lower bound vs threshold
compliance_boundary,allpairs_asympcs_projection_gaussian,false rejection of the component compliance gate (first crossing),3496,450,2,5,0.006666666666666599,3.432593692430358e-05,-0.009619144739763368,-0.01,CS lower bound vs threshold
compliance_boundary,allpairs_asympcs_projection_gaussian,false rejection of the component compliance gate (first crossing),3499,900,6,7,0.0011111111111110628,1.595050742251365e-05,-0.009960310124763684,-0.01,CS lower bound vs threshold
compliance_boundary,allpairs_asympcs_projection_gaussian,false rejection of the component compliance gate (first crossing),3513,400,1,2,0.0025000000000000577,1.8718671679197714e-05,-0.009570906873320888,-0.01,CS lower bound vs threshold
compliance_boundary,allpairs_asympcs_projection_gaussian,false rejection of the component compliance gate (first crossing),3521,200,0,1,0.0050000000000000044,2.5000000000000113e-05,-0.009646612185822046,-0.01,CS lower bound vs threshold
compliance_boundary,allpairs_asympcs_projection_gaussian,false rejection of the component compliance gate (first crossing),3535,200,0,1,0.0050000000000000044,2.5000000000000113e-05,-0.009646612185822046,-0.01,CS lower bound vs threshold
compliance_boundary,allpairs_asympcs_projection_gaussian,false rejection of the component compliance gate (first crossing),3542,200,0,1,0.0050000000000000044,2.5000000000000113e-05,-0.009646612185822046,-0.01,CS lower bound vs threshold
compliance_boundary,allpairs_asympcs_projection_gaussian,false rejection of the component compliance gate (first crossing),3550,400,1,0,-0.0024999999999999467,6.249999999999659e-06,-0.009474970812014764,-0.01,CS lower bound vs threshold
compliance_boundary,allpairs_asympcs_projection_gaussian,false rejection of the component compliance gate (first crossing),3558,1000,7,8,0.0010000000000000009,1.490190190190196e-05,-0.009720445096099943,-0.01,CS lower bound vs threshold
compliance_boundary,allpairs_asympcs_projection_gaussian,false rejection of the component compliance gate (first crossing),3560,1150,7,6,-0.0008695652173913437,9.782485304061669e-06,-0.009581866583430227,-0.01,CS lower bound vs threshold
compliance_boundary,allpairs_asympcs_projection_gaussian,false rejection of the component compliance gate (first crossing),3593,700,5,8,0.004285714285714337,2.6308720913257977e-05,-0.009901550138147593,-0.01,CS lower bound vs threshold
compliance_boundary,allpairs_asympcs_projection_gaussian,false rejection of the component compliance gate (first crossing),3594,200,0,1,0.0050000000000000044,2.5000000000000113e-05,-0.009646612185822046,-0.01,CS lower bound vs threshold
compliance_boundary,allpairs_asympcs_projection_gaussian,false rejection of the component compliance gate (first crossing),3614,200,0,1,0.0050000000000000044,2.5000000000000113e-05,-0.009646612185822046,-0.01,CS lower bound vs threshold
compliance_boundary,allpairs_asympcs_projection_gaussian,false rejection of the component compliance gate (first crossing),3621,200,0,4,0.020000000000000018,9.84924623115582e-05,-0.009071582667610843,-0.01,CS lower bound vs threshold
compliance_boundary,allpairs_asympcs_projection_gaussian,false rejection of the component compliance gate (first crossing),3638,300,1,5,0.01333333333333342,6.592344853214444e-05,-0.009642636222520044,-0.01,CS lower bound vs threshold
compliance_boundary,allpairs_asympcs_projection_gaussian,false rejection of the component compliance gate (first crossing),3649,400,1,0,-0.0024999999999999467,6.249999999999659e-06,-0.009474970812014764,-0.01,CS lower bound vs threshold
compliance_boundary,allpairs_asympcs_projection_gaussian,false rejection of the component compliance gate (first crossing),3666,950,7,9,0.002105263157894721,1.7595427757458584e-05,-0.009533033786330304,-0.01,CS lower bound vs threshold
compliance_boundary,allpairs_asympcs_projection_gaussian,false rejection of the component compliance gate (first crossing),3669,550,3,6,0.005454545454545379,2.9535293320688123e-05,-0.009594079657497662,-0.01,CS lower bound vs threshold
compliance_boundary,allpairs_asympcs_projection_gaussian,false rejection of the component compliance gate (first crossing),3672,600,3,5,0.0033333333333332993,2.2101650899647387e-05,-0.009673999527519316,-0.01,CS lower bound vs threshold
compliance_boundary,allpairs_asympcs_projection_gaussian,false rejection of the component compliance gate (first crossing),3681,400,1,1,0.0,1.2499999999999318e-05,-0.009864098319507832,-0.01,CS lower bound vs threshold
compliance_boundary,allpairs_asympcs_projection_gaussian,false rejection of the component compliance gate (first crossing),3689,400,1,1,0.0,1.2499999999999318e-05,-0.009864098319507832,-0.01,CS lower bound vs threshold
compliance_boundary,allpairs_asympcs_projection_gaussian,false rejection of the component compliance gate (first crossing),3693,4250,43,25,-0.004235294117647115,3.733356352522585e-06,-0.009894644543529466,-0.01,CS lower bound vs threshold
compliance_boundary,allpairs_asympcs_projection_gaussian,false rejection of the component compliance gate (first crossing),3695,1550,10,7,-0.001935483870967758,7.0404927081955155e-06,-0.009390240983189139,-0.01,CS lower bound vs threshold
compliance_boundary,allpairs_asympcs_projection_gaussian,false rejection of the component compliance gate (first crossing),3696,300,1,5,0.01333333333333342,6.592344853214444e-05,-0.009642636222520044,-0.01,CS lower bound vs threshold
compliance_boundary,allpairs_asympcs_projection_gaussian,false rejection of the component compliance gate (first crossing),3704,750,4,6,0.002666666666666706,1.7678089304257276e-05,-0.008966463714655983,-0.01,CS lower bound vs threshold
compliance_boundary,allpairs_asympcs_projection_gaussian,false rejection of the component compliance gate (first crossing),3723,850,6,8,0.0023529411764705577,1.9236961049229493e-05,-0.009796306482841906,-0.01,CS lower bound vs threshold
compliance_boundary,allpairs_asympcs_projection_gaussian,false rejection of the component compliance gate (first crossing),3732,200,0,1,0.0050000000000000044,2.5000000000000113e-05,-0.009646612185822046,-0.01,CS lower bound vs threshold
compliance_boundary,allpairs_asympcs_projection_gaussian,false rejection of the component compliance gate (first crossing),3780,250,0,1,0.0040000000000000036,1.600000000000015e-05,-0.007470107132458244,-0.01,CS lower bound vs threshold
compliance_boundary,allpairs_asympcs_projection_gaussian,false rejection of the component compliance gate (first crossing),3790,900,5,5,0.0,1.2290748293714428e-05,-0.009718635303782438,-0.01,CS lower bound vs threshold
compliance_boundary,allpairs_asympcs_projection_gaussian,false rejection of the component compliance gate (first crossing),3813,300,0,1,0.0033333333333332993,1.1111111111111146e-05,-0.006099293065164107,-0.01,CS lower bound vs threshold
compliance_boundary,allpairs_asympcs_projection_gaussian,false rejection of the component compliance gate (first crossing),3814,5450,60,35,-0.004587155963302725,3.1691591891815087e-06,-0.009863056469072498,-0.01,CS lower bound vs threshold
compliance_boundary,allpairs_asympcs_projection_gaussian,false rejection of the component compliance gate (first crossing),3818,250,0,1,0.0040000000000000036,1.600000000000015e-05,-0.007470107132458244,-0.01,CS lower bound vs threshold
compliance_boundary,allpairs_asympcs_projection_gaussian,false rejection of the component compliance gate (first crossing),3836,700,4,6,0.0028571428571428914,2.028553910834704e-05,-0.009600677765757895,-0.01,CS lower bound vs threshold
compliance_boundary,allpairs_asympcs_projection_gaussian,false rejection of the component compliance gate (first crossing),3837,1200,8,7,-0.0008333333333333526,1.0359906403484485e-05,-0.00980857266482852,-0.01,CS lower bound vs threshold
compliance_boundary,allpairs_asympcs_projection_gaussian,false rejection of the component compliance gate (first crossing),3846,1300,11,12,0.0007692307692308553,1.3499232454641813e-05,-0.009498052964335878,-0.01,CS lower bound vs threshold
compliance_boundary,allpairs_asympcs_projection_gaussian,false rejection of the component compliance gate (first crossing),3847,750,4,5,0.0013333333333334085,1.592404687731791e-05,-0.00970759669457863,-0.01,CS lower bound vs threshold
compliance_boundary,allpairs_asympcs_projection_gaussian,false rejection of the component compliance gate (first crossing),3848,250,0,3,0.01200000000000001,4.7614457831325275e-05,-0.007786861082585278,-0.01,CS lower bound vs threshold
compliance_boundary,allpairs_asympcs_projection_gaussian,false rejection of the component compliance gate (first crossing),3868,350,1,4,0.008571428571428563,4.053564119057395e-05,-0.009291804541536584,-0.01,CS lower bound vs threshold
compliance_boundary,allpairs_asympcs_projection_gaussian,false rejection of the component compliance gate (first crossing),3871,200,0,1,0.0050000000000000044,2.5000000000000113e-05,-0.009646612185822046,-0.01,CS lower bound vs threshold
compliance_boundary,allpairs_asympcs_projection_gaussian,false rejection of the component compliance gate (first crossing),3894,200,0,1,0.0050000000000000044,2.5000000000000113e-05,-0.009646612185822046,-0.01,CS lower bound vs threshold
compliance_boundary,allpairs_asympcs_projection_gaussian,false rejection of the component compliance gate (first crossing),3918,400,1,4,0.007500000000000062,3.106203007518786e-05,-0.00804953133365552,-0.01,CS lower bound vs threshold
compliance_boundary,allpairs_asympcs_projection_gaussian,false rejection of the component compliance gate (first crossing),3929,200,0,1,0.0050000000000000044,2.5000000000000113e-05,-0.009646612185822046,-0.01,CS lower bound vs threshold
compliance_boundary,allpairs_asympcs_projection_gaussian,false rejection of the component compliance gate (first crossing),3944,5000,58,37,-0.0042000000000000925,3.7628885777155344e-06,-0.009925345593953467,-0.01,CS lower bound vs threshold
compliance_boundary,allpairs_asympcs_projection_gaussian,false rejection of the component compliance gate (first crossing),3951,4450,44,24,-0.004494382022471988,3.4061690731146947e-06,-0.00991170292573208,-0.01,CS lower bound vs threshold
compliance_boundary,allpairs_asympcs_projection_gaussian,false rejection of the component compliance gate (first crossing),3960,650,3,5,0.003076923076923088,1.884009080879993e-05,-0.008928468102357609,-0.01,CS lower bound vs threshold
compliance_boundary,allpairs_asympcs_projection_gaussian,false rejection of the component compliance gate (first crossing),3963,800,4,5,0.0012499999999999734,1.3999921777221556e-05,-0.00910761054529116,-0.01,CS lower bound vs threshold
compliance_boundary,allpairs_asympcs_projection_gaussian,false rejection of the component compliance gate (first crossing),3974,8100,101,58,-0.00530864197530867,2.3981821965823186e-06,-0.009986833543458997,-0.01,CS lower bound vs threshold
compliance_boundary,allpairs_asympcs_projection_gaussian,false rejection of the component compliance gate (first crossing),3988,800,5,7,0.0025000000000000577,1.8628754693366752e-05,-0.009447820369279668,-0.01,CS lower bound vs threshold
compliance_boundary,allpairs_asympcs_projection_gaussian,false rejection of the component compliance gate (first crossing),3991,400,1,0,-0.0024999999999999467,6.249999999999659e-06,-0.009474970812014764,-0.01,CS lower bound vs threshold
compliance_boundary,allpairs_asympcs_projection_gaussian,false rejection of the component compliance gate (first crossing),4011,5350,50,22,-0.005233644859813036,2.496483506940955e-06,-0.009912123188379881,-0.01,CS lower bound vs threshold
compliance_boundary,allpairs_asympcs_projection_gaussian,false rejection of the component compliance gate (first crossing),4029,2200,22,18,-0.0018181818181818299,8.192303789476128e-06,-0.00996327168826449,-0.01,CS lower bound vs threshold
compliance_boundary,allpairs_asympcs_projection_gaussian,false rejection of the component compliance gate (first crossing),4038,400,1,1,0.0,1.2499999999999318e-05,-0.009864098319507832,-0.01,CS lower bound vs threshold
compliance_boundary,allpairs_asympcs_projection_gaussian,false rejection of the component compliance gate (first crossing),4040,200,0,1,0.0050000000000000044,2.5000000000000113e-05,-0.009646612185822046,-0.01,CS lower bound vs threshold
compliance_boundary,allpairs_asympcs_projection_gaussian,false rejection of the component compliance gate (first crossing),4136,250,0,2,0.008000000000000007,3.1871485943775244e-05,-0.008188575646545068,-0.01,CS lower bound vs threshold
compliance_boundary,allpairs_asympcs_projection_gaussian,false rejection of the component compliance gate (first crossing),4144,200,0,1,0.0050000000000000044,2.5000000000000113e-05,-0.009646612185822046,-0.01,CS lower bound vs threshold
compliance_boundary,allpairs_asympcs_projection_gaussian,false rejection of the component compliance gate (first crossing),4206,200,0,4,0.020000000000000018,9.84924623115582e-05,-0.009071582667610843,-0.01,CS lower bound vs threshold
compliance_boundary,allpairs_asympcs_projection_gaussian,false rejection of the component compliance gate (first crossing),4210,200,0,1,0.0050000000000000044,2.5000000000000113e-05,-0.009646612185822046,-0.01,CS lower bound vs threshold
compliance_boundary,allpairs_asympcs_projection_gaussian,false rejection of the component compliance gate (first crossing),4249,1200,10,11,0.0008333333333333526,1.4467496061532599e-05,-0.009772988687696662,-0.01,CS lower bound vs threshold
compliance_boundary,allpairs_asympcs_projection_gaussian,false rejection of the component compliance gate (first crossing),4253,1050,7,7,0.0,1.262578116724931e-05,-0.009877460667182897,-0.01,CS lower bound vs threshold
compliance_boundary,allpairs_asympcs_projection_gaussian,false rejection of the component compliance gate (first crossing),4267,2700,29,24,-0.0018518518518518823,7.200909141271078e-06,-0.009553106478441755,-0.01,CS lower bound vs threshold
compliance_boundary,allpairs_asympcs_projection_gaussian,false rejection of the component compliance gate (first crossing),4278,2300,20,14,-0.002608695652173809,6.381010565126143e-06,-0.009810031058098275,-0.01,CS lower bound vs threshold
compliance_boundary,allpairs_asympcs_projection_gaussian,false rejection of the component compliance gate (first crossing),4281,200,0,1,0.0050000000000000044,2.5000000000000113e-05,-0.009646612185822046,-0.01,CS lower bound vs threshold
compliance_boundary,allpairs_asympcs_projection_gaussian,false rejection of the component compliance gate (first crossing),4296,550,2,3,0.0018181818181818299,1.6480753887609398e-05,-0.00942307102151892,-0.01,CS lower bound vs threshold
compliance_boundary,allpairs_asympcs_projection_gaussian,false rejection of the component compliance gate (first crossing),4300,700,3,5,0.0028571428571427804,1.6250620419841714e-05,-0.00829308569385809,-0.01,CS lower bound vs threshold
compliance_boundary,allpairs_asympcs_projection_gaussian,false rejection of the component compliance gate (first crossing),4329,600,2,2,0.0,1.109256167686889e-05,-0.009214925379439609,-0.01,CS lower bound vs threshold
compliance_boundary,allpairs_asympcs_projection_gaussian,false rejection of the component compliance gate (first crossing),4330,2000,19,16,-0.0014999999999999458,8.67721360680338e-06,-0.009851560517998206,-0.01,CS lower bound vs threshold
compliance_boundary,allpairs_asympcs_projection_gaussian,false rejection of the component compliance gate (first crossing),4369,400,1,0,-0.0024999999999999467,6.249999999999659e-06,-0.009474970812014764,-0.01,CS lower bound vs threshold
compliance_boundary,allpairs_asympcs_projection_gaussian,false rejection of the component compliance gate (first crossing),4370,250,0,2,0.008000000000000007,3.1871485943775244e-05,-0.008188575646545068,-0.01,CS lower bound vs threshold
compliance_boundary,allpairs_asympcs_projection_gaussian,false rejection of the component compliance gate (first crossing),4392,250,0,2,0.008000000000000007,3.1871485943775244e-05,-0.008188575646545068,-0.01,CS lower bound vs threshold
compliance_boundary,allpairs_asympcs_projection_gaussian,false rejection of the component compliance gate (first crossing),4423,400,1,1,0.0,1.2499999999999318e-05,-0.009864098319507832,-0.01,CS lower bound vs threshold
compliance_boundary,allpairs_asympcs_projection_gaussian,false rejection of the component compliance gate (first crossing),4449,3200,30,18,-0.003750000000000031,4.6516001094091744e-06,-0.009985754263711996,-0.01,CS lower bound vs threshold
compliance_boundary,allpairs_asympcs_projection_gaussian,false rejection of the component compliance gate (first crossing),4467,400,1,0,-0.0024999999999999467,6.249999999999659e-06,-0.009474970812014764,-0.01,CS lower bound vs threshold
compliance_boundary,allpairs_asympcs_projection_gaussian,false rejection of the component compliance gate (first crossing),4472,750,4,5,0.0013333333333334085,1.592404687731791e-05,-0.00970759669457863,-0.01,CS lower bound vs threshold
compliance_boundary,allpairs_asympcs_projection_gaussian,false rejection of the component compliance gate (first crossing),4495,200,0,1,0.0050000000000000044,2.5000000000000113e-05,-0.009646612185822046,-0.01,CS lower bound vs threshold
compliance_boundary,allpairs_asympcs_projection_gaussian,false rejection of the component compliance gate (first crossing),4501,1200,9,9,0.0,1.2416597164303434e-05,-0.009825833891530814,-0.01,CS lower bound vs threshold
compliance_boundary,allpairs_asympcs_projection_gaussian,false rejection of the component compliance gate (first crossing),4510,200,0,1,0.0050000000000000044,2.5000000000000113e-05,-0.009646612185822046,-0.01,CS lower bound vs threshold
compliance_boundary,allpairs_asympcs_projection_gaussian,false rejection of the component compliance gate (first crossing),4511,400,1,3,0.0050000000000000044,2.490601503759342e-05,-0.00892369523836457,-0.01,CS lower bound vs threshold
compliance_boundary,allpairs_asympcs_projection_gaussian,false rejection of the component compliance gate (first crossing),4517,600,3,5,0.0033333333333332993,2.2101650899647387e-05,-0.009673999527519316,-0.01,CS lower bound vs threshold
compliance_boundary,allpairs_asympcs_projection_gaussian,false rejection of the component compliance gate (first crossing),4522,400,1,0,-0.0024999999999999467,6.249999999999659e-06,-0.009474970812014764,-0.01,CS lower bound vs threshold
compliance_boundary,allpairs_asympcs_projection_gaussian,false rejection of the component compliance gate (first crossing),4560,300,1,5,0.01333333333333342,6.592344853214444e-05,-0.009642636222520044,-0.01,CS lower bound vs threshold
compliance_boundary,allpairs_asympcs_projection_gaussian,false rejection of the component compliance gate (first crossing),4570,200,0,1,0.0050000000000000044,2.5000000000000113e-05,-0.009646612185822046,-0.01,CS lower bound vs threshold
compliance_boundary,allpairs_asympcs_projection_gaussian,false rejection of the component compliance gate (first crossing),4578,200,0,1,0.0050000000000000044,2.5000000000000113e-05,-0.009646612185822046,-0.01,CS lower bound vs threshold
compliance_boundary,allpairs_asympcs_projection_gaussian,false rejection of the component compliance gate (first crossing),4656,200,0,1,0.0050000000000000044,2.5000000000000113e-05,-0.009646612185822046,-0.01,CS lower bound vs threshold
compliance_boundary,allpairs_asympcs_projection_gaussian,false rejection of the component compliance gate (first crossing),4658,250,0,3,0.01200000000000001,4.7614457831325275e-05,-0.007786861082585278,-0.01,CS lower bound vs threshold
compliance_boundary,allpairs_asympcs_projection_gaussian,false rejection of the component compliance gate (first crossing),4692,400,1,2,0.0025000000000000577,1.8718671679197714e-05,-0.009570906873320888,-0.01,CS lower bound vs threshold
compliance_boundary,allpairs_asympcs_projection_gaussian,false rejection of the component compliance gate (first crossing),4713,600,4,8,0.006666666666666599,3.301799295121501e-05,-0.009231653250069308,-0.01,CS lower bound vs threshold
compliance_boundary,allpairs_asympcs_projection_gaussian,false rejection of the component compliance gate (first crossing),4732,3700,43,31,-0.00324324324324321,5.351376233206978e-06,-0.009975606443590324,-0.01,CS lower bound vs threshold
compliance_boundary,allpairs_asympcs_projection_gaussian,false rejection of the component compliance gate (first crossing),4745,5050,55,32,-0.0045544554455445585,3.3806603335541913e-06,-0.009983795958133694,-0.01,CS lower bound vs threshold
compliance_boundary,allpairs_asympcs_projection_gaussian,false rejection of the component compliance gate (first crossing),4765,250,0,2,0.008000000000000007,3.1871485943775244e-05,-0.008188575646545068,-0.01,CS lower bound vs threshold
compliance_boundary,allpairs_asympcs_projection_gaussian,false rejection of the component compliance gate (first crossing),4785,3850,35,18,-0.004415584415584317,3.549423350822262e-06,-0.009908534978915001,-0.01,CS lower bound vs threshold
compliance_boundary,allpairs_asympcs_projection_gaussian,false rejection of the component compliance gate (first crossing),4812,200,0,1,0.0050000000000000044,2.5000000000000113e-05,-0.009646612185822046,-0.01,CS lower bound vs threshold
compliance_boundary,allpairs_asympcs_projection_gaussian,false rejection of the component compliance gate (first crossing),4831,350,1,4,0.008571428571428563,4.053564119057395e-05,-0.009291804541536584,-0.01,CS lower bound vs threshold
compliance_boundary,allpairs_asympcs_projection_gaussian,false rejection of the component compliance gate (first crossing),4847,200,0,1,0.0050000000000000044,2.5000000000000113e-05,-0.009646612185822046,-0.01,CS lower bound vs threshold
compliance_boundary,allpairs_asympcs_projection_gaussian,false rejection of the component compliance gate (first crossing),4854,250,0,3,0.01200000000000001,4.7614457831325275e-05,-0.007786861082585278,-0.01,CS lower bound vs threshold
compliance_boundary,allpairs_asympcs_projection_gaussian,false rejection of the component compliance gate (first crossing),4861,200,0,1,0.0050000000000000044,2.5000000000000113e-05,-0.009646612185822046,-0.01,CS lower bound vs threshold
compliance_boundary,allpairs_asympcs_projection_gaussian,false rejection of the component compliance gate (first crossing),4863,450,2,5,0.006666666666666599,3.432593692430358e-05,-0.009619144739763368,-0.01,CS lower bound vs threshold
compliance_boundary,allpairs_asympcs_projection_gaussian,false rejection of the component compliance gate (first crossing),4895,700,4,6,0.0028571428571428914,2.028553910834704e-05,-0.009600677765757895,-0.01,CS lower bound vs threshold
compliance_boundary,allpairs_asympcs_projection_gaussian,false rejection of the component compliance gate (first crossing),4913,200,0,1,0.0050000000000000044,2.5000000000000113e-05,-0.009646612185822046,-0.01,CS lower bound vs threshold
compliance_boundary,allpairs_asympcs_projection_gaussian,false rejection of the component compliance gate (first crossing),4941,400,1,3,0.0050000000000000044,2.490601503759342e-05,-0.00892369523836457,-0.01,CS lower bound vs threshold
compliance_boundary,allpairs_asympcs_projection_gaussian,false rejection of the component compliance gate (first crossing),4991,650,4,7,0.004615384615384577,2.5838568211449513e-05,-0.00944408837916456,-0.01,CS lower bound vs threshold
compliance_boundary,allpairs_asympcs_projection_gaussian,false rejection of the component compliance gate (first crossing),5008,250,0,2,0.008000000000000007,3.1871485943775244e-05,-0.008188575646545068,-0.01,CS lower bound vs threshold
compliance_boundary,allpairs_asympcs_projection_gaussian,false rejection of the component compliance gate (first crossing),5012,5800,67,40,-0.004655172413793096,3.150072616972981e-06,-0.00993087286689064,-0.01,CS lower bound vs threshold
compliance_boundary,allpairs_asympcs_projection_gaussian,false rejection of the component compliance gate (first crossing),5019,400,1,3,0.0050000000000000044,2.490601503759342e-05,-0.00892369523836457,-0.01,CS lower bound vs threshold
compliance_boundary,allpairs_asympcs_projection_gaussian,false rejection of the component compliance gate (first crossing),5041,9650,107,49,-0.006010362694300553,1.6599724617963862e-06,-0.00993578913337317,-0.01,CS lower bound vs threshold
compliance_boundary,allpairs_asympcs_projection_gaussian,false rejection of the component compliance gate (first crossing),5043,750,4,5,0.0013333333333334085,1.592404687731791e-05,-0.00970759669457863,-0.01,CS lower bound vs threshold
compliance_boundary,allpairs_asympcs_projection_gaussian,false rejection of the component compliance gate (first crossing),5049,400,1,1,0.0,1.2499999999999318e-05,-0.009864098319507832,-0.01,CS lower bound vs threshold
compliance_boundary,allpairs_asympcs_projection_gaussian,false rejection of the component compliance gate (first crossing),5077,400,1,1,0.0,1.2499999999999318e-05,-0.009864098319507832,-0.01,CS lower bound vs threshold
compliance_boundary,allpairs_asympcs_projection_gaussian,false rejection of the component compliance gate (first crossing),5080,400,1,0,-0.0024999999999999467,6.249999999999659e-06,-0.009474970812014764,-0.01,CS lower bound vs threshold
compliance_boundary,allpairs_asympcs_projection_gaussian,false rejection of the component compliance gate (first crossing),5102,8750,112,65,-0.0053714285714285825,2.287066836793007e-06,-0.00995714017148134,-0.01,CS lower bound vs threshold
compliance_boundary,allpairs_asympcs_projection_gaussian,false rejection of the component compliance gate (first crossing),5111,550,2,3,0.0018181818181818299,1.6480753887609398e-05,-0.00942307102151892,-0.01,CS lower bound vs threshold
compliance_boundary,allpairs_asympcs_projection_gaussian,false rejection of the component compliance gate (first crossing),5113,200,0,1,0.0050000000000000044,2.5000000000000113e-05,-0.009646612185822046,-0.01,CS lower bound vs threshold
compliance_boundary,allpairs_asympcs_projection_gaussian,false rejection of the component compliance gate (first crossing),5114,250,0,1,0.0040000000000000036,1.600000000000015e-05,-0.007470107132458244,-0.01,CS lower bound vs threshold
compliance_boundary,allpairs_asympcs_projection_gaussian,false rejection of the component compliance gate (first crossing),5126,250,0,3,0.01200000000000001,4.7614457831325275e-05,-0.007786861082585278,-0.01,CS lower bound vs threshold
compliance_boundary,allpairs_asympcs_projection_gaussian,false rejection of the component compliance gate (first crossing),5142,250,0,2,0.008000000000000007,3.1871485943775244e-05,-0.008188575646545068,-0.01,CS lower bound vs threshold
compliance_boundary,allpairs_asympcs_projection_gaussian,false rejection of the component compliance gate (first crossing),5152,650,5,9,0.006153846153846176,3.280057621648236e-05,-0.009686897144345692,-0.01,CS lower bound vs threshold
compliance_boundary,allpairs_asympcs_projection_gaussian,false rejection of the component compliance gate (first crossing),5154,200,0,1,0.0050000000000000044,2.5000000000000113e-05,-0.009646612185822046,-0.01,CS lower bound vs threshold
compliance_boundary,allpairs_asympcs_projection_gaussian,false rejection of the component compliance gate (first crossing),5170,200,0,1,0.0050000000000000044,2.5000000000000113e-05,-0.009646612185822046,-0.01,CS lower bound vs threshold
compliance_boundary,allpairs_asympcs_projection_gaussian,false rejection of the component compliance gate (first crossing),5184,450,2,5,0.006666666666666599,3.432593692430358e-05,-0.009619144739763368,-0.01,CS lower bound vs threshold
compliance_boundary,allpairs_asympcs_projection_gaussian,false rejection of the component compliance gate (first crossing),5198,200,0,1,0.0050000000000000044,2.5000000000000113e-05,-0.009646612185822046,-0.01,CS lower bound vs threshold
compliance_boundary,allpairs_asympcs_projection_gaussian,false rejection of the component compliance gate (first crossing),5215,2500,24,18,-0.0024000000000000687,6.6650660264105435e-06,-0.009785152396136636,-0.01,CS lower bound vs threshold
compliance_boundary,allpairs_asympcs_projection_gaussian,false rejection of the component compliance gate (first crossing),5238,200,0,1,0.0050000000000000044,2.5000000000000113e-05,-0.009646612185822046,-0.01,CS lower bound vs threshold
compliance_boundary,allpairs_asympcs_projection_gaussian,false rejection of the component compliance gate (first crossing),5242,750,4,5,0.0013333333333334085,1.592404687731791e-05,-0.00970759669457863,-0.01,CS lower bound vs threshold
compliance_boundary,allpairs_asympcs_projection_gaussian,false rejection of the component compliance gate (first crossing),5246,750,4,5,0.0013333333333334085,1.592404687731791e-05,-0.00970759669457863,-0.01,CS lower bound vs threshold
compliance_boundary,allpairs_asympcs_projection_gaussian,false rejection of the component compliance gate (first crossing),5251,400,1,0,-0.0024999999999999467,6.249999999999659e-06,-0.009474970812014764,-0.01,CS lower bound vs threshold
compliance_boundary,allpairs_asympcs_projection_gaussian,false rejection of the component compliance gate (first crossing),5262,400,1,0,-0.0024999999999999467,6.249999999999659e-06,-0.009474970812014764,-0.01,CS lower bound vs threshold
compliance_boundary,allpairs_asympcs_projection_gaussian,false rejection of the component compliance gate (first crossing),5270,200,0,1,0.0050000000000000044,2.5000000000000113e-05,-0.009646612185822046,-0.01,CS lower bound vs threshold
compliance_boundary,allpairs_asympcs_projection_gaussian,false rejection of the component compliance gate (first crossing),5286,1750,15,13,-0.0011428571428571122,9.074526551615584e-06,-0.009641470951748155,-0.01,CS lower bound vs threshold
compliance_boundary,allpairs_asympcs_projection_gaussian,false rejection of the component compliance gate (first crossing),5306,2500,25,19,-0.0023999999999999577,6.979687875150112e-06,-0.009957449163624755,-0.01,CS lower bound vs threshold
compliance_boundary,allpairs_asympcs_projection_gaussian,false rejection of the component compliance gate (first crossing),5310,400,1,1,0.0,1.2499999999999318e-05,-0.009864098319507832,-0.01,CS lower bound vs threshold
compliance_boundary,allpairs_asympcs_projection_gaussian,false rejection of the component compliance gate (first crossing),5317,700,7,12,0.0071428571428571175,3.8267495839537646e-05,-0.009967686885195424,-0.01,CS lower bound vs threshold
compliance_boundary,allpairs_asympcs_projection_gaussian,false rejection of the component compliance gate (first crossing),5320,200,0,1,0.0050000000000000044,2.5000000000000113e-05,-0.009646612185822046,-0.01,CS lower bound vs threshold
compliance_boundary,allpairs_asympcs_projection_gaussian,false rejection of the component compliance gate (first crossing),5334,250,0,2,0.008000000000000007,3.1871485943775244e-05,-0.008188575646545068,-0.01,CS lower bound vs threshold
compliance_boundary,allpairs_asympcs_projection_gaussian,false rejection of the component compliance gate (first crossing),5357,450,2,5,0.006666666666666599,3.432593692430358e-05,-0.009619144739763368,-0.01,CS lower bound vs threshold
compliance_boundary,allpairs_asympcs_projection_gaussian,false rejection of the component compliance gate (first crossing),5407,650,3,4,0.0015384615384615996,1.650240242156798e-05,-0.009697452459679793,-0.01,CS lower bound vs threshold
compliance_boundary,allpairs_asympcs_projection_gaussian,false rejection of the component compliance gate (first crossing),5424,500,2,4,0.0040000000000000036,2.388777555110235e-05,-0.009553473067368444,-0.01,CS lower bound vs threshold
compliance_boundary,allpairs_asympcs_projection_gaussian,false rejection of the component compliance gate (first crossing),5451,850,6,8,0.0023529411764705577,1.9236961049229493e-05,-0.009796306482841906,-0.01,CS lower bound vs threshold
compliance_boundary,allpairs_asympcs_projection_gaussian,false rejection of the component compliance gate (first crossing),5465,550,3,6,0.005454545454545379,2.9535293320688123e-05,-0.009594079657497662,-0.01,CS lower bound vs threshold
compliance_boundary,allpairs_asympcs_projection_gaussian,false rejection of the component compliance gate (first crossing),5477,3350,38,28,-0.0029850746268657025,5.823518303359423e-06,-0.00997657480522246,-0.01,CS lower bound vs threshold
compliance_boundary,allpairs_asympcs_projection_gaussian,false rejection of the component compliance gate (first crossing),5501,400,1,1,0.0,1.2499999999999318e-05,-0.009864098319507832,-0.01,CS lower bound vs threshold
compliance_boundary,allpairs_asympcs_projection_gaussian,false rejection of the component compliance gate (first crossing),5502,750,4,5,0.0013333333333334085,1.592404687731791e-05,-0.00970759669457863,-0.01,CS lower bound vs threshold
compliance_boundary,allpairs_asympcs_projection_gaussian,false rejection of the component compliance gate (first crossing),5517,250,0,2,0.008000000000000007,3.1871485943775244e-05,-0.008188575646545068,-0.01,CS lower bound vs threshold
compliance_boundary,allpairs_asympcs_projection_gaussian,false rejection of the component compliance gate (first crossing),5519,400,1,0,-0.0024999999999999467,6.249999999999659e-06,-0.009474970812014764,-0.01,CS lower bound vs threshold
compliance_boundary,allpairs_asympcs_projection_gaussian,false rejection of the component compliance gate (first crossing),5522,6950,83,48,-0.005035971223021685,2.6850769105445535e-06,-0.009949436580562502,-0.01,CS lower bound vs threshold
compliance_boundary,allpairs_asympcs_projection_gaussian,false rejection of the component compliance gate (first crossing),5528,600,3,5,0.0033333333333332993,2.2101650899647387e-05,-0.009673999527519316,-0.01,CS lower bound vs threshold
compliance_boundary,allpairs_asympcs_projection_gaussian,false rejection of the component compliance gate (first crossing),5552,250,0,2,0.008000000000000007,3.1871485943775244e-05,-0.008188575646545068,-0.01,CS lower bound vs threshold
compliance_boundary,allpairs_asympcs_projection_gaussian,false rejection of the component compliance gate (first crossing),5590,850,6,8,0.0023529411764705577,1.9236961049229493e-05,-0.009796306482841906,-0.01,CS lower bound vs threshold
compliance_boundary,allpairs_asympcs_projection_gaussian,false rejection of the component compliance gate (first crossing),5595,1400,11,10,-0.0007142857142857784,1.0641347318055137e-05,-0.009849883567488952,-0.01,CS lower bound vs threshold
compliance_boundary,allpairs_asympcs_projection_gaussian,false rejection of the component compliance gate (first crossing),5609,200,0,1,0.0050000000000000044,2.5000000000000113e-05,-0.009646612185822046,-0.01,CS lower bound vs threshold
compliance_boundary,allpairs_asympcs_projection_gaussian,false rejection of the component compliance gate (first crossing),5610,200,0,1,0.0050000000000000044,2.5000000000000113e-05,-0.009646612185822046,-0.01,CS lower bound vs threshold
compliance_boundary,allpairs_asympcs_projection_gaussian,false rejection of the component compliance gate (first crossing),5620,850,6,8,0.0023529411764705577,1.9236961049229493e-05,-0.009796306482841906,-0.01,CS lower bound vs threshold
compliance_boundary,allpairs_asympcs_projection_gaussian,false rejection of the component compliance gate (first crossing),5629,2850,25,15,-0.0035087719298245723,4.889589377124033e-06,-0.009869603085663689,-0.01,CS lower bound vs threshold
compliance_boundary,allpairs_asympcs_projection_gaussian,false rejection of the component compliance gate (first crossing),5632,4750,44,20,-0.00505263157894742,2.815361041163922e-06,-0.009992925926877443,-0.01,CS lower bound vs threshold
compliance_boundary,allpairs_asympcs_projection_gaussian,false rejection of the component compliance gate (first crossing),5635,200,0,1,0.0050000000000000044,2.5000000000000113e-05,-0.009646612185822046,-0.01,CS lower bound vs threshold
compliance_boundary,allpairs_asympcs_projection_gaussian,false rejection of the component compliance gate (first crossing),5666,6900,82,47,-0.005072463768115876,2.682711048625832e-06,-0.009982047169861865,-0.01,CS lower bound vs threshold
compliance_boundary,allpairs_asympcs_projection_gaussian,false rejection of the component compliance gate (first crossing),5678,250,0,2,0.008000000000000007,3.1871485943775244e-05,-0.008188575646545068,-0.01,CS lower bound vs threshold
compliance_boundary,allpairs_asympcs_projection_gaussian,false rejection of the component compliance gate (first crossing),5724,8100,87,40,-0.005802469135802402,1.9186643175176053e-06,-0.00998690016558135,-0.01,CS lower bound vs threshold
compliance_boundary,allpairs_asympcs_projection_gaussian,false rejection of the component compliance gate (first crossing),5742,900,4,2,-0.0022222222222222365,7.388181655886632e-06,-0.009757250829919888,-0.01,CS lower bound vs threshold
compliance_boundary,allpairs_asympcs_projection_gaussian,false rejection of the component compliance gate (first crossing),5757,850,7,10,0.003529411764705892,2.331421864110408e-05,-0.009845520300533237,-0.01,CS lower bound vs threshold
compliance_boundary,allpairs_asympcs_projection_gaussian,false rejection of the component compliance gate (first crossing),5780,250,0,2,0.008000000000000007,3.1871485943775244e-05,-0.008188575646545068,-0.01,CS lower bound vs threshold
compliance_boundary,allpairs_asympcs_projection_gaussian,false rejection of the component compliance gate (first crossing),5787,750,4,5,0.0013333333333334085,1.592404687731791e-05,-0.00970759669457863,-0.01,CS lower bound vs threshold
compliance_boundary,allpairs_asympcs_projection_gaussian,false rejection of the component compliance gate (first crossing),5789,1250,10,10,0.0,1.270776621297047e-05,-0.009951023014840233,-0.01,CS lower bound vs threshold
compliance_boundary,allpairs_asympcs_projection_gaussian,false rejection of the component compliance gate (first crossing),5793,200,0,1,0.0050000000000000044,2.5000000000000113e-05,-0.009646612185822046,-0.01,CS lower bound vs threshold
compliance_boundary,allpairs_asympcs_projection_gaussian,false rejection of the component compliance gate (first crossing),5810,450,2,5,0.006666666666666599,3.432593692430358e-05,-0.009619144739763368,-0.01,CS lower bound vs threshold
compliance_boundary,allpairs_asympcs_projection_gaussian,false rejection of the component compliance gate (first crossing),5814,2250,20,15,-0.0022222222222221255,6.861760233629203e-06,-0.00968329013563459,-0.01,CS lower bound vs threshold
compliance_boundary,allpairs_asympcs_projection_gaussian,false rejection of the component compliance gate (first crossing),5827,800,5,7,0.0025000000000000577,1.8628754693366752e-05,-0.009447820369279668,-0.01,CS lower bound vs threshold
compliance_boundary,allpairs_asympcs_projection_gaussian,false rejection of the component compliance gate (first crossing),5849,250,0,2,0.008000000000000007,3.1871485943775244e-05,-0.008188575646545068,-0.01,CS lower bound vs threshold
compliance_boundary,allpairs_asympcs_projection_gaussian,false rejection of the component compliance gate (first crossing),5860,250,0,1,0.0040000000000000036,1.600000000000015e-05,-0.007470107132458244,-0.01,CS lower bound vs threshold
compliance_boundary,allpairs_asympcs_projection_gaussian,false rejection of the component compliance gate (first crossing),5882,200,0,1,0.0050000000000000044,2.5000000000000113e-05,-0.009646612185822046,-0.01,CS lower bound vs threshold
compliance_boundary,allpairs_asympcs_projection_gaussian,false rejection of the component compliance gate (first crossing),5921,600,2,4,0.0033333333333334103,1.6601743646818856e-05,-0.00794001037960088,-0.01,CS lower bound vs threshold
compliance_boundary,allpairs_asympcs_projection_gaussian,false rejection of the component compliance gate (first crossing),5940,2300,22,18,-0.0017391304347825765,7.49828765856118e-06,-0.00954550446004969,-0.01,CS lower bound vs threshold
compliance_boundary,allpairs_asympcs_projection_gaussian,false rejection of the component compliance gate (first crossing),5945,600,3,5,0.0033333333333332993,2.2101650899647387e-05,-0.009673999527519316,-0.01,CS lower bound vs threshold
compliance_boundary,allpairs_asympcs_projection_gaussian,false rejection of the component compliance gate (first crossing),5946,500,2,4,0.0040000000000000036,2.388777555110235e-05,-0.009553473067368444,-0.01,CS lower bound vs threshold
compliance_boundary,allpairs_asympcs_projection_gaussian,false rejection of the component compliance gate (first crossing),5954,650,5,9,0.006153846153846176,3.280057621648236e-05,-0.009686897144345692,-0.01,CS lower bound vs threshold
compliance_boundary,allpairs_asympcs_projection_gaussian,false rejection of the component compliance gate (first crossing),5973,450,2,5,0.006666666666666599,3.432593692430358e-05,-0.009619144739763368,-0.01,CS lower bound vs threshold
compliance_boundary,allpairs_asympcs_projection_gaussian,false rejection of the component compliance gate (first crossing),5995,2200,16,8,-0.0036363636363636598,4.930866396822024e-06,-0.009955452662218627,-0.01,CS lower bound vs threshold
compliance_boundary,allpairs_asympcs_projection_gaussian,false rejection of the component compliance gate (first crossing),6000,400,1,3,0.0050000000000000044,2.490601503759342e-05,-0.00892369523836457,-0.01,CS lower bound vs threshold
compliance_boundary,allpairs_asympcs_projection_gaussian,false rejection of the component compliance gate (first crossing),6014,1100,10,13,0.0027272727272728003,1.8823272847592473e-05,-0.009345416502579208,-0.01,CS lower bound vs threshold
compliance_boundary,allpairs_asympcs_projection_gaussian,false rejection of the component compliance gate (first crossing),6025,300,1,6,0.01666666666666672,7.666295057599405e-05,-0.00811021538091939,-0.01,CS lower bound vs threshold
compliance_boundary,allpairs_asympcs_projection_gaussian,false rejection of the component compliance gate (first crossing),6037,200,0,4,0.020000000000000018,9.84924623115582e-05,-0.009071582667610843,-0.01,CS lower bound vs threshold
compliance_boundary,allpairs_asympcs_projection_gaussian,false rejection of the component compliance gate (first crossing),6046,300,1,6,0.01666666666666672,7.666295057599405e-05,-0.00811021538091939,-0.01,CS lower bound vs threshold
compliance_boundary,allpairs_asympcs_projection_gaussian,false rejection of the component compliance gate (first crossing),6080,200,0,1,0.0050000000000000044,2.5000000000000113e-05,-0.009646612185822046,-0.01,CS lower bound vs threshold
compliance_boundary,allpairs_asympcs_projection_gaussian,false rejection of the component compliance gate (first crossing),6103,200,0,1,0.0050000000000000044,2.5000000000000113e-05,-0.009646612185822046,-0.01,CS lower bound vs threshold
compliance_boundary,allpairs_asympcs_projection_gaussian,false rejection of the component compliance gate (first crossing),6107,1250,11,13,0.0015999999999999348,1.5223698959167352e-05,-0.00929163844374597,-0.01,CS lower bound vs threshold
compliance_boundary,allpairs_asympcs_projection_gaussian,false rejection of the component compliance gate (first crossing),6125,200,0,1,0.0050000000000000044,2.5000000000000113e-05,-0.009646612185822046,-0.01,CS lower bound vs threshold
compliance_boundary,allpairs_asympcs_projection_gaussian,false rejection of the component compliance gate (first crossing),6127,400,1,3,0.0050000000000000044,2.490601503759342e-05,-0.00892369523836457,-0.01,CS lower bound vs threshold
compliance_boundary,allpairs_asympcs_projection_gaussian,false rejection of the component compliance gate (first crossing),6142,500,2,4,0.0040000000000000036,2.388777555110235e-05,-0.009553473067368444,-0.01,CS lower bound vs threshold
compliance_boundary,allpairs_asympcs_projection_gaussian,false rejection of the component compliance gate (first crossing),6160,400,1,0,-0.0024999999999999467,6.249999999999659e-06,-0.009474970812014764,-0.01,CS lower bound vs threshold
compliance_boundary,allpairs_asympcs_projection_gaussian,false rejection of the component compliance gate (first crossing),6183,650,3,5,0.003076923076923088,1.884009080879993e-05,-0.008928468102357609,-0.01,CS lower bound vs threshold
compliance_boundary,allpairs_asympcs_projection_gaussian,false rejection of the component compliance gate (first crossing),6193,200,0,1,0.0050000000000000044,2.5000000000000113e-05,-0.009646612185822046,-0.01,CS lower bound vs threshold
compliance_boundary,allpairs_asympcs_projection_gaussian,false rejection of the component compliance gate (first crossing),6200,6700,78,44,-0.0050746268656716165,2.691490712015984e-06,-0.009985242920179705,-0.01,CS lower bound vs threshold
compliance_boundary,allpairs_asympcs_projection_gaussian,false rejection of the component compliance gate (first crossing),6220,500,2,5,0.006000000000000005,2.7823647294589207e-05,-0.00862748872100972,-0.01,CS lower bound vs threshold
compliance_boundary,allpairs_asympcs_projection_gaussian,false rejection of the component compliance gate (first crossing),6233,1750,13,9,-0.0022857142857143353,7.141106871565178e-06,-0.009824803335088611,-0.01,CS lower bound vs threshold
compliance_boundary,allpairs_asympcs_projection_gaussian,false rejection of the component compliance gate (first crossing),6262,1450,12,11,-0.0006896551724137057,1.085992307622875e-05,-0.009928531747202252,-0.01,CS lower bound vs threshold
compliance_boundary,allpairs_asympcs_projection_gaussian,false rejection of the component compliance gate (first crossing),6266,250,0,3,0.01200000000000001,4.7614457831325275e-05,-0.007786861082585278,-0.01,CS lower bound vs threshold
compliance_boundary,allpairs_asympcs_projection_gaussian,false rejection of the component compliance gate (first crossing),6267,200,0,1,0.0050000000000000044,2.5000000000000113e-05,-0.009646612185822046,-0.01,CS lower bound vs threshold
compliance_boundary,allpairs_asympcs_projection_gaussian,false rejection of the component compliance gate (first crossing),6277,2950,30,21,-0.0030508474576270705,5.810119342818094e-06,-0.0099950415277822,-0.01,CS lower bound vs threshold
compliance_boundary,allpairs_asympcs_projection_gaussian,false rejection of the component compliance gate (first crossing),6302,400,1,1,0.0,1.2499999999999318e-05,-0.009864098319507832,-0.01,CS lower bound vs threshold
compliance_boundary,allpairs_asympcs_projection_gaussian,false rejection of the component compliance gate (first crossing),6308,1750,17,16,-0.0005714285714285561,1.0679922054585018e-05,-0.009791199870873036,-0.01,CS lower bound vs threshold
compliance_boundary,allpairs_asympcs_projection_gaussian,false rejection of the component compliance gate (first crossing),6333,1200,9,9,0.0,1.2416597164303434e-05,-0.009825833891530814,-0.01,CS lower bound vs threshold
compliance_boundary,allpairs_asympcs_projection_gaussian,false rejection of the component compliance gate (first crossing),6379,3850,33,15,-0.004675324675324721,3.2161297620701675e-06,-0.00990402282392939,-0.01,CS lower bound vs threshold
compliance_boundary,allpairs_asympcs_projection_gaussian,false rejection of the component compliance gate (first crossing),6382,200,0,5,0.025000000000000022,0.00012248743718592964,-0.007419995637411227,-0.01,CS lower bound vs threshold
compliance_boundary,allpairs_asympcs_projection_gaussian,false rejection of the component compliance gate (first crossing),6387,250,0,3,0.01200000000000001,4.7614457831325275e-05,-0.007786861082585278,-0.01,CS lower bound vs threshold
compliance_boundary,allpairs_asympcs_projection_gaussian,false rejection of the component compliance gate (first crossing),6391,400,1,3,0.0050000000000000044,2.490601503759342e-05,-0.00892369523836457,-0.01,CS lower bound vs threshold
compliance_boundary,allpairs_asympcs_projection_gaussian,false rejection of the component compliance gate (first crossing),6429,400,1,2,0.0025000000000000577,1.8718671679197714e-05,-0.009570906873320888,-0.01,CS lower bound vs threshold
compliance_boundary,allpairs_asympcs_projection_gaussian,false rejection of the component compliance gate (first crossing),6434,450,2,6,0.008888888888888835,3.9154224751849034e-05,-0.008504632512987616,-0.01,CS lower bound vs threshold
compliance_boundary,allpairs_asympcs_projection_gaussian,false rejection of the component compliance gate (first crossing),6455,2850,30,23,-0.0024561403508772672,6.465623086121693e-06,-0.00977061038510187,-0.01,CS lower bound vs threshold
compliance_boundary,allpairs_asympcs_projection_gaussian,false rejection of the component compliance gate (first crossing),6468,8900,113,65,-0.005393258426966252,2.2233347996145665e-06,-0.009918366122870741,-0.01,CS lower bound vs threshold
compliance_boundary,allpairs_asympcs_projection_gaussian,false rejection of the component compliance gate (first crossing),6471,650,3,4,0.0015384615384615996,1.650240242156798e-05,-0.009697452459679793,-0.01,CS lower bound vs threshold
compliance_boundary,allpairs_asympcs_projection_gaussian,false rejection of the component compliance gate (first crossing),6472,200,0,1,0.0050000000000000044,2.5000000000000113e-05,-0.009646612185822046,-0.01,CS lower bound vs threshold
compliance_boundary,allpairs_asympcs_projection_gaussian,false rejection of the component compliance gate (first crossing),6479,3850,33,16,-0.004415584415584428,3.283068926700409e-06,-0.00969841629160595,-0.01,CS lower bound vs threshold
compliance_boundary,allpairs_asympcs_projection_gaussian,false rejection of the component compliance gate (first crossing),6480,5100,53,29,-0.004705882352941115,3.1257306786601903e-06,-0.009928948496066386,-0.01,CS lower bound vs threshold
compliance_boundary,allpairs_asympcs_projection_gaussian,false rejection of the component compliance gate (first crossing),6492,1550,15,15,0.0,1.2374134163291468e-05,-0.00988301334337816,-0.01,CS lower bound vs threshold
compliance_boundary,allpairs_asympcs_projection_gaussian,false rejection of the component compliance gate (first crossing),6494,600,2,2,0.0,1.109256167686889e-05,-0.009214925379439609,-0.01,CS lower bound vs threshold
compliance_boundary,allpairs_asympcs_projection_gaussian,false rejection of the component compliance gate (first crossing),6496,1350,11,11,0.0,1.1981847042111195e-05,-0.009683490002977368,-0.01,CS lower bound vs threshold
compliance_boundary,allpairs_asympcs_projection_gaussian,false rejection of the component compliance gate (first crossing),6498,250,0,2,0.008000000000000007,3.1871485943775244e-05,-0.008188575646545068,-0.01,CS lower bound vs threshold
compliance_boundary,allpairs_asympcs_projection_gaussian,false rejection of the component compliance gate (first crossing),6511,1250,10,10,0.0,1.270776621297047e-05,-0.009951023014840233,-0.01,CS lower bound vs threshold
compliance_boundary,allpairs_asympcs_projection_gaussian,false rejection of the component compliance gate (first crossing),6514,1050,8,9,0.0009523809523809268,1.5308824514871054e-05,-0.00992406741374268,-0.01,CS lower bound vs threshold
compliance_boundary,allpairs_asympcs_projection_gaussian,false rejection of the component compliance gate (first crossing),6516,4950,52,29,-0.004646464646464565,3.277219084514083e-06,-0.009987022236802402,-0.01,CS lower bound vs threshold
compliance_boundary,allpairs_asympcs_projection_gaussian,false rejection of the component compliance gate (first crossing),6540,200,0,1,0.0050000000000000044,2.5000000000000113e-05,-0.009646612185822046,-0.01,CS lower bound vs threshold
compliance_boundary,allpairs_asympcs_projection_gaussian,false rejection of the component compliance gate (first crossing),6553,200,0,1,0.0050000000000000044,2.5000000000000113e-05,-0.009646612185822046,-0.01,CS lower bound vs threshold
compliance_boundary,allpairs_asympcs_projection_gaussian,false rejection of the component compliance gate (first crossing),6555,200,0,1,0.0050000000000000044,2.5000000000000113e-05,-0.009646612185822046,-0.01,CS lower bound vs threshold
compliance_boundary,allpairs_asympcs_projection_gaussian,false rejection of the component compliance gate (first crossing),6557,400,2,6,0.010000000000000009,4.9498746867168133e-05,-0.009629059345057134,-0.01,CS lower bound vs threshold
compliance_boundary,allpairs_asympcs_projection_gaussian,false rejection of the component compliance gate (first crossing),6563,400,1,4,0.007500000000000062,3.106203007518786e-05,-0.00804953133365552,-0.01,CS lower bound vs threshold
compliance_boundary,allpairs_asympcs_projection_gaussian,false rejection of the component compliance gate (first crossing),6606,600,3,5,0.0033333333333332993,2.2101650899647387e-05,-0.009673999527519316,-0.01,CS lower bound vs threshold
compliance_boundary,allpairs_asympcs_projection_gaussian,false rejection of the component compliance gate (first crossing),6647,750,3,2,-0.0013333333333332975,8.869900608218352e-06,-0.009573543917459482,-0.01,CS lower bound vs threshold
compliance_boundary,allpairs_asympcs_projection_gaussian,false rejection of the component compliance gate (first crossing),6648,200,0,1,0.0050000000000000044,2.5000000000000113e-05,-0.009646612185822046,-0.01,CS lower bound vs threshold
compliance_boundary,allpairs_asympcs_projection_gaussian,false rejection of the component compliance gate (first crossing),6659,200,0,1,0.0050000000000000044,2.5000000000000113e-05,-0.009646612185822046,-0.01,CS lower bound vs threshold
compliance_boundary,allpairs_asympcs_projection_gaussian,false rejection of the component compliance gate (first crossing),6681,5150,56,33,-0.004466019417475819,3.3253553484977053e-06,-0.009855791476327468,-0.01,CS lower bound vs threshold
compliance_boundary,allpairs_asympcs_projection_gaussian,false rejection of the component compliance gate (first crossing),6697,250,0,2,0.008000000000000007,3.1871485943775244e-05,-0.008188575646545068,-0.01,CS lower bound vs threshold
compliance_boundary,allpairs_asympcs_projection_gaussian,false rejection of the component compliance gate (first crossing),6712,1450,9,5,-0.0027586206896551557,6.62854123020595e-06,-0.009976585688107366,-0.01,CS lower bound vs threshold
compliance_boundary,allpairs_asympcs_projection_gaussian,false rejection of the component compliance gate (first crossing),6721,400,1,3,0.0050000000000000044,2.490601503759342e-05,-0.00892369523836457,-0.01,CS lower bound vs threshold
compliance_boundary,allpairs_asympcs_projection_gaussian,false rejection of the component compliance gate (first crossing),6723,200,0,1,0.0050000000000000044,2.5000000000000113e-05,-0.009646612185822046,-0.01,CS lower bound vs threshold
compliance_boundary,allpairs_asympcs_projection_gaussian,false rejection of the component compliance gate (first crossing),6727,3800,44,32,-0.0031578947368420263,5.210585377840385e-06,-0.009809232222347461,-0.01,CS lower bound vs threshold
compliance_boundary,allpairs_asympcs_projection_gaussian,false rejection of the component compliance gate (first crossing),6729,2950,29,20,-0.0030508474576270705,5.5841189525777575e-06,-0.009858645342062742,-0.01,CS lower bound vs threshold
compliance_boundary,allpairs_asympcs_projection_gaussian,false rejection of the component compliance gate (first crossing),6734,2450,22,16,-0.002448979591836764,6.2829408394385785e-06,-0.009613284195113213,-0.01,CS lower bound vs threshold
compliance_boundary,allpairs_asympcs_projection_gaussian,false rejection of the component compliance gate (first crossing),6739,650,3,5,0.003076923076923088,1.884009080879993e-05,-0.008928468102357609,-0.01,CS lower bound vs threshold
compliance_boundary,allpairs_asympcs_projection_gaussian,false rejection of the component compliance gate (first crossing),6766,200,0,1,0.0050000000000000044,2.5000000000000113e-05,-0.009646612185822046,-0.01,CS lower bound vs threshold
compliance_boundary,allpairs_asympcs_projection_gaussian,false rejection of the component compliance gate (first crossing),6771,350,0,1,0.0028571428571428914,8.163265306122602e-06,-0.005159148580481223,-0.01,CS lower bound vs threshold
compliance_boundary,allpairs_asympcs_projection_gaussian,false rejection of the component compliance gate (first crossing),6808,1100,6,4,-0.0018181818181818299,8.232878875611975e-06,-0.009802398517466969,-0.01,CS lower bound vs threshold
compliance_boundary,allpairs_asympcs_projection_gaussian,false rejection of the component compliance gate (first crossing),6824,500,2,4,0.0040000000000000036,2.388777555110235e-05,-0.009553473067368444,-0.01,CS lower bound vs threshold
compliance_boundary,allpairs_asympcs_projection_gaussian,false rejection of the component compliance gate (first crossing),6828,200,0,1,0.0050000000000000044,2.5000000000000113e-05,-0.009646612185822046,-0.01,CS lower bound vs threshold
compliance_boundary,allpairs_asympcs_projection_gaussian,false rejection of the component compliance gate (first crossing),6832,200,0,1,0.0050000000000000044,2.5000000000000113e-05,-0.009646612185822046,-0.01,CS lower bound vs threshold
compliance_boundary,allpairs_asympcs_projection_gaussian,false rejection of the component compliance gate (first crossing),6842,200,0,1,0.0050000000000000044,2.5000000000000113e-05,-0.009646612185822046,-0.01,CS lower bound vs threshold
compliance_boundary,allpairs_asympcs_projection_gaussian,false rejection of the component compliance gate (first crossing),6843,400,1,2,0.0025000000000000577,1.8718671679197714e-05,-0.009570906873320888,-0.01,CS lower bound vs threshold
compliance_boundary,allpairs_asympcs_projection_gaussian,false rejection of the component compliance gate (first crossing),6894,350,1,4,0.008571428571428563,4.053564119057395e-05,-0.009291804541536584,-0.01,CS lower bound vs threshold
compliance_boundary,allpairs_asympcs_projection_gaussian,false rejection of the component compliance gate (first crossing),6933,1250,7,4,-0.0024000000000000687,7.012329863891027e-06,-0.009792039708220481,-0.01,CS lower bound vs threshold
compliance_boundary,allpairs_asympcs_projection_gaussian,false rejection of the component compliance gate (first crossing),6935,7700,85,43,-0.00545454545454549,2.139282019111258e-06,-0.009862145998089036,-0.01,CS lower bound vs threshold
compliance_boundary,allpairs_asympcs_projection_gaussian,false rejection of the component compliance gate (first crossing),6937,6200,61,27,-0.005483870967741944,2.270976537956617e-06,-0.009977731031092243,-0.01,CS lower bound vs threshold
compliance_boundary,allpairs_asympcs_projection_gaussian,false rejection of the component compliance gate (first crossing),6960,250,0,2,0.008000000000000007,3.1871485943775244e-05,-0.008188575646545068,-0.01,CS lower bound vs threshold
compliance_boundary,allpairs_asympcs_projection_gaussian,false rejection of the component compliance gate (first crossing),6961,1650,13,10,-0.0018181818181818299,8.393321828461637e-06,-0.009974799915181196,-0.01,CS lower bound vs threshold
compliance_boundary,allpairs_asympcs_projection_gaussian,false rejection of the component compliance gate (first crossing),6965,400,1,2,0.0025000000000000577,1.8718671679197714e-05,-0.009570906873320888,-0.01,CS lower bound vs threshold
compliance_boundary,allpairs_asympcs_projection_gaussian,false rejection of the component compliance gate (first crossing),6977,250,0,2,0.008000000000000007,3.1871485943775244e-05,-0.008188575646545068,-0.01,CS lower bound vs threshold
compliance_boundary,allpairs_asympcs_projection_gaussian,false rejection of the component compliance gate (first crossing),6986,200,0,1,0.0050000000000000044,2.5000000000000113e-05,-0.009646612185822046,-0.01,CS lower bound vs threshold
compliance_boundary,allpairs_asympcs_projection_gaussian,false rejection of the component compliance gate (first crossing),6994,200,0,1,0.0050000000000000044,2.5000000000000113e-05,-0.009646612185822046,-0.01,CS lower bound vs threshold
compliance_boundary,allpairs_asympcs_projection_gaussian,false rejection of the component compliance gate (first crossing),6997,500,3,7,0.008000000000000007,3.9615230460921904e-05,-0.009453954343904319,-0.01,CS lower bound vs threshold
compliance_boundary,allpairs_asympcs_projection_gaussian,false rejection of the component compliance gate (first crossing),7008,400,1,2,0.0025000000000000577,1.8718671679197714e-05,-0.009570906873320888,-0.01,CS lower bound vs threshold
compliance_boundary,allpairs_asympcs_projection_gaussian,false rejection of the component compliance gate (first crossing),7025,1400,11,10,-0.0007142857142857784,1.0641347318055137e-05,-0.009849883567488952,-0.01,CS lower bound vs threshold
compliance_boundary,allpairs_asympcs_projection_gaussian,false rejection of the component compliance gate (first crossing),7037,650,5,10,0.007692307692307665,3.510179520609758e-05,-0.008694693438801707,-0.01,CS lower bound vs threshold
compliance_boundary,allpairs_asympcs_projection_gaussian,false rejection of the component compliance gate (first crossing),7042,200,0,1,0.0050000000000000044,2.5000000000000113e-05,-0.009646612185822046,-0.01,CS lower bound vs threshold
compliance_boundary,allpairs_asympcs_projection_gaussian,false rejection of the component compliance gate (first crossing),7052,1200,8,7,-0.0008333333333333526,1.0359906403484485e-05,-0.00980857266482852,-0.01,CS lower bound vs threshold
compliance_boundary,allpairs_asympcs_projection_gaussian,false rejection of the component compliance gate (first crossing),7064,350,1,4,0.008571428571428563,4.053564119057395e-05,-0.009291804541536584,-0.01,CS lower bound vs threshold
compliance_boundary,allpairs_asympcs_projection_gaussian,false rejection of the component compliance gate (first crossing),7079,5600,58,30,-0.0050000000000000044,2.7823390474246374e-06,-0.009949871748978937,-0.01,CS lower bound vs threshold
compliance_boundary,allpairs_asympcs_projection_gaussian,false rejection of the component compliance gate (first crossing),7093,400,1,4,0.007500000000000062,3.106203007518786e-05,-0.00804953133365552,-0.01,CS lower bound vs threshold
compliance_boundary,allpairs_asympcs_projection_gaussian,false rejection of the component compliance gate (first crossing),7115,1000,5,3,-0.0020000000000000018,7.973973973973868e-06,-0.009842045789582761,-0.01,CS lower bound vs threshold
compliance_boundary,allpairs_asympcs_projection_gaussian,false rejection of the component compliance gate (first crossing),7135,250,0,1,0.0040000000000000036,1.600000000000015e-05,-0.007470107132458244,-0.01,CS lower bound vs threshold
compliance_boundary,allpairs_asympcs_projection_gaussian,false rejection of the component compliance gate (first crossing),7147,650,3,4,0.0015384615384615996,1.650240242156798e-05,-0.009697452459679793,-0.01,CS lower bound vs threshold
compliance_boundary,allpairs_asympcs_projection_gaussian,false rejection of the component compliance gate (first crossing),7202,650,3,5,0.003076923076923088,1.884009080879993e-05,-0.008928468102357609,-0.01,CS lower bound vs threshold
compliance_boundary,allpairs_asympcs_projection_gaussian,false rejection of the component compliance gate (first crossing),7208,400,1,2,0.0025000000000000577,1.8718671679197714e-05,-0.009570906873320888,-0.01,CS lower bound vs threshold
compliance_boundary,allpairs_asympcs_projection_gaussian,false rejection of the component compliance gate (first crossing),7226,200,0,1,0.0050000000000000044,2.5000000000000113e-05,-0.009646612185822046,-0.01,CS lower bound vs threshold
compliance_boundary,allpairs_asympcs_projection_gaussian,false rejection of the component compliance gate (first crossing),7245,800,5,7,0.0025000000000000577,1.8628754693366752e-05,-0.009447820369279668,-0.01,CS lower bound vs threshold
compliance_boundary,allpairs_asympcs_projection_gaussian,false rejection of the component compliance gate (first crossing),7250,2550,21,13,-0.0031372549019607066,5.194006771394434e-06,-0.009662070871016028,-0.01,CS lower bound vs threshold
compliance_boundary,allpairs_asympcs_projection_gaussian,false rejection of the component compliance gate (first crossing),7251,850,6,8,0.0023529411764705577,1.9236961049229493e-05,-0.009796306482841906,-0.01,CS lower bound vs threshold
compliance_boundary,allpairs_asympcs_projection_gaussian,false rejection of the component compliance gate (first crossing),7270,800,4,4,0.0,1.2453066332916201e-05,-0.00976865840627761,-0.01,CS lower bound vs threshold
compliance_boundary,allpairs_asympcs_projection_gaussian,false rejection of the component compliance gate (first crossing),7299,400,1,3,0.0050000000000000044,2.490601503759342e-05,-0.00892369523836457,-0.01,CS lower bound vs threshold
compliance_boundary,allpairs_asympcs_projection_gaussian,false rejection of the component compliance gate (first crossing),7300,400,2,6,0.010000000000000009,4.9498746867168133e-05,-0.009629059345057134,-0.01,CS lower bound vs threshold
compliance_boundary,allpairs_asympcs_projection_gaussian,false rejection of the component compliance gate (first crossing),7333,2700,25,17,-0.002962962962963056,5.7169982684233646e-06,-0.009824980876460814,-0.01,CS lower bound vs threshold
compliance_boundary,allpairs_asympcs_projection_gaussian,false rejection of the component compliance gate (first crossing),7352,1650,12,9,-0.0018181818181818299,7.668058277243037e-06,-0.009614434260773068,-0.01,CS lower bound vs threshold
compliance_boundary,allpairs_asympcs_projection_gaussian,false rejection of the component compliance gate (first crossing),7377,400,1,0,-0.0024999999999999467,6.249999999999659e-06,-0.009474970812014764,-0.01,CS lower bound vs threshold
compliance_boundary,allpairs_asympcs_projection_gaussian,false rejection of the component compliance gate (first crossing),7406,1250,10,10,0.0,1.270776621297047e-05,-0.009951023014840233,-0.01,CS lower bound vs threshold
compliance_boundary,allpairs_asympcs_projection_gaussian,false rejection of the component compliance gate (first crossing),7418,1200,10,11,0.0008333333333333526,1.4467496061532599e-05,-0.009772988687696662,-0.01,CS lower bound vs threshold
compliance_boundary,allpairs_asympcs_projection_gaussian,false rejection of the component compliance gate (first crossing),7443,200,0,1,0.0050000000000000044,2.5000000000000113e-05,-0.009646612185822046,-0.01,CS lower bound vs threshold
compliance_boundary,allpairs_asympcs_projection_gaussian,false rejection of the component compliance gate (first crossing),7453,400,1,1,0.0,1.2499999999999318e-05,-0.009864098319507832,-0.01,CS lower bound vs threshold
compliance_boundary,allpairs_asympcs_projection_gaussian,false rejection of the component compliance gate (first crossing),7480,200,0,1,0.0050000000000000044,2.5000000000000113e-05,-0.009646612185822046,-0.01,CS lower bound vs threshold
compliance_boundary,allpairs_asympcs_projection_gaussian,false rejection of the component compliance gate (first crossing),7488,400,1,1,0.0,1.2499999999999318e-05,-0.009864098319507832,-0.01,CS lower bound vs threshold
compliance_boundary,allpairs_asympcs_projection_gaussian,false rejection of the component compliance gate (first crossing),7497,500,2,4,0.0040000000000000036,2.388777555110235e-05,-0.009553473067368444,-0.01,CS lower bound vs threshold
compliance_boundary,allpairs_asympcs_projection_gaussian,false rejection of the component compliance gate (first crossing),7527,4350,46,29,-0.003908045977011443,3.928514674270915e-06,-0.00971974452176667,-0.01,CS lower bound vs threshold
compliance_boundary,allpairs_asympcs_projection_gaussian,false rejection of the component compliance gate (first crossing),7545,700,4,7,0.004285714285714337,2.2291319961460952e-05,-0.008773489202369209,-0.01,CS lower bound vs threshold
compliance_boundary,allpairs_asympcs_projection_gaussian,false rejection of the component compliance gate (first crossing),7546,1100,6,4,-0.0018181818181818299,8.232878875611975e-06,-0.009802398517466969,-0.01,CS lower bound vs threshold
compliance_boundary,allpairs_asympcs_projection_gaussian,false rejection of the component compliance gate (first crossing),7552,2000,18,14,-0.0020000000000000018,7.938969484742375e-06,-0.009988395429311302,-0.01,CS lower bound vs threshold
compliance_boundary,allpairs_asympcs_projection_gaussian,false rejection of the component compliance gate (first crossing),7585,400,1,0,-0.0024999999999999467,6.249999999999659e-06,-0.009474970812014764,-0.01,CS lower bound vs threshold
compliance_boundary,allpairs_asympcs_projection_gaussian,false rejection of the component compliance gate (first crossing),7608,1250,11,12,0.0008000000000000229,1.4595996797438104e-05,-0.009864733371982713,-0.01,CS lower bound vs threshold
compliance_boundary,allpairs_asympcs_projection_gaussian,false rejection of the component compliance gate (first crossing),7627,250,0,2,0.008000000000000007,3.1871485943775244e-05,-0.008188575646545068,-0.01,CS lower bound vs threshold
compliance_boundary,allpairs_asympcs_projection_gaussian,false rejection of the component compliance gate (first crossing),7653,200,0,1,0.0050000000000000044,2.5000000000000113e-05,-0.009646612185822046,-0.01,CS lower bound vs threshold
compliance_boundary,allpairs_asympcs_projection_gaussian,false rejection of the component compliance gate (first crossing),7655,2200,22,18,-0.0018181818181818299,8.192303789476128e-06,-0.00996327168826449,-0.01,CS lower bound vs threshold
compliance_boundary,allpairs_asympcs_projection_gaussian,false rejection of the component compliance gate (first crossing),7666,250,0,3,0.01200000000000001,4.7614457831325275e-05,-0.007786861082585278,-0.01,CS lower bound vs threshold
compliance_boundary,allpairs_asympcs_projection_gaussian,false rejection of the component compliance gate (first crossing),7667,250,0,4,0.016000000000000014,6.322891566265071e-05,-0.006801601429349668,-0.01,CS lower bound vs threshold
compliance_boundary,allpairs_asympcs_projection_gaussian,false rejection of the component compliance gate (first crossing),7682,600,2,3,0.0016666666666667052,1.3851790020404434e-05,-0.008630763285919683,-0.01,CS lower bound vs threshold
compliance_boundary,allpairs_asympcs_projection_gaussian,false rejection of the component compliance gate (first crossing),7697,400,2,7,0.012499999999999956,5.556077694235593e-05,-0.00829632237089693,-0.01,CS lower bound vs threshold
compliance_boundary,allpairs_asympcs_projection_gaussian,false rejection of the component compliance gate (first crossing),7704,250,0,2,0.008000000000000007,3.1871485943775244e-05,-0.008188575646545068,-0.01,CS lower bound vs threshold
compliance_boundary,allpairs_asympcs_projection_gaussian,false rejection of the component compliance gate (first crossing),7713,400,1,3,0.0050000000000000044,2.490601503759342e-05,-0.00892369523836457,-0.01,CS lower bound vs threshold
compliance_boundary,allpairs_asympcs_projection_gaussian,false rejection of the component compliance gate (first crossing),7749,500,2,5,0.006000000000000005,2.7823647294589207e-05,-0.00862748872100972,-0.01,CS lower bound vs threshold
compliance_boundary,allpairs_asympcs_projection_gaussian,false rejection of the component compliance gate (first crossing),7773,650,4,7,0.004615384615384577,2.5838568211449513e-05,-0.00944408837916456,-0.01,CS lower bound vs threshold
compliance_boundary,allpairs_asympcs_projection_gaussian,false rejection of the component compliance gate (first crossing),7780,250,0,2,0.008000000000000007,3.1871485943775244e-05,-0.008188575646545068,-0.01,CS lower bound vs threshold
compliance_boundary,allpairs_asympcs_projection_gaussian,false rejection of the component compliance gate (first crossing),7820,550,2,3,0.0018181818181818299,1.6480753887609398e-05,-0.00942307102151892,-0.01,CS lower bound vs threshold
compliance_boundary,allpairs_asympcs_projection_gaussian,false rejection of the component compliance gate (first crossing),7829,1400,11,10,-0.0007142857142857784,1.0641347318055137e-05,-0.009849883567488952,-0.01,CS lower bound vs threshold
compliance_boundary,allpairs_asympcs_projection_gaussian,false rejection of the component compliance gate (first crossing),7864,400,1,0,-0.0024999999999999467,6.249999999999659e-06,-0.009474970812014764,-0.01,CS lower bound vs threshold
compliance_boundary,allpairs_asympcs_projection_gaussian,false rejection of the component compliance gate (first crossing),7885,400,1,1,0.0,1.2499999999999318e-05,-0.009864098319507832,-0.01,CS lower bound vs threshold
compliance_boundary,allpairs_asympcs_projection_gaussian,false rejection of the component compliance gate (first crossing),7887,200,0,1,0.0050000000000000044,2.5000000000000113e-05,-0.009646612185822046,-0.01,CS lower bound vs threshold
compliance_boundary,allpairs_asympcs_projection_gaussian,false rejection of the component compliance gate (first crossing),7894,200,0,1,0.0050000000000000044,2.5000000000000113e-05,-0.009646612185822046,-0.01,CS lower bound vs threshold
compliance_boundary,allpairs_asympcs_projection_gaussian,false rejection of the component compliance gate (first crossing),7914,250,0,2,0.008000000000000007,3.1871485943775244e-05,-0.008188575646545068,-0.01,CS lower bound vs threshold
compliance_boundary,allpairs_asympcs_projection_gaussian,false rejection of the component compliance gate (first crossing),7928,4350,47,29,-0.004137931034482678,3.980243870289249e-06,-0.009987767567807657,-0.01,CS lower bound vs threshold
compliance_boundary,allpairs_asympcs_projection_gaussian,false rejection of the component compliance gate (first crossing),7938,850,6,8,0.0023529411764705577,1.9236961049229493e-05,-0.009796306482841906,-0.01,CS lower bound vs threshold
compliance_boundary,allpairs_asympcs_projection_gaussian,false rejection of the component compliance gate (first crossing),7947,6900,76,39,-0.005362318840579694,2.393593353544555e-06,-0.009999807688023034,-0.01,CS lower bound vs threshold
compliance_boundary,allpairs_asympcs_projection_gaussian,false rejection of the component compliance gate (first crossing),7968,5050,57,35,-0.00435643564356436,3.573457714631882e-06,-0.00993844596185969,-0.01,CS lower bound vs threshold
compliance_boundary,allpairs_asympcs_projection_gaussian,false rejection of the component compliance gate (first crossing),7991,200,0,1,0.0050000000000000044,2.5000000000000113e-05,-0.009646612185822046,-0.01,CS lower bound vs threshold
compliance_boundary,allpairs_asympcs_projection_gaussian,false rejection of the component compliance gate (first crossing),7994,200,0,1,0.0050000000000000044,2.5000000000000113e-05,-0.009646612185822046,-0.01,CS lower bound vs threshold
compliance_boundary,allpairs_asympcs_projection_gaussian,false rejection of the component compliance gate (first crossing),7996,500,2,4,0.0040000000000000036,2.388777555110235e-05,-0.009553473067368444,-0.01,CS lower bound vs threshold
compliance_boundary,allpairs_asympcs_projection_gaussian,false rejection of the component compliance gate (first crossing),8002,500,2,5,0.006000000000000005,2.7823647294589207e-05,-0.00862748872100972,-0.01,CS lower bound vs threshold
compliance_boundary,allpairs_asympcs_projection_gaussian,false rejection of the component compliance gate (first crossing),8010,200,0,1,0.0050000000000000044,2.5000000000000113e-05,-0.009646612185822046,-0.01,CS lower bound vs threshold
compliance_boundary,allpairs_asympcs_projection_gaussian,false rejection of the component compliance gate (first crossing),8022,200,0,1,0.0050000000000000044,2.5000000000000113e-05,-0.009646612185822046,-0.01,CS lower bound vs threshold
compliance_boundary,allpairs_asympcs_projection_gaussian,false rejection of the component compliance gate (first crossing),8039,1100,9,11,0.0018181818181818299,1.639206190451138e-05,-0.009447908935522048,-0.01,CS lower bound vs threshold
compliance_boundary,allpairs_asympcs_projection_gaussian,false rejection of the component compliance gate (first crossing),8045,200,0,1,0.0050000000000000044,2.5000000000000113e-05,-0.009646612185822046,-0.01,CS lower bound vs threshold
compliance_boundary,allpairs_asympcs_projection_gaussian,false rejection of the component compliance gate (first crossing),8057,500,2,4,0.0040000000000000036,2.388777555110235e-05,-0.009553473067368444,-0.01,CS lower bound vs threshold
compliance_boundary,allpairs_asympcs_projection_gaussian,false rejection of the component compliance gate (first crossing),8061,5600,66,41,-0.004464285714285698,3.3782169100896286e-06,-0.009918506158643427,-0.01,CS lower bound vs threshold
compliance_boundary,allpairs_asympcs_projection_gaussian,false rejection of the component compliance gate (first crossing),8062,250,0,1,0.0040000000000000036,1.600000000000015e-05,-0.007470107132458244,-0.01,CS lower bound vs threshold
compliance_boundary,allpairs_asympcs_projection_gaussian,false rejection of the component compliance gate (first crossing),8064,400,1,1,0.0,1.2499999999999318e-05,-0.009864098319507832,-0.01,CS lower bound vs threshold
compliance_boundary,allpairs_asympcs_projection_gaussian,false rejection of the component compliance gate (first crossing),8087,650,3,4,0.0015384615384615996,1.650240242156798e-05,-0.009697452459679793,-0.01,CS lower bound vs threshold
compliance_boundary,allpairs_asympcs_projection_gaussian,false rejection of the component compliance gate (first crossing),8091,400,1,1,0.0,1.2499999999999318e-05,-0.009864098319507832,-0.01,CS lower bound vs threshold
compliance_boundary,allpairs_asympcs_projection_gaussian,false rejection of the component compliance gate (first crossing),8096,200,0,1,0.0050000000000000044,2.5000000000000113e-05,-0.009646612185822046,-0.01,CS lower bound vs threshold
compliance_boundary,allpairs_asympcs_projection_gaussian,false rejection of the component compliance gate (first crossing),8113,1250,9,10,0.0008000000000000229,1.207698959167332e-05,-0.008900909844172328,-0.01,CS lower bound vs threshold
compliance_boundary,allpairs_asympcs_projection_gaussian,false rejection of the component compliance gate (first crossing),8126,2350,18,10,-0.0034042553191488967,5.039641036581469e-06,-0.009809680690441185,-0.01,CS lower bound vs threshold
compliance_boundary,allpairs_asympcs_projection_gaussian,false rejection of the component compliance gate (first crossing),8127,2950,28,18,-0.003389830508474523,5.244455952280412e-06,-0.00998733271495792,-0.01,CS lower bound vs threshold
compliance_boundary,allpairs_asympcs_projection_gaussian,false rejection of the component compliance gate (first crossing),8129,200,0,1,0.0050000000000000044,2.5000000000000113e-05,-0.009646612185822046,-0.01,CS lower bound vs threshold
compliance_boundary,allpairs_asympcs_projection_gaussian,false rejection of the component compliance gate (first crossing),8157,400,1,1,0.0,1.2499999999999318e-05,-0.009864098319507832,-0.01,CS lower bound vs threshold
compliance_boundary,allpairs_asympcs_projection_gaussian,false rejection of the component compliance gate (first crossing),8190,4900,53,31,-0.004489795918367401,3.467205395724164e-06,-0.00998032981458246,-0.01,CS lower bound vs threshold
compliance_boundary,allpairs_asympcs_projection_gaussian,false rejection of the component compliance gate (first crossing),8200,2300,24,20,-0.0017391304347826875,8.240946380073125e-06,-0.009922965181502997,-0.01,CS lower bound vs threshold
compliance_boundary,allpairs_asympcs_projection_gaussian,false rejection of the component compliance gate (first crossing),8231,600,2,3,0.0016666666666667052,1.3851790020404434e-05,-0.008630763285919683,-0.01,CS lower bound vs threshold
compliance_boundary,allpairs_asympcs_projection_gaussian,false rejection of the component compliance gate (first crossing),8252,200,0,1,0.0050000000000000044,2.5000000000000113e-05,-0.009646612185822046,-0.01,CS lower bound vs threshold
compliance_boundary,allpairs_asympcs_projection_gaussian,false rejection of the component compliance gate (first crossing),8257,200,0,1,0.0050000000000000044,2.5000000000000113e-05,-0.009646612185822046,-0.01,CS lower bound vs threshold
compliance_boundary,allpairs_asympcs_projection_gaussian,false rejection of the component compliance gate (first crossing),8268,3500,40,30,-0.0028571428571428914,5.657593131565319e-06,-0.009761955282055314,-0.01,CS lower bound vs threshold
compliance_boundary,allpairs_asympcs_projection_gaussian,false rejection of the component compliance gate (first crossing),8315,4500,51,34,-0.003777777777777769,4.15722561117831e-06,-0.00976576833640273,-0.01,CS lower bound vs threshold
compliance_boundary,allpairs_asympcs_projection_gaussian,false rejection of the component compliance gate (first crossing),8321,3600,38,25,-0.0036111111111111205,4.818103622748403e-06,-0.009991245046883642,-0.01,CS lower bound vs threshold
compliance_boundary,allpairs_asympcs_projection_gaussian,false rejection of the component compliance gate (first crossing),8323,1050,9,12,0.0028571428571428914,1.8871228186222e-05,-0.009218666916378033,-0.01,CS lower bound vs threshold
compliance_boundary,allpairs_asympcs_projection_gaussian,false rejection of the component compliance gate (first crossing),8325,3100,32,23,-0.002903225806451637,5.6729051263222e-06,-0.009779906745334965,-0.01,CS lower bound vs threshold
compliance_boundary,allpairs_asympcs_projection_gaussian,false rejection of the component compliance gate (first crossing),8333,6450,71,38,-0.0051162790697675264,2.5962699257119618e-06,-0.009930392887243056,-0.01,CS lower bound vs threshold
compliance_boundary,allpairs_asympcs_projection_gaussian,false rejection of the component compliance gate (first crossing),8336,200,0,1,0.0050000000000000044,2.5000000000000113e-05,-0.009646612185822046,-0.01,CS lower bound vs threshold
compliance_boundary,allpairs_asympcs_projection_gaussian,false rejection of the component compliance gate (first crossing),8353,200,0,1,0.0050000000000000044,2.5000000000000113e-05,-0.009646612185822046,-0.01,CS lower bound vs threshold
compliance_boundary,allpairs_asympcs_projection_gaussian,false rejection of the component compliance gate (first crossing),8365,250,0,1,0.0040000000000000036,1.600000000000015e-05,-0.007470107132458244,-0.01,CS lower bound vs threshold
compliance_boundary,allpairs_asympcs_projection_gaussian,false rejection of the component compliance gate (first crossing),8399,500,2,5,0.006000000000000005,2.7823647294589207e-05,-0.00862748872100972,-0.01,CS lower bound vs threshold
compliance_boundary,allpairs_asympcs_projection_gaussian,false rejection of the component compliance gate (first crossing),8401,400,1,0,-0.0024999999999999467,6.249999999999659e-06,-0.009474970812014764,-0.01,CS lower bound vs threshold
compliance_boundary,allpairs_asympcs_projection_gaussian,false rejection of the component compliance gate (first crossing),8445,400,1,2,0.0025000000000000577,1.8718671679197714e-05,-0.009570906873320888,-0.01,CS lower bound vs threshold
compliance_boundary,allpairs_asympcs_projection_gaussian,false rejection of the component compliance gate (first crossing),8460,400,1,1,0.0,1.2499999999999318e-05,-0.009864098319507832,-0.01,CS lower bound vs threshold
compliance_boundary,allpairs_asympcs_projection_gaussian,false rejection of the component compliance gate (first crossing),8468,1200,8,7,-0.0008333333333333526,1.0359906403484485e-05,-0.00980857266482852,-0.01,CS lower bound vs threshold
compliance_boundary,allpairs_asympcs_projection_gaussian,false rejection of the component compliance gate (first crossing),8474,400,1,2,0.0025000000000000577,1.8718671679197714e-05,-0.009570906873320888,-0.01,CS lower bound vs threshold
compliance_boundary,allpairs_asympcs_projection_gaussian,false rejection of the component compliance gate (first crossing),8495,200,0,1,0.0050000000000000044,2.5000000000000113e-05,-0.009646612185822046,-0.01,CS lower bound vs threshold
compliance_boundary,allpairs_asympcs_projection_gaussian,false rejection of the component compliance gate (first crossing),8552,4850,57,37,-0.004123711340206282,3.956510750502148e-06,-0.009986037140461935,-0.01,CS lower bound vs threshold
compliance_boundary,allpairs_asympcs_projection_gaussian,false rejection of the component compliance gate (first crossing),8558,350,1,4,0.008571428571428563,4.053564119057395e-05,-0.009291804541536584,-0.01,CS lower bound vs threshold
compliance_boundary,allpairs_asympcs_projection_gaussian,false rejection of the component compliance gate (first crossing),8564,1500,11,9,-0.0013333333333332975,8.834926988362546e-06,-0.009675367331355787,-0.01,CS lower bound vs threshold
compliance_boundary,allpairs_asympcs_projection_gaussian,false rejection of the component compliance gate (first crossing),8566,400,1,2,0.0025000000000000577,1.8718671679197714e-05,-0.009570906873320888,-0.01,CS lower bound vs threshold
compliance_boundary,allpairs_asympcs_projection_gaussian,false rejection of the component compliance gate (first crossing),8584,350,1,4,0.008571428571428563,4.053564119057395e-05,-0.009291804541536584,-0.01,CS lower bound vs threshold
compliance_boundary,allpairs_asympcs_projection_gaussian,false rejection of the component compliance gate (first crossing),8602,900,6,7,0.0011111111111110628,1.595050742251365e-05,-0.009960310124763684,-0.01,CS lower bound vs threshold
compliance_boundary,allpairs_asympcs_projection_gaussian,false rejection of the component compliance gate (first crossing),8609,200,0,1,0.0050000000000000044,2.5000000000000113e-05,-0.009646612185822046,-0.01,CS lower bound vs threshold
compliance_boundary,allpairs_asympcs_projection_gaussian,false rejection of the component compliance gate (first crossing),8614,600,2,2,0.0,1.109256167686889e-05,-0.009214925379439609,-0.01,CS lower bound vs threshold
compliance_boundary,allpairs_asympcs_projection_gaussian,false rejection of the component compliance gate (first crossing),8634,200,0,1,0.0050000000000000044,2.5000000000000113e-05,-0.009646612185822046,-0.01,CS lower bound vs threshold
compliance_boundary,allpairs_asympcs_projection_gaussian,false rejection of the component compliance gate (first crossing),8635,200,0,1,0.0050000000000000044,2.5000000000000113e-05,-0.009646612185822046,-0.01,CS lower bound vs threshold
compliance_boundary,allpairs_asympcs_projection_gaussian,false rejection of the component compliance gate (first crossing),8656,2450,23,17,-0.002448979591836764,6.610965316785597e-06,-0.009797924582385438,-0.01,CS lower bound vs threshold
compliance_boundary,allpairs_asympcs_projection_gaussian,false rejection of the component compliance gate (first crossing),8668,200,0,1,0.0050000000000000044,2.5000000000000113e-05,-0.009646612185822046,-0.01,CS lower bound vs threshold
compliance_boundary,allpairs_asympcs_projection_gaussian,false rejection of the component compliance gate (first crossing),8682,5350,62,39,-0.004299065420560799,3.4943100994222976e-06,-0.009834108345068142,-0.01,CS lower bound vs threshold
compliance_boundary,allpairs_asympcs_projection_gaussian,false rejection of the component compliance gate (first crossing),8685,1400,10,8,-0.0014285714285714457,9.13042844013933e-06,-0.0098907900905699,-0.01,CS lower bound vs threshold
compliance_boundary,allpairs_asympcs_projection_gaussian,false rejection of the component compliance gate (first crossing),8739,250,0,3,0.01200000000000001,4.7614457831325275e-05,-0.007786861082585278,-0.01,CS lower bound vs threshold
compliance_boundary,allpairs_asympcs_projection_gaussian,false rejection of the component compliance gate (first crossing),8754,1050,6,5,-0.0009523809523809268,9.934091208774481e-06,-0.009713916990132718,-0.01,CS lower bound vs threshold
compliance_boundary,allpairs_asympcs_projection_gaussian,false rejection of the component compliance gate (first crossing),8777,200,0,1,0.0050000000000000044,2.5000000000000113e-05,-0.009646612185822046,-0.01,CS lower bound vs threshold
compliance_boundary,allpairs_asympcs_projection_gaussian,false rejection of the component compliance gate (first crossing),8785,600,3,5,0.0033333333333332993,2.2101650899647387e-05,-0.009673999527519316,-0.01,CS lower bound vs threshold
compliance_boundary,allpairs_asympcs_projection_gaussian,false rejection of the component compliance gate (first crossing),8805,850,5,6,0.0011764705882353343,1.5143400947990853e-05,-0.009602886595935398,-0.01,CS lower bound vs threshold
compliance_boundary,allpairs_asympcs_projection_gaussian,false rejection of the component compliance gate (first crossing),8811,350,1,4,0.008571428571428563,4.053564119057395e-05,-0.009291804541536584,-0.01,CS lower bound vs threshold
compliance_boundary,allpairs_asympcs_projection_gaussian,false rejection of the component compliance gate (first crossing),8819,200,0,1,0.0050000000000000044,2.5000000000000113e-05,-0.009646612185822046,-0.01,CS lower bound vs threshold
compliance_boundary,allpairs_asympcs_projection_gaussian,false rejection of the component compliance gate (first crossing),8827,2750,26,18,-0.0029090909090909722,5.772196651524715e-06,-0.009809572920898346,-0.01,CS lower bound vs threshold
compliance_boundary,allpairs_asympcs_projection_gaussian,false rejection of the component compliance gate (first crossing),8829,2650,28,22,-0.0022641509433962703,7.054496810325279e-06,-0.009880647258104168,-0.01,CS lower bound vs threshold
compliance_boundary,allpairs_asympcs_projection_gaussian,false rejection of the component compliance gate (first crossing),8875,250,0,2,0.008000000000000007,3.1871485943775244e-05,-0.008188575646545068,-0.01,CS lower bound vs threshold
compliance_boundary,allpairs_asympcs_projection_gaussian,false rejection of the component compliance gate (first crossing),8881,1950,17,13,-0.002051282051282022,7.831794925768263e-06,-0.009977950040942448,-0.01,CS lower bound vs threshold
compliance_boundary,allpairs_asympcs_projection_gaussian,false rejection of the component compliance gate (first crossing),8900,200,0,1,0.0050000000000000044,2.5000000000000113e-05,-0.009646612185822046,-0.01,CS lower bound vs threshold
compliance_boundary,allpairs_asympcs_projection_gaussian,false rejection of the component compliance gate (first crossing),8906,800,4,4,0.0,1.2453066332916201e-05,-0.00976865840627761,-0.01,CS lower bound vs threshold
compliance_boundary,allpairs_asympcs_projection_gaussian,false rejection of the component compliance gate (first crossing),8911,200,0,1,0.0050000000000000044,2.5000000000000113e-05,-0.009646612185822046,-0.01,CS lower bound vs threshold
compliance_boundary,allpairs_asympcs_projection_gaussian,false rejection of the component compliance gate (first crossing),8927,200,0,1,0.0050000000000000044,2.5000000000000113e-05,-0.009646612185822046,-0.01,CS lower bound vs threshold
compliance_boundary,allpairs_asympcs_projection_gaussian,false rejection of the component compliance gate (first crossing),8968,400,1,1,0.0,1.2499999999999318e-05,-0.009864098319507832,-0.01,CS lower bound vs threshold
compliance_boundary,allpairs_asympcs_projection_gaussian,false rejection of the component compliance gate (first crossing),8977,600,3,5,0.0033333333333332993,2.2101650899647387e-05,-0.009673999527519316,-0.01,CS lower bound vs threshold
compliance_boundary,allpairs_asympcs_projection_gaussian,false rejection of the component compliance gate (first crossing),8979,250,0,2,0.008000000000000007,3.1871485943775244e-05,-0.008188575646545068,-0.01,CS lower bound vs threshold
compliance_boundary,allpairs_asympcs_projection_gaussian,false rejection of the component compliance gate (first crossing),8991,850,4,4,0.0,1.1033538337388945e-05,-0.009201074698079527,-0.01,CS lower bound vs threshold
compliance_boundary,allpairs_asympcs_projection_gaussian,false rejection of the component compliance gate (first crossing),9011,2400,19,11,-0.0033333333333332993,5.1756229447455765e-06,-0.009830203868958828,-0.01,CS lower bound vs threshold
compliance_boundary,allpairs_asympcs_projection_gaussian,false rejection of the component compliance gate (first crossing),9051,1400,13,15,0.0014285714285714457,1.4152237020612206e-05,-0.009106832992180163,-0.01,CS lower bound vs threshold
compliance_boundary,allpairs_asympcs_projection_gaussian,false rejection of the component compliance gate (first crossing),9058,400,1,1,0.0,1.2499999999999318e-05,-0.009864098319507832,-0.01,CS lower bound vs threshold
compliance_boundary,allpairs_asympcs_projection_gaussian,false rejection of the component compliance gate (first crossing),9059,350,1,4,0.008571428571428563,4.053564119057395e-05,-0.009291804541536584,-0.01,CS lower bound vs threshold
compliance_boundary,allpairs_asympcs_projection_gaussian,false rejection of the component compliance gate (first crossing),9060,200,0,1,0.0050000000000000044,2.5000000000000113e-05,-0.009646612185822046,-0.01,CS lower bound vs threshold
compliance_boundary,allpairs_asympcs_projection_gaussian,false rejection of the component compliance gate (first crossing),9104,2600,23,15,-0.003076923076923088,5.5805487317607415e-06,-0.009845703542246998,-0.01,CS lower bound vs threshold
compliance_boundary,allpairs_asympcs_projection_gaussian,false rejection of the component compliance gate (first crossing),9144,250,0,2,0.008000000000000007,3.1871485943775244e-05,-0.008188575646545068,-0.01,CS lower bound vs threshold
compliance_boundary,allpairs_asympcs_projection_gaussian,false rejection of the component compliance gate (first crossing),9149,850,4,3,-0.0011764705882353343,9.659236798024332e-06,-0.009785467634695498,-0.01,CS lower bound vs threshold
compliance_boundary,allpairs_asympcs_projection_gaussian,false rejection of the component compliance gate (first crossing),9156,400,1,4,0.007500000000000062,3.106203007518786e-05,-0.00804953133365552,-0.01,CS lower bound vs threshold
compliance_boundary,allpairs_asympcs_projection_gaussian,false rejection of the component compliance gate (first crossing),9173,200,0,1,0.0050000000000000044,2.5000000000000113e-05,-0.009646612185822046,-0.01,CS lower bound vs threshold
compliance_boundary,allpairs_asympcs_projection_gaussian,false rejection of the component compliance gate (first crossing),9177,400,1,2,0.0025000000000000577,1.8718671679197714e-05,-0.009570906873320888,-0.01,CS lower bound vs threshold
compliance_boundary,allpairs_asympcs_projection_gaussian,false rejection of the component compliance gate (first crossing),9190,250,0,2,0.008000000000000007,3.1871485943775244e-05,-0.008188575646545068,-0.01,CS lower bound vs threshold
compliance_boundary,allpairs_asympcs_projection_gaussian,false rejection of the component compliance gate (first crossing),9200,400,1,3,0.0050000000000000044,2.490601503759342e-05,-0.00892369523836457,-0.01,CS lower bound vs threshold
compliance_boundary,allpairs_asympcs_projection_gaussian,false rejection of the component compliance gate (first crossing),9208,650,3,4,0.0015384615384615996,1.650240242156798e-05,-0.009697452459679793,-0.01,CS lower bound vs threshold
compliance_boundary,allpairs_asympcs_projection_gaussian,false rejection of the component compliance gate (first crossing),9231,200,0,1,0.0050000000000000044,2.5000000000000113e-05,-0.009646612185822046,-0.01,CS lower bound vs threshold
compliance_boundary,allpairs_asympcs_projection_gaussian,false rejection of the component compliance gate (first crossing),9240,350,1,5,0.011428571428571344,4.851178293667019e-05,-0.00811325539962962,-0.01,CS lower bound vs threshold
compliance_boundary,allpairs_asympcs_projection_gaussian,false rejection of the component compliance gate (first crossing),9248,600,2,2,0.0,1.109256167686889e-05,-0.009214925379439609,-0.01,CS lower bound vs threshold
compliance_boundary,allpairs_asympcs_projection_gaussian,false rejection of the component compliance gate (first crossing),9249,3150,35,26,-0.0028571428571427804,6.088756615756878e-06,-0.0099864637809478,-0.01,CS lower bound vs threshold
compliance_boundary,allpairs_asympcs_projection_gaussian,false rejection of the component compliance gate (first crossing),9254,600,2,2,0.0,1.109256167686889e-05,-0.009214925379439609,-0.01,CS lower bound vs threshold
compliance_boundary,allpairs_asympcs_projection_gaussian,false rejection of the component compliance gate (first crossing),9261,250,0,2,0.008000000000000007,3.1871485943775244e-05,-0.008188575646545068,-0.01,CS lower bound vs threshold
compliance_boundary,allpairs_asympcs_projection_gaussian,false rejection of the component compliance gate (first crossing),9272,1050,8,9,0.0009523809523809268,1.5308824514871054e-05,-0.00992406741374268,-0.01,CS lower bound vs threshold
compliance_boundary,allpairs_asympcs_projection_gaussian,false rejection of the component compliance gate (first crossing),9290,950,5,5,0.0,1.1033629217517293e-05,-0.009216132540353422,-0.01,CS lower bound vs threshold
compliance_boundary,allpairs_asympcs_projection_gaussian,false rejection of the component compliance gate (first crossing),9303,200,0,1,0.0050000000000000044,2.5000000000000113e-05,-0.009646612185822046,-0.01,CS lower bound vs threshold
compliance_boundary,allpairs_asympcs_projection_gaussian,false rejection of the component compliance gate (first crossing),9310,250,0,3,0.01200000000000001,4.7614457831325275e-05,-0.007786861082585278,-0.01,CS lower bound vs threshold
compliance_boundary,allpairs_asympcs_projection_gaussian,false rejection of the component compliance gate (first crossing),9325,200,0,1,0.0050000000000000044,2.5000000000000113e-05,-0.009646612185822046,-0.01,CS lower bound vs threshold
compliance_boundary,allpairs_asympcs_projection_gaussian,false rejection of the component compliance gate (first crossing),9349,200,0,1,0.0050000000000000044,2.5000000000000113e-05,-0.009646612185822046,-0.01,CS lower bound vs threshold
compliance_boundary,allpairs_asympcs_projection_gaussian,false rejection of the component compliance gate (first crossing),9393,200,0,4,0.020000000000000018,9.84924623115582e-05,-0.009071582667610843,-0.01,CS lower bound vs threshold
compliance_boundary,allpairs_asympcs_projection_gaussian,false rejection of the component compliance gate (first crossing),9402,250,0,2,0.008000000000000007,3.1871485943775244e-05,-0.008188575646545068,-0.01,CS lower bound vs threshold
compliance_boundary,allpairs_asympcs_projection_gaussian,false rejection of the component compliance gate (first crossing),9423,200,0,4,0.020000000000000018,9.84924623115582e-05,-0.009071582667610843,-0.01,CS lower bound vs threshold
compliance_boundary,allpairs_asympcs_projection_gaussian,false rejection of the component compliance gate (first crossing),9429,200,0,1,0.0050000000000000044,2.5000000000000113e-05,-0.009646612185822046,-0.01,CS lower bound vs threshold
compliance_boundary,allpairs_asympcs_projection_gaussian,false rejection of the component compliance gate (first crossing),9450,600,4,8,0.006666666666666599,3.301799295121501e-05,-0.009231653250069308,-0.01,CS lower bound vs threshold
compliance_boundary,allpairs_asympcs_projection_gaussian,false rejection of the component compliance gate (first crossing),9473,300,1,5,0.01333333333333342,6.592344853214444e-05,-0.009642636222520044,-0.01,CS lower bound vs threshold
compliance_boundary,allpairs_asympcs_projection_gaussian,false rejection of the component compliance gate (first crossing),9491,400,1,1,0.0,1.2499999999999318e-05,-0.009864098319507832,-0.01,CS lower bound vs threshold
compliance_boundary,allpairs_asympcs_projection_gaussian,false rejection of the component compliance gate (first crossing),9495,950,7,10,0.0031578947368421373,1.8682444561851167e-05,-0.008834512566232314,-0.01,CS lower bound vs threshold
compliance_boundary,allpairs_asympcs_projection_gaussian,false rejection of the component compliance gate (first crossing),9523,400,2,6,0.010000000000000009,4.9498746867168133e-05,-0.009629059345057134,-0.01,CS lower bound vs threshold
compliance_boundary,allpairs_asympcs_projection_gaussian,false rejection of the component compliance gate (first crossing),9534,200,0,1,0.0050000000000000044,2.5000000000000113e-05,-0.009646612185822046,-0.01,CS lower bound vs threshold
compliance_boundary,allpairs_asympcs_projection_gaussian,false rejection of the component compliance gate (first crossing),9541,400,1,0,-0.0024999999999999467,6.249999999999659e-06,-0.009474970812014764,-0.01,CS lower bound vs threshold
compliance_boundary,allpairs_asympcs_projection_gaussian,false rejection of the component compliance gate (first crossing),9563,1050,7,7,0.0,1.262578116724931e-05,-0.009877460667182897,-0.01,CS lower bound vs threshold
compliance_boundary,allpairs_asympcs_projection_gaussian,false rejection of the component compliance gate (first crossing),9592,400,1,2,0.0025000000000000577,1.8718671679197714e-05,-0.009570906873320888,-0.01,CS lower bound vs threshold
compliance_boundary,allpairs_asympcs_projection_gaussian,false rejection of the component compliance gate (first crossing),9595,200,0,1,0.0050000000000000044,2.5000000000000113e-05,-0.009646612185822046,-0.01,CS lower bound vs threshold
compliance_boundary,allpairs_asympcs_projection_gaussian,false rejection of the component compliance gate (first crossing),9603,200,0,1,0.0050000000000000044,2.5000000000000113e-05,-0.009646612185822046,-0.01,CS lower bound vs threshold
compliance_boundary,allpairs_asympcs_projection_gaussian,false rejection of the component compliance gate (first crossing),9625,400,1,2,0.0025000000000000577,1.8718671679197714e-05,-0.009570906873320888,-0.01,CS lower bound vs threshold
compliance_boundary,allpairs_asympcs_projection_gaussian,false rejection of the component compliance gate (first crossing),9643,400,1,0,-0.0024999999999999467,6.249999999999659e-06,-0.009474970812014764,-0.01,CS lower bound vs threshold
compliance_boundary,allpairs_asympcs_projection_gaussian,false rejection of the component compliance gate (first crossing),9679,4550,42,20,-0.004835164835164885,2.9724874011386096e-06,-0.009901161878890431,-0.01,CS lower bound vs threshold
compliance_boundary,allpairs_asympcs_projection_gaussian,false rejection of the component compliance gate (first crossing),9701,300,1,5,0.01333333333333342,6.592344853214444e-05,-0.009642636222520044,-0.01,CS lower bound vs threshold
compliance_boundary,allpairs_asympcs_projection_gaussian,false rejection of the component compliance gate (first crossing),9705,200,0,1,0.0050000000000000044,2.5000000000000113e-05,-0.009646612185822046,-0.01,CS lower bound vs threshold
compliance_boundary,allpairs_asympcs_projection_gaussian,false rejection of the component compliance gate (first crossing),9711,500,3,8,0.010000000000000009,4.350300601202399e-05,-0.008290365150633236,-0.01,CS lower bound vs threshold
compliance_boundary,allpairs_asympcs_projection_gaussian,false rejection of the component compliance gate (first crossing),9712,550,2,4,0.0036363636363636598,1.9750410212407342e-05,-0.008669560666110857,-0.01,CS lower bound vs threshold
compliance_boundary,allpairs_asympcs_projection_gaussian,false rejection of the component compliance gate (first crossing),9724,350,0,1,0.0028571428571428914,8.163265306122602e-06,-0.005159148580481223,-0.01,CS lower bound vs threshold
compliance_boundary,allpairs_asympcs_projection_gaussian,false rejection of the component compliance gate (first crossing),9745,5850,64,35,-0.004957264957265006,2.866745498183679e-06,-0.009992195169612146,-0.01,CS lower bound vs threshold
compliance_boundary,allpairs_asympcs_projection_gaussian,false rejection of the component compliance gate (first crossing),9802,200,0,1,0.0050000000000000044,2.5000000000000113e-05,-0.009646612185822046,-0.01,CS lower bound vs threshold
compliance_boundary,allpairs_asympcs_projection_gaussian,false rejection of the component compliance gate (first crossing),9850,350,1,4,0.008571428571428563,4.053564119057395e-05,-0.009291804541536584,-0.01,CS lower bound vs threshold
compliance_boundary,allpairs_asympcs_projection_gaussian,false rejection of the component compliance gate (first crossing),9857,6250,71,41,-0.0048000000000000265,2.840121107377172e-06,-0.009827473666151176,-0.01,CS lower bound vs threshold
compliance_boundary,allpairs_asympcs_projection_gaussian,false rejection of the component compliance gate (first crossing),9872,1050,8,9,0.0009523809523809268,1.5308824514871054e-05,-0.00992406741374268,-0.01,CS lower bound vs threshold
compliance_boundary,allpairs_asympcs_projection_gaussian,false rejection of the component compliance gate (first crossing),9901,400,1,0,-0.0024999999999999467,6.249999999999659e-06,-0.009474970812014764,-0.01,CS lower bound vs threshold
compliance_boundary,allpairs_asympcs_projection_gaussian,false rejection of the component compliance gate (first crossing),9940,400,1,0,-0.0024999999999999467,6.249999999999659e-06,-0.009474970812014764,-0.01,CS lower bound vs threshold
compliance_boundary,allpairs_asympcs_projection_gaussian,false rejection of the component compliance gate (first crossing),9947,7050,80,44,-0.005106382978723456,2.471405101523041e-06,-0.009823558578319659,-0.01,CS lower bound vs threshold
compliance_boundary,allpairs_asympcs_projection_gaussian,false rejection of the component compliance gate (first crossing),9952,200,0,1,0.0050000000000000044,2.5000000000000113e-05,-0.009646612185822046,-0.01,CS lower bound vs threshold
compliance_boundary,allpairs_asympcs_projection_gaussian,false rejection of the component compliance gate (first crossing),9962,300,1,6,0.01666666666666672,7.666295057599405e-05,-0.00811021538091939,-0.01,CS lower bound vs threshold
compliance_boundary,allpairs_asympcs_projection_gaussian,false rejection of the component compliance gate (first crossing),9980,250,0,5,0.020000000000000018,7.871485943775155e-05,-0.005441097660833949,-0.01,CS lower bound vs threshold
compliance_boundary,allpairs_asympcs_projection_gaussian,false rejection of the component compliance gate (first crossing),9984,400,1,0,-0.0024999999999999467,6.249999999999659e-06,-0.009474970812014764,-0.01,CS lower bound vs threshold
compliance_boundary,allpairs_fixed_wald,false rejection of the component compliance gate (first crossing),9,10000,118,52,-0.00660000000000005,1.683540354035421e-06,2.6203973505677194,1.644853626951472,z vs boundary
compliance_boundary,allpairs_fixed_wald,false rejection of the component compliance gate (first crossing),17,10000,128,57,-0.007099999999999995,1.8305500550055062e-06,2.1434195791871393,1.644853626951472,z vs boundary
compliance_boundary,allpairs_fixed_wald,false rejection of the component compliance gate (first crossing),47,10000,131,60,-0.007099999999999995,1.8894279427942772e-06,2.1097589162308,1.644853626951472,z vs boundary
compliance_boundary,allpairs_fixed_wald,false rejection of the component compliance gate (first crossing),58,10000,136,70,-0.006599999999999939,2.0368076807680654e-06,2.382340890455942,1.644853626951472,z vs boundary
compliance_boundary,allpairs_fixed_wald,false rejection of the component compliance gate (first crossing),76,10000,137,61,-0.007600000000000051,1.9577057705770597e-06,1.715289903270933,1.644853626951472,z vs boundary
compliance_boundary,allpairs_fixed_wald,false rejection of the component compliance gate (first crossing),81,10000,130,53,-0.00770000000000004,1.810472047204718e-06,1.7093536515589371,1.644853626951472,z vs boundary
compliance_boundary,allpairs_fixed_wald,false rejection of the component compliance gate (first crossing),95,10000,126,60,-0.006599999999999939,1.8407080708070672e-06,2.5060311141998173,1.644853626951472,z vs boundary
compliance_boundary,allpairs_fixed_wald,false rejection of the component compliance gate (first crossing),114,10000,126,54,-0.007199999999999984,1.7813861386138491e-06,2.0978720506626747,1.644853626951472,z vs boundary
compliance_boundary,allpairs_fixed_wald,false rejection of the component compliance gate (first crossing),126,10000,119,52,-0.006700000000000039,1.6933043304330454e-06,2.535983539785696,1.644853626951472,z vs boundary
compliance_boundary,allpairs_fixed_wald,false rejection of the component compliance gate (first crossing),132,10000,127,54,-0.007300000000000084,1.7911341134113538e-06,2.017435745223351,1.644853626951472,z vs boundary
compliance_boundary,allpairs_fixed_wald,false rejection of the component compliance gate (first crossing),164,10000,127,49,-0.007800000000000029,1.7416441644164684e-06,1.6670282759306196,1.644853626951472,z vs boundary
compliance_boundary,allpairs_fixed_wald,false rejection of the component compliance gate (first crossing),168,10000,130,54,-0.007600000000000051,1.8203660366036687e-06,1.7788194917693536,1.644853626951472,z vs boundary
compliance_boundary,allpairs_fixed_wald,false rejection of the component compliance gate (first crossing),173,10000,115,57,-0.005799999999999916,1.7036963696369651e-06,3.217756612140012,1.644853626951472,z vs boundary
compliance_boundary,allpairs_fixed_wald,false rejection of the component compliance gate (first crossing),179,10000,133,57,-0.00759999999999994,1.8792499249924935e-06,1.7507291823397757,1.644853626951472,z vs boundary
compliance_boundary,allpairs_fixed_wald,false rejection of the component compliance gate (first crossing),241,10000,127,52,-0.007500000000000062,1.7713441344134644e-06,1.8784019780335188,1.644853626951472,z vs boundary
compliance_boundary,allpairs_fixed_wald,false rejection of the component compliance gate (first crossing),249,10000,127,52,-0.007500000000000062,1.7713441344134644e-06,1.8784019780335188,1.644853626951472,z vs boundary
compliance_boundary,allpairs_fixed_wald,false rejection of the component compliance gate (first crossing),264,10000,112,42,-0.007000000000000006,1.525844584458445e-06,2.4286565572059065,1.644853626951472,z vs boundary
compliance_boundary,allpairs_fixed_wald,false rejection of the component compliance gate (first crossing),269,10000,131,69,-0.006199999999999983,1.9782758275827636e-06,2.7017189839091253,1.644853626951472,z vs boundary
compliance_boundary,allpairs_fixed_wald,false rejection of the component compliance gate (first crossing),287,10000,123,50,-0.007299999999999973,1.7125422542254072e-06,2.063208490085992,1.644853626951472,z vs boundary
compliance_boundary,allpairs_fixed_wald,false rejection of the component compliance gate (first crossing),309,10000,128,54,-0.007400000000000073,1.8008800880087979e-06,1.9374519916411537,1.644853626951472,z vs boundary
compliance_boundary,allpairs_fixed_wald,false rejection of the component compliance gate (first crossing),317,10000,130,64,-0.00660000000000005,1.9191959195919637e-06,2.454252608403467,1.644853626951472,z vs boundary
compliance_boundary,allpairs_fixed_wald,false rejection of the component compliance gate (first crossing),319,10000,123,62,-0.006099999999999994,1.8312101210120775e-06,2.882010223181329,1.644853626951472,z vs boundary
compliance_boundary,allpairs_fixed_wald,false rejection of the component compliance gate (first crossing),337,10000,129,53,-0.007600000000000051,1.8007300730073037e-06,1.7884917161239975,1.644853626951472,z vs boundary
compliance_boundary,allpairs_fixed_wald,false rejection of the component compliance gate (first crossing),429,10000,133,58,-0.007499999999999951,1.8891359135913666e-06,1.8188982559195066,1.644853626951472,z vs boundary
compliance_boundary,allpairs_fixed_wald,false rejection of the component compliance gate (first crossing),450,10000,132,59,-0.007299999999999973,1.8892839283928187e-06,1.9643331646273314,1.644853626951472,z vs boundary
compliance_boundary,allpairs_fixed_wald,false rejection of the component compliance gate (first crossing),481,10000,136,60,-0.00759999999999994,1.9380978097809586e-06,1.723944960960228,1.644853626951472,z vs boundary
compliance_boundary,allpairs_fixed_wald,false rejection of the component compliance gate (first crossing),519,10000,131,57,-0.007399999999999962,1.8597759775977672e-06,1.9065273118608077,1.644853626951472,z vs boundary
compliance_boundary,allpairs_fixed_wald,false rejection of the component compliance gate (first crossing),527,10000,134,57,-0.007699999999999929,1.888983898389848e-06,1.6734537266319955,1.644853626951472,z vs boundary
compliance_boundary,allpairs_fixed_wald,false rejection of the component compliance gate (first crossing),547,10000,132,55,-0.00770000000000004,1.8497359735973338e-06,1.6911143104805313,1.644853626951472,z vs boundary
compliance_boundary,allpairs_fixed_wald,false rejection of the component compliance gate (first crossing),554,10000,145,69,-0.00759999999999994,2.114425442544247e-06,1.650498195067598,1.644853626951472,z vs boundary
compliance_boundary,allpairs_fixed_wald,false rejection of the component compliance gate (first crossing),587,10000,137,61,-0.007600000000000051,1.9577057705770597e-06,1.715289903270933,1.644853626951472,z vs boundary
compliance_boundary,allpairs_fixed_wald,false rejection of the component compliance gate (first crossing),589,10000,127,56,-0.007099999999999995,1.8109160916091835e-06,2.155007738268042,1.644853626951472,z vs boundary
compliance_boundary,allpairs_fixed_wald,false rejection of the component compliance gate (first crossing),590,10000,132,59,-0.007299999999999973,1.8892839283928187e-06,1.9643331646273314,1.644853626951472,z vs boundary
compliance_boundary,allpairs_fixed_wald,false rejection of the component compliance gate (first crossing),636,10000,123,56,-0.006699999999999928,1.7719121912191115e-06,2.479093129563641,1.644853626951472,z vs boundary
compliance_boundary,allpairs_fixed_wald,false rejection of the component compliance gate (first crossing),656,10000,131,54,-0.00770000000000004,1.830106010601059e-06,1.700159679386919,1.644853626951472,z vs boundary
compliance_boundary,allpairs_fixed_wald,false rejection of the component compliance gate (first crossing),713,10000,123,49,-0.007399999999999962,1.7026402640263965e-06,1.992562250606806,1.644853626951472,z vs boundary
compliance_boundary,allpairs_fixed_wald,false rejection of the component compliance gate (first crossing),720,10000,128,60,-0.006800000000000028,1.8602020202020162e-06,2.3462264284417635,1.644853626951472,z vs boundary
compliance_boundary,allpairs_fixed_wald,false rejection of the component compliance gate (first crossing),729,10000,123,57,-0.006599999999999939,1.7818001800179904e-06,2.5471200695736296,1.644853626951472,z vs boundary
compliance_boundary,allpairs_fixed_wald,false rejection of the component compliance gate (first crossing),735,10000,128,56,-0.007199999999999984,1.8206620662066274e-06,2.0751206849041073,1.644853626951472,z vs boundary
compliance_boundary,allpairs_fixed_wald,false rejection of the component compliance gate (first crossing),790,10000,121,54,-0.006700000000000039,1.7326162616261472e-06,2.5070485641745917,1.644853626951472,z vs boundary
compliance_boundary,allpairs_fixed_wald,false rejection of the component compliance gate (first crossing),791,10000,121,51,-0.007000000000000006,1.7029282928292772e-06,2.298915848212342,1.644853626951472,z vs boundary
compliance_boundary,allpairs_fixed_wald,false rejection of the component compliance gate (first crossing),792,10000,140,65,-0.007500000000000062,2.0263776377637792e-06,1.7562236312933208,1.644853626951472,z vs boundary
compliance_boundary,allpairs_fixed_wald,false rejection of the component compliance gate (first crossing),812,10000,126,50,-0.00759999999999994,1.7417981798179743e-06,1.8184958970528007,1.644853626951472,z vs boundary
compliance_boundary,allpairs_fixed_wald,false rejection of the component compliance gate (first crossing),821,10000,126,57,-0.006899999999999906,1.8110561056105573e-06,2.303539912300843,1.644853626951472,z vs boundary
compliance_boundary,allpairs_fixed_wald,false rejection of the component compliance gate (first crossing),858,10000,138,62,-0.007600000000000051,1.9773097309730948e-06,1.7067656347540605,1.644853626951472,z vs boundary
compliance_boundary,allpairs_fixed_wald,false rejection of the component compliance gate (first crossing),868,10000,135,60,-0.007499999999999951,1.9283678367836523e-06,1.8003007774426865,1.644853626951472,z vs boundary
compliance_boundary,allpairs_fixed_wald,false rejection of the component compliance gate (first crossing),877,10000,129,53,-0.007600000000000051,1.8007300730073037e-06,1.7884917161239975,1.644853626951472,z vs boundary
compliance_boundary,allpairs_fixed_wald,false rejection of the component compliance gate (first crossing),887,10000,135,59,-0.00759999999999994,1.9184858485848274e-06,1.7327341771968128,1.644853626951472,z vs boundary
compliance_boundary,allpairs_fixed_wald,false rejection of the component compliance gate (first crossing),895,10000,129,57,-0.007199999999999984,1.8402940294029626e-06,2.064022478816857,1.644853626951472,z vs boundary
compliance_boundary,allpairs_fixed_wald,false rejection of the component compliance gate (first crossing),942,10000,129,51,-0.007800000000000029,1.7809360936093844e-06,1.6485362940339414,1.644853626951472,z vs boundary
compliance_boundary,allpairs_fixed_wald,false rejection of the component compliance gate (first crossing),947,10000,120,56,-0.006399999999999961,1.7426382638263823e-06,2.727086276457898,1.644853626951472,z vs boundary
compliance_boundary,allpairs_fixed_wald,false rejection of the component compliance gate (first crossing),962,10000,128,58,-0.007000000000000006,1.840436043604379e-06,2.2113673326870606,1.644853626951472,z vs boundary
compliance_boundary,allpairs_fixed_wald,false rejection of the component compliance gate (first crossing),970,10000,132,56,-0.00759999999999994,1.8596259625962548e-06,1.7599423472896518,1.644853626951472,z vs boundary
compliance_boundary,allpairs_fixed_wald,false rejection of the component compliance gate (first crossing),999,10000,128,51,-0.00770000000000004,1.7711921192119278e-06,1.72820397785748,1.644853626951472,z vs boundary
compliance_boundary,allpairs_fixed_wald,false rejection of the component compliance gate (first crossing),1010,10000,134,62,-0.007199999999999984,1.9383938393839356e-06,2.0111155357339436,1.644853626951472,z vs boundary
compliance_boundary,allpairs_fixed_wald,false rejection of the component compliance gate (first crossing),1013,10000,133,65,-0.006800000000000028,1.958281828182803e-06,2.286716794331558,1.644853626951472,z vs boundary
compliance_boundary,allpairs_fixed_wald,false rejection of the component compliance gate (first crossing),1015,10000,130,61,-0.006900000000000017,1.8895679567956878e-06,2.255175974010594,1.644853626951472,z vs boundary
compliance_boundary,allpairs_fixed_wald,false rejection of the component compliance gate (first crossing),1043,10000,135,60,-0.007499999999999951,1.9283678367836523e-06,1.8003007774426865,1.644853626951472,z vs boundary
compliance_boundary,allpairs_fixed_wald,false rejection of the component compliance gate (first crossing),1053,10000,111,47,-0.006399999999999961,1.5656265626562704e-06,2.8771228769793207,1.644853626951472,z vs boundary
compliance_boundary,allpairs_fixed_wald,false rejection of the component compliance gate (first crossing),1072,10000,128,64,-0.006400000000000072,1.8997099709970928e-06,2.6119138582072665,1.644853626951472,z vs boundary
compliance_boundary,allpairs_fixed_wald,false rejection of the component compliance gate (first crossing),1075,10000,130,56,-0.007399999999999962,1.8401480148014984e-06,1.916668340454216,1.644853626951472,z vs boundary
compliance_boundary,allpairs_fixed_wald,false rejection of the component compliance gate (first crossing),1157,10000,125,54,-0.007099999999999995,1.771636163616357e-06,2.178766702854836,1.644853626951472,z vs boundary
compliance_boundary,allpairs_fixed_wald,false rejection of the component compliance gate (first crossing),1160,10000,140,67,-0.007299999999999973,2.046115611561171e-06,1.8875509345596078,1.644853626951472,z vs boundary
compliance_boundary,allpairs_fixed_wald,false rejection of the component compliance gate (first crossing),1180,10000,124,48,-0.00759999999999994,1.702490249024902e-06,1.8393692640251613,1.644853626951472,z vs boundary
compliance_boundary,allpairs_fixed_wald,false rejection of the component compliance gate (first crossing),1207,10000,125,57,-0.006799999999999917,1.801306130613065e-06,2.3842742846373395,1.644853626951472,z vs boundary
compliance_boundary,allpairs_fixed_wald,false rejection of the component compliance gate (first crossing),1304,10000,119,53,-0.00660000000000005,1.7032003200319837e-06,2.605229888805796,1.644853626951472,z vs boundary
compliance_boundary,allpairs_fixed_wald,false rejection of the component compliance gate (first crossing),1315,10000,134,66,-0.006799999999999917,1.9778857885788744e-06,2.275356092816012,1.644853626951472,z vs boundary
compliance_boundary,allpairs_fixed_wald,false rejection of the component compliance gate (first crossing),1322,10000,124,56,-0.006799999999999917,1.781666166616652e-06,2.3973796352343557,1.644853626951472,z vs boundary
compliance_boundary,allpairs_fixed_wald,false rejection of the component compliance gate (first crossing),1356,10000,120,57,-0.006299999999999972,1.7525262526252612e-06,2.7949204920060216,1.644853626951472,z vs boundary
compliance_boundary,allpairs_fixed_wald,false rejection of the component compliance gate (first crossing),1357,10000,128,51,-0.00770000000000004,1.7711921192119278e-06,1.72820397785748,1.644853626951472,z vs boundary
compliance_boundary,allpairs_fixed_wald,false rejection of the component compliance gate (first crossing),1369,10000,127,49,-0.007800000000000029,1.7416441644164684e-06,1.6670282759306196,1.644853626951472,z vs boundary
compliance_boundary,allpairs_fixed_wald,false rejection of the component compliance gate (first crossing),1381,10000,124,47,-0.007699999999999929,1.6925842584258432e-06,1.767879611663053,1.644853626951472,z vs boundary
compliance_boundary,allpairs_fixed_wald,false rejection of the component compliance gate (first crossing),1395,10000,128,50,-0.007800000000000029,1.761292129212923e-06,1.6577039932568725,1.644853626951472,z vs boundary
compliance_boundary,allpairs_fixed_wald,false rejection of the component compliance gate (first crossing),1451,10000,135,59,-0.00759999999999994,1.9184858485848274e-06,1.7327341771968128,1.644853626951472,z vs boundary
compliance_boundary,allpairs_fixed_wald,false rejection of the component compliance gate (first crossing),1453,10000,125,56,-0.006899999999999906,1.7914181418141867e-06,2.316131482336489,1.644853626951472,z vs boundary
compliance_boundary,allpairs_fixed_wald,false rejection of the component compliance gate (first crossing),1467,10000,132,55,-0.00770000000000004,1.8497359735973338e-06,1.6911143104805313,1.644853626951472,z vs boundary
compliance_boundary,allpairs_fixed_wald,false rejection of the component compliance gate (first crossing),1509,10000,126,62,-0.006399999999999961,1.8604660466046448e-06,2.6393174338555068,1.644853626951472,z vs boundary
compliance_boundary,allpairs_fixed_wald,false rejection of the component compliance gate (first crossing),1571,10000,123,54,-0.006900000000000017,1.752130213021282e-06,2.34195477685925,1.644853626951472,z vs boundary
compliance_boundary,allpairs_fixed_wald,false rejection of the component compliance gate (first crossing),1582,10000,141,68,-0.007299999999999973,2.0657015701570255e-06,1.8785812110255637,1.644853626951472,z vs boundary
compliance_boundary,allpairs_fixed_wald,false rejection of the component compliance gate (first crossing),1584,10000,133,62,-0.007099999999999995,1.928659865986581e-06,2.0881907915406064,1.644853626951472,z vs boundary
compliance_boundary,allpairs_fixed_wald,false rejection of the component compliance gate (first crossing),1601,10000,132,56,-0.00759999999999994,1.8596259625962548e-06,1.7599423472896518,1.644853626951472,z vs boundary
compliance_boundary,allpairs_fixed_wald,false rejection of the component compliance gate (first crossing),1602,10000,128,50,-0.007800000000000029,1.761292129212923e-06,1.6577039932568725,1.644853626951472,z vs boundary
compliance_boundary,allpairs_fixed_wald,false rejection of the component compliance gate (first crossing),1606,10000,125,50,-0.007499999999999951,1.7320482048204821e-06,1.899590641384596,1.644853626951472,z vs boundary
compliance_boundary,allpairs_fixed_wald,false rejection of the component compliance gate (first crossing),1611,10000,123,62,-0.006099999999999994,1.8312101210120775e-06,2.882010223181329,1.644853626951472,z vs boundary
compliance_boundary,allpairs_fixed_wald,false rejection of the component compliance gate (first crossing),1647,10000,140,64,-0.007600000000000051,2.0165056505650566e-06,1.690096568806099,1.644853626951472,z vs boundary
compliance_boundary,allpairs_fixed_wald,false rejection of the component compliance gate (first crossing),1682,10000,117,44,-0.007300000000000084,1.5945344534453444e-06,2.1381925418770136,1.644853626951472,z vs boundary
compliance_boundary,allpairs_fixed_wald,false rejection of the component compliance gate (first crossing),1684,10000,119,64,-0.00550000000000006,1.8119241924192295e-06,3.3430471505798507,1.644853626951472,z vs boundary
compliance_boundary,allpairs_fixed_wald,false rejection of the component compliance gate (first crossing),1687,10000,113,59,-0.00539999999999996,1.7039203920391856e-06,3.523977943024102,1.644853626951472,z vs boundary
compliance_boundary,allpairs_fixed_wald,false rejection of the component compliance gate (first crossing),1691,10000,132,62,-0.007000000000000006,1.9189238923892208e-06,2.1656704941322804,1.644853626951472,z vs boundary
compliance_boundary,allpairs_fixed_wald,false rejection of the component compliance gate (first crossing),1704,10000,129,55,-0.007400000000000073,1.8205160516051632e-06,1.9269750507673018,1.644853626951472,z vs boundary
compliance_boundary,allpairs_fixed_wald,false rejection of the component compliance gate (first crossing),1718,10000,126,49,-0.007699999999999929,1.7318961896189638e-06,1.7477000862101555,1.644853626951472,z vs boundary
compliance_boundary,allpairs_fixed_wald,false rejection of the component compliance gate (first crossing),1719,10000,126,49,-0.007699999999999929,1.7318961896189638e-06,1.7477000862101555,1.644853626951472,z vs boundary
compliance_boundary,allpairs_fixed_wald,false rejection of the component compliance gate (first crossing),1737,10000,133,57,-0.00759999999999994,1.8792499249924935e-06,1.7507291823397757,1.644853626951472,z vs boundary
compliance_boundary,allpairs_fixed_wald,false rejection of the component compliance gate (first crossing),1764,10000,131,66,-0.00649999999999995,1.9486778677867936e-06,2.507252182461146,1.644853626951472,z vs boundary
compliance_boundary,allpairs_fixed_wald,false rejection of the component compliance gate (first crossing),1776,10000,134,59,-0.007499999999999951,1.9087538753875336e-06,1.8095268964531157,1.644853626951472,z vs boundary
compliance_boundary,allpairs_fixed_wald,false rejection of the component compliance gate (first crossing),1777,10000,115,42,-0.007299999999999973,1.5551665166516602e-06,2.165086816671211,1.644853626951472,z vs boundary
compliance_boundary,allpairs_fixed_wald,false rejection of the component compliance gate (first crossing),1810,10000,136,69,-0.006699999999999928,2.026945694569445e-06,2.3178903276242515,1.644853626951472,z vs boundary
compliance_boundary,allpairs_fixed_wald,false rejection of the component compliance gate (first crossing),1830,10000,132,58,-0.007399999999999962,1.8793999399940063e-06,1.8965475844672663,1.644853626951472,z vs boundary
compliance_boundary,allpairs_fixed_wald,false rejection of the component compliance gate (first crossing),1836,10000,136,68,-0.006799999999999917,2.0170817081708184e-06,2.2531402860685774,1.644853626951472,z vs boundary
compliance_boundary,allpairs_fixed_wald,false rejection of the component compliance gate (first crossing),1859,10000,126,52,-0.007399999999999962,1.7615961596159598e-06,1.958935653000918,1.644853626951472,z vs boundary
compliance_boundary,allpairs_fixed_wald,false rejection of the component compliance gate (first crossing),1860,10000,136,64,-0.007199999999999984,1.9776057605760354e-06,1.991077534044676,1.644853626951472,z vs boundary
compliance_boundary,allpairs_fixed_wald,false rejection of the component compliance gate (first crossing),1862,10000,135,66,-0.006899999999999906,1.9876177617761682e-06,2.1988482553660758,1.644853626951472,z vs boundary
compliance_boundary,allpairs_fixed_wald,false rejection of the component compliance gate (first crossing),1888,10000,135,59,-0.00759999999999994,1.9184858485848274e-06,1.7327341771968128,1.644853626951472,z vs boundary
compliance_boundary,allpairs_fixed_wald,false rejection of the component compliance gate (first crossing),1944,10000,132,67,-0.00649999999999995,1.968283828382834e-06,2.494733633814916,1.644853626951472,z vs boundary
compliance_boundary,allpairs_fixed_wald,false rejection of the component compliance gate (first crossing),1954,10000,116,62,-0.005400000000000071,1.7628762876287671e-06,3.464550639884566,1.644853626951472,z vs boundary
compliance_boundary,allpairs_fixed_wald,false rejection of the component compliance gate (first crossing),1961,10000,126,54,-0.007199999999999984,1.7813861386138491e-06,2.0978720506626747,1.644853626951472,z vs boundary
compliance_boundary,allpairs_fixed_wald,false rejection of the component compliance gate (first crossing),1977,10000,131,56,-0.007499999999999951,1.8498879887988888e-06,1.8380922011890801,1.644853626951472,z vs boundary
compliance_boundary,allpairs_fixed_wald,false rejection of the component compliance gate (first crossing),1987,10000,136,66,-0.006999999999999895,1.997347734773475e-06,2.122728320132701,1.644853626951472,z vs boundary
compliance_boundary,allpairs_fixed_wald,false rejection of the component compliance gate (first crossing),2002,10000,127,62,-0.006500000000000061,1.8702140214021495e-06,2.559307032357184,1.644853626951472,z vs boundary
compliance_boundary,allpairs_fixed_wald,false rejection of the component compliance gate (first crossing),2003,10000,143,70,-0.007299999999999973,2.104861486148609e-06,1.8610241261936793,1.644853626951472,z vs boundary
compliance_boundary,allpairs_fixed_wald,false rejection of the component compliance gate (first crossing),2005,10000,118,48,-0.007000000000000006,1.64393639363939e-06,2.3398000704143485,1.644853626951472,z vs boundary
compliance_boundary,allpairs_fixed_wald,false rejection of the component compliance gate (first crossing),2017,10000,137,61,-0.007600000000000051,1.9577057705770597e-06,1.715289903270933,1.644853626951472,z vs boundary
compliance_boundary,allpairs_fixed_wald,false rejection of the component compliance gate (first crossing),2019,10000,139,69,-0.007000000000000006,2.0561236123612377e-06,2.092168429935822,1.644853626951472,z vs boundary
compliance_boundary,allpairs_fixed_wald,false rejection of the component compliance gate (first crossing),2025,10000,121,43,-0.007800000000000029,1.623672367236711e-06,1.7265274239081467,1.644853626951472,z vs boundary
compliance_boundary,allpairs_fixed_wald,false rejection of the component compliance gate (first crossing),2038,10000,143,68,-0.007499999999999951,2.085135513551362e-06,1.73130214100897,1.644853626951472,z vs boundary
compliance_boundary,allpairs_fixed_wald,false rejection of the component compliance gate (first crossing),2040,10000,129,53,-0.007600000000000051,1.8007300730073037e-06,1.7884917161239975,1.644853626951472,z vs boundary
compliance_boundary,allpairs_fixed_wald,false rejection of the component compliance gate (first crossing),2044,10000,124,51,-0.007299999999999973,1.7321962196219522e-06,2.051470238820475,1.644853626951472,z vs boundary
compliance_boundary,allpairs_fixed_wald,false rejection of the component compliance gate (first crossing),2058,10000,131,54,-0.00770000000000004,1.830106010601059e-06,1.700159679386919,1.644853626951472,z vs boundary
compliance_boundary,allpairs_fixed_wald,false rejection of the component compliance gate (first crossing),2083,10000,140,65,-0.007500000000000062,2.0263776377637792e-06,1.7562236312933208,1.644853626951472,z vs boundary
compliance_boundary,allpairs_fixed_wald,false rejection of the component compliance gate (first crossing),2090,10000,132,61,-0.007099999999999995,1.909045904590444e-06,2.0988906464668933,1.644853626951472,z vs boundary
compliance_boundary,allpairs_fixed_wald,false rejection of the component compliance gate (first crossing),2109,10000,124,50,-0.007399999999999962,1.7222962296229474e-06,1.9811594144303506,1.644853626951472,z vs boundary
compliance_boundary,allpairs_fixed_wald,false rejection of the component compliance gate (first crossing),2168,10000,140,70,-0.007000000000000006,2.0757075707570865e-06,2.0822754079343193,1.644853626951472,z vs boundary
compliance_boundary,allpairs_fixed_wald,false rejection of the component compliance gate (first crossing),2174,10000,135,60,-0.007499999999999951,1.9283678367836523e-06,1.8003007774426865,1.644853626951472,z vs boundary
compliance_boundary,allpairs_fixed_wald,false rejection of the component compliance gate (first crossing),2182,10000,132,56,-0.00759999999999994,1.8596259625962548e-06,1.7599423472896518,1.644853626951472,z vs boundary
compliance_boundary,allpairs_fixed_wald,false rejection of the component compliance gate (first crossing),2225,10000,128,64,-0.006400000000000072,1.8997099709970928e-06,2.6119138582072665,1.644853626951472,z vs boundary
compliance_boundary,allpairs_fixed_wald,false rejection of the component compliance gate (first crossing),2239,10000,120,41,-0.007900000000000018,1.594078407840771e-06,1.6632765137969623,1.644853626951472,z vs boundary
compliance_boundary,allpairs_fixed_wald,false rejection of the component compliance gate (first crossing),2255,10000,127,52,-0.007500000000000062,1.7713441344134644e-06,1.8784019780335188,1.644853626951472,z vs boundary
compliance_boundary,allpairs_fixed_wald,false rejection of the component compliance gate (first crossing),2263,10000,114,58,-0.005599999999999938,1.7038103810381177e-06,3.370870330005987,1.644853626951472,z vs boundary
compliance_boundary,allpairs_fixed_wald,false rejection of the component compliance gate (first crossing),2267,10000,134,58,-0.00759999999999994,1.8988698869887212e-06,1.7416610440995333,1.644853626951472,z vs boundary
compliance_boundary,allpairs_fixed_wald,false rejection of the component compliance gate (first crossing),2281,10000,131,57,-0.007399999999999962,1.8597759775977672e-06,1.9065273118608077,1.644853626951472,z vs boundary
compliance_boundary,allpairs_fixed_wald,false rejection of the component compliance gate (first crossing),2282,10000,131,58,-0.007299999999999973,1.8696619661966404e-06,1.9746140254793036,1.644853626951472,z vs boundary
compliance_boundary,allpairs_fixed_wald,false rejection of the component compliance gate (first crossing),2296,10000,137,62,-0.007500000000000062,1.9675837583758363e-06,1.782269578433575,1.644853626951472,z vs boundary
compliance_boundary,allpairs_fixed_wald,false rejection of the component compliance gate (first crossing),2327,10000,135,58,-0.007699999999999929,1.908601860186015e-06,1.6648310405198212,1.644853626951472,z vs boundary
compliance_boundary,allpairs_fixed_wald,false rejection of the component compliance gate (first crossing),2332,10000,143,70,-0.007299999999999973,2.104861486148609e-06,1.8610241261936793,1.644853626951472,z vs boundary
compliance_boundary,allpairs_fixed_wald,false rejection of the component compliance gate (first crossing),2340,10000,119,47,-0.007199999999999984,1.6437943794379555e-06,2.183907731356071,1.644853626951472,z vs boundary
compliance_boundary,allpairs_fixed_wald,false rejection of the component compliance gate (first crossing),2351,10000,132,57,-0.007499999999999951,1.8695139513951332e-06,1.828418696176534,1.644853626951472,z vs boundary
compliance_boundary,allpairs_fixed_wald,false rejection of the component compliance gate (first crossing),2365,10000,124,59,-0.00649999999999995,1.811324132413216e-06,2.600578439862959,1.644853626951472,z vs boundary
compliance_boundary,allpairs_fixed_wald,false rejection of the component compliance gate (first crossing),2403,10000,130,58,-0.007199999999999984,1.85992199219925e-06,2.053102663982509,1.644853626951472,z vs boundary
compliance_boundary,allpairs_fixed_wald,false rejection of the component compliance gate (first crossing),2408,10000,133,65,-0.006800000000000028,1.958281828182803e-06,2.286716794331558,1.644853626951472,z vs boundary
compliance_boundary,allpairs_fixed_wald,false rejection of the component compliance gate (first crossing),2417,10000,126,51,-0.007499999999999951,1.751698169816979e-06,1.8889061063193033,1.644853626951472,z vs boundary
compliance_boundary,allpairs_fixed_wald,false rejection of the component compliance gate (first crossing),2432,10000,129,52,-0.00770000000000004,1.7908340834083651e-06,1.7187003299573411,1.644853626951472,z vs boundary
compliance_boundary,allpairs_fixed_wald,false rejection of the component compliance gate (first crossing),2482,10000,129,55,-0.007400000000000073,1.8205160516051632e-06,1.9269750507673018,1.644853626951472,z vs boundary
compliance_boundary,allpairs_fixed_wald,false rejection of the component compliance gate (first crossing),2510,10000,119,54,-0.006500000000000061,1.7130943094309345e-06,2.6740985476452312,1.644853626951472,z vs boundary
compliance_boundary,allpairs_fixed_wald,false rejection of the component compliance gate (first crossing),2533,10000,126,59,-0.006699999999999928,1.8308260826082428e-06,2.438879787357564,1.644853626951472,z vs boundary
compliance_boundary,allpairs_fixed_wald,false rejection of the component compliance gate (first crossing),2542,10000,122,55,-0.006700000000000039,1.7522662266226446e-06,2.492951874417171,1.644853626951472,z vs boundary
compliance_boundary,allpairs_fixed_wald,false rejection of the component compliance gate (first crossing),2570,10000,133,60,-0.007299999999999973,1.9089018901890035e-06,1.9542132796569607,1.644853626951472,z vs boundary
compliance_boundary,allpairs_fixed_wald,false rejection of the component compliance gate (first crossing),2582,10000,127,65,-0.006200000000000094,1.8998359835983714e-06,2.756928748126348,1.644853626951472,z vs boundary
compliance_boundary,allpairs_fixed_wald,false rejection of the component compliance gate (first crossing),2660,10000,129,55,-0.007400000000000073,1.8205160516051632e-06,1.9269750507673018,1.644853626951472,z vs boundary
compliance_boundary,allpairs_fixed_wald,false rejection of the component compliance gate (first crossing),2661,10000,128,54,-0.007400000000000073,1.8008800880087979e-06,1.9374519916411537,1.644853626951472,z vs boundary
compliance_boundary,allpairs_fixed_wald,false rejection of the component compliance gate (first crossing),2666,10000,120,48,-0.007199999999999984,1.6634623462346326e-06,2.1709586120337176,1.644853626951472,z vs boundary
compliance_boundary,allpairs_fixed_wald,false rejection of the component compliance gate (first crossing),2670,10000,121,56,-0.00649999999999995,1.7523982398239767e-06,2.6439402733652155,1.644853626951472,z vs boundary
compliance_boundary,allpairs_fixed_wald,false rejection of the component compliance gate (first crossing),2691,10000,123,59,-0.006399999999999961,1.8015701570156755e-06,2.682112012167607,1.644853626951472,z vs boundary
compliance_boundary,allpairs_fixed_wald,false rejection of the component compliance gate (first crossing),2707,10000,126,53,-0.007299999999999973,1.7714921492148983e-06,2.0285893828462034,1.644853626951472,z vs boundary
compliance_boundary,allpairs_fixed_wald,false rejection of the component compliance gate (first crossing),2719,10000,129,61,-0.006800000000000028,1.8798259825982736e-06,2.333947884430535,1.644853626951472,z vs boundary
compliance_boundary,allpairs_fixed_wald,false rejection of the component compliance gate (first crossing),2725,10000,127,61,-0.00660000000000005,1.8603360336033729e-06,2.492775789072434,1.644853626951472,z vs boundary
compliance_boundary,allpairs_fixed_wald,false rejection of the component compliance gate (first crossing),2753,10000,120,50,-0.007000000000000006,1.683268326832678e-06,2.3123021282769676,1.644853626951472,z vs boundary
compliance_boundary,allpairs_fixed_wald,false rejection of the component compliance gate (first crossing),2798,10000,131,57,-0.007399999999999962,1.8597759775977672e-06,1.9065273118608077,1.644853626951472,z vs boundary
compliance_boundary,allpairs_fixed_wald,false rejection of the component compliance gate (first crossing),2799,10000,125,56,-0.006899999999999906,1.7914181418141867e-06,2.316131482336489,1.644853626951472,z vs boundary
compliance_boundary,allpairs_fixed_wald,false rejection of the component compliance gate (first crossing),2841,10000,134,70,-0.006399999999999961,2.017345734573465e-06,2.534616942603379,1.644853626951472,z vs boundary
compliance_boundary,allpairs_fixed_wald,false rejection of the component compliance gate (first crossing),2853,10000,127,55,-0.007200000000000095,1.8010261026102625e-06,2.0864021796369365,1.644853626951472,z vs boundary
compliance_boundary,allpairs_fixed_wald,false rejection of the component compliance gate (first crossing),2873,10000,130,53,-0.00770000000000004,1.810472047204718e-06,1.7093536515589371,1.644853626951472,z vs boundary
compliance_boundary,allpairs_fixed_wald,false rejection of the component compliance gate (first crossing),2888,10000,136,59,-0.007699999999999929,1.928215821582134e-06,1.656342002097865,1.644853626951472,z vs boundary
compliance_boundary,allpairs_fixed_wald,false rejection of the component compliance gate (first crossing),2894,10000,133,57,-0.00759999999999994,1.8792499249924935e-06,1.7507291823397757,1.644853626951472,z vs boundary
compliance_boundary,allpairs_fixed_wald,false rejection of the component compliance gate (first crossing),2905,10000,134,61,-0.007299999999999973,1.928515851585159e-06,1.9442502241307296,1.644853626951472,z vs boundary
compliance_boundary,allpairs_fixed_wald,false rejection of the component compliance gate (first crossing),2907,10000,129,55,-0.007400000000000073,1.8205160516051632e-06,1.9269750507673018,1.644853626951472,z vs boundary
compliance_boundary,allpairs_fixed_wald,false rejection of the component compliance gate (first crossing),2909,10000,125,53,-0.007199999999999984,1.7617421742174061e-06,2.1095355854907236,1.644853626951472,z vs boundary
compliance_boundary,allpairs_fixed_wald,false rejection of the component compliance gate (first crossing),2943,10000,140,69,-0.007099999999999995,2.0658455845584657e-06,2.017665043310236,1.644853626951472,z vs boundary
compliance_boundary,allpairs_fixed_wald,false rejection of the component compliance gate (first crossing),2979,10000,130,58,-0.007199999999999984,1.85992199219925e-06,2.053102663982509,1.644853626951472,z vs boundary
compliance_boundary,allpairs_fixed_wald,false rejection of the component compliance gate (first crossing),2991,10000,141,70,-0.007099999999999995,2.085427542754273e-06,2.0081698635222045,1.644853626951472,z vs boundary
compliance_boundary,allpairs_fixed_wald,false rejection of the component compliance gate (first crossing),3035,10000,129,54,-0.007500000000000062,1.8106240624062545e-06,1.857915101793188,1.644853626951472,z vs boundary
compliance_boundary,allpairs_fixed_wald,false rejection of the component compliance gate (first crossing),3036,10000,132,56,-0.00759999999999994,1.8596259625962548e-06,1.7599423472896518,1.644853626951472,z vs boundary
compliance_boundary,allpairs_fixed_wald,false rejection of the component compliance gate (first crossing),3053,10000,129,53,-0.007600000000000051,1.8007300730073037e-06,1.7884917161239975,1.644853626951472,z vs boundary
compliance_boundary,allpairs_fixed_wald,false rejection of the component compliance gate (first crossing),3067,10000,126,48,-0.007799999999999918,1.7219921992199289e-06,1.6765136391833182,1.644853626951472,z vs boundary
compliance_boundary,allpairs_fixed_wald,false rejection of the component compliance gate (first crossing),3122,10000,127,63,-0.006400000000000072,1.880090009000902e-06,2.625506996846852,1.644853626951472,z vs boundary
compliance_boundary,allpairs_fixed_wald,false rejection of the component compliance gate (first crossing),3179,10000,135,58,-0.007699999999999929,1.908601860186015e-06,1.6648310405198212,1.644853626951472,z vs boundary
compliance_boundary,allpairs_fixed_wald,false rejection of the component compliance gate (first crossing),3210,10000,119,49,-0.007000000000000006,1.663604360436049e-06,2.325927801121841,1.644853626951472,z vs boundary
compliance_boundary,allpairs_fixed_wald,false rejection of the component compliance gate (first crossing),3221,10000,130,58,-0.007199999999999984,1.85992199219925e-06,2.053102663982509,1.644853626951472,z vs boundary
compliance_boundary,allpairs_fixed_wald,false rejection of the component compliance gate (first crossing),3227,10000,130,53,-0.00770000000000004,1.810472047204718e-06,1.7093536515589371,1.644853626951472,z vs boundary
compliance_boundary,allpairs_fixed_wald,false rejection of the component compliance gate (first crossing),3260,10000,126,62,-0.006399999999999961,1.8604660466046448e-06,2.6393174338555068,1.644853626951472,z vs boundary
compliance_boundary,allpairs_fixed_wald,false rejection of the component compliance gate (first crossing),3265,10000,137,60,-0.00770000000000004,1.947825782578259e-06,1.6479832033972335,1.644853626951472,z vs boundary
compliance_boundary,allpairs_fixed_wald,false rejection of the component compliance gate (first crossing),3280,10000,148,73,-0.007500000000000062,2.1829852985298563e-06,1.6920554971235442,1.644853626951472,z vs boundary
compliance_boundary,allpairs_fixed_wald,false rejection of the component compliance gate (first crossing),3288,10000,133,60,-0.007299999999999973,1.9089018901890035e-06,1.9542132796569607,1.644853626951472,z vs boundary
compliance_boundary,allpairs_fixed_wald,false rejection of the component compliance gate (first crossing),3307,10000,117,41,-0.007600000000000051,1.5647864786478622e-06,1.9185967274363631,1.644853626951472,z vs boundary
compliance_boundary,allpairs_fixed_wald,false rejection of the component compliance gate (first crossing),3343,10000,126,49,-0.007699999999999929,1.7318961896189638e-06,1.7477000862101555,1.644853626951472,z vs boundary
compliance_boundary,allpairs_fixed_wald,false rejection of the component compliance gate (first crossing),3350,10000,134,64,-0.007000000000000006,1.958143814381435e-06,2.143872542854777,1.644853626951472,z vs boundary
compliance_boundary,allpairs_fixed_wald,false rejection of the component compliance gate (first crossing),3351,10000,125,54,-0.007099999999999995,1.771636163616357e-06,2.178766702854836,1.644853626951472,z vs boundary
compliance_boundary,allpairs_fixed_wald,false rejection of the component compliance gate (first crossing),3402,10000,136,59,-0.007699999999999929,1.928215821582134e-06,1.656342002097865,1.644853626951472,z vs boundary
compliance_boundary,allpairs_fixed_wald,false rejection of the component compliance gate (first crossing),3432,10000,120,49,-0.007099999999999995,1.6733663366336673e-06,2.241829005544621,1.644853626951472,z vs boundary
compliance_boundary,allpairs_fixed_wald,false rejection of the component compliance gate (first crossing),3443,10000,118,52,-0.00660000000000005,1.683540354035421e-06,2.6203973505677194,1.644853626951472,z vs boundary
compliance_boundary,allpairs_fixed_wald,false rejection of the component compliance gate (first crossing),3447,10000,138,62,-0.007600000000000051,1.9773097309730948e-06,1.7067656347540605,1.644853626951472,z vs boundary
compliance_boundary,allpairs_fixed_wald,false rejection of the component compliance gate (first crossing),3460,10000,134,67,-0.006699999999999928,1.9877537753775492e-06,2.340629349327954,1.644853626951472,z vs boundary
compliance_boundary,allpairs_fixed_wald,false rejection of the component compliance gate (first crossing),3469,10000,129,52,-0.00770000000000004,1.7908340834083651e-06,1.7187003299573411,1.644853626951472,z vs boundary
compliance_boundary,allpairs_fixed_wald,false rejection of the component compliance gate (first crossing),3473,10000,115,40,-0.007499999999999951,1.5353285328532846e-06,2.017619878739411,1.644853626951472,z vs boundary
compliance_boundary,allpairs_fixed_wald,false rejection of the component compliance gate (first crossing),3492,10000,134,60,-0.007399999999999962,1.918635863586358e-06,1.8770553057168593,1.644853626951472,z vs boundary
compliance_boundary,allpairs_fixed_wald,false rejection of the component compliance gate (first crossing),3503,10000,122,48,-0.007399999999999962,1.6829802980298157e-06,2.0041666544873746,1.644853626951472,z vs boundary
compliance_boundary,allpairs_fixed_wald,false rejection of the component compliance gate (first crossing),3525,10000,126,53,-0.007299999999999973,1.7714921492148983e-06,2.0285893828462034,1.644853626951472,z vs boundary
compliance_boundary,allpairs_fixed_wald,false rejection of the component compliance gate (first crossing),3541,10000,129,57,-0.007199999999999984,1.8402940294029626e-06,2.064022478816857,1.644853626951472,z vs boundary
compliance_boundary,allpairs_fixed_wald,false rejection of the component compliance gate (first crossing),3545,10000,133,70,-0.006299999999999972,2.0076117611761103e-06,2.6113306032398365,1.644853626951472,z vs boundary
compliance_boundary,allpairs_fixed_wald,false rejection of the component compliance gate (first crossing),3578,10000,128,55,-0.007300000000000084,1.8107720772077066e-06,2.0064662993614313,1.644853626951472,z vs boundary
compliance_boundary,allpairs_fixed_wald,false rejection of the component compliance gate (first crossing),3604,10000,126,54,-0.007199999999999984,1.7813861386138491e-06,2.0978720506626747,1.644853626951472,z vs boundary
compliance_boundary,allpairs_fixed_wald,false rejection of the component compliance gate (first crossing),3608,10000,120,45,-0.007500000000000062,1.633738373837366e-06,1.9559094890112385,1.644853626951472,z vs boundary
compliance_boundary,allpairs_fixed_wald,false rejection of the component compliance gate (first crossing),3611,10000,121,47,-0.007399999999999962,1.6633163316331682e-06,2.015978620490422,1.644853626951472,z vs boundary
compliance_boundary,allpairs_fixed_wald,false rejection of the component compliance gate (first crossing),3618,10000,127,51,-0.007600000000000051,1.7614461446144837e-06,1.808325293910772,1.644853626951472,z vs boundary
compliance_boundary,allpairs_fixed_wald,false rejection of the component compliance gate (first crossing),3627,10000,138,62,-0.007600000000000051,1.9773097309730948e-06,1.7067656347540605,1.644853626951472,z vs boundary
compliance_boundary,allpairs_fixed_wald,false rejection of the component compliance gate (first crossing),3683,10000,134,57,-0.007699999999999929,1.888983898389848e-06,1.6734537266319955,1.644853626951472,z vs boundary
compliance_boundary,allpairs_fixed_wald,false rejection of the component compliance gate (first crossing),3691,10000,139,67,-0.007199999999999984,2.036393639363942e-06,1.9621272324733008,1.644853626951472,z vs boundary
compliance_boundary,allpairs_fixed_wald,false rejection of the component compliance gate (first crossing),3695,10000,125,58,-0.006699999999999928,1.8111921192119382e-06,2.452063315039249,1.644853626951472,z vs boundary
compliance_boundary,allpairs_fixed_wald,false rejection of the component compliance gate (first crossing),3696,10000,132,56,-0.00759999999999994,1.8596259625962548e-06,1.7599423472896518,1.644853626951472,z vs boundary
compliance_boundary,allpairs_fixed_wald,false rejection of the component compliance gate (first crossing),3699,10000,137,60,-0.00770000000000004,1.947825782578259e-06,1.6479832033972335,1.644853626951472,z vs boundary
compliance_boundary,allpairs_fixed_wald,false rejection of the component compliance gate (first crossing),3710,10000,142,67,-0.007499999999999951,2.0655535553555374e-06,1.7394893686358028,1.644853626951472,z vs boundary
compliance_boundary,allpairs_fixed_wald,false rejection of the component compliance gate (first crossing),3714,10000,137,65,-0.007200000000000095,1.9972057205720586e-06,1.9812835360497278,1.644853626951472,z vs boundary
compliance_boundary,allpairs_fixed_wald,false rejection of the component compliance gate (first crossing),3718,10000,145,72,-0.007299999999999973,2.144005400540037e-06,1.8439571585117258,1.644853626951472,z vs boundary
compliance_boundary,allpairs_fixed_wald,false rejection of the component compliance gate (first crossing),3721,10000,139,69,-0.007000000000000006,2.0561236123612377e-06,2.092168429935822,1.644853626951472,z vs boundary
compliance_boundary,allpairs_fixed_wald,false rejection of the component compliance gate (first crossing),3735,10000,133,57,-0.00759999999999994,1.8792499249924935e-06,1.7507291823397757,1.644853626951472,z vs boundary
compliance_boundary,allpairs_fixed_wald,false rejection of the component compliance gate (first crossing),3740,10000,136,62,-0.007399999999999962,1.957855785578536e-06,1.8581595364191152,1.644853626951472,z vs boundary
compliance_boundary,allpairs_fixed_wald,false rejection of the component compliance gate (first crossing),3745,10000,136,64,-0.007199999999999984,1.9776057605760354e-06,1.991077534044676,1.644853626951472,z vs boundary
compliance_boundary,allpairs_fixed_wald,false rejection of the component compliance gate (first crossing),3766,10000,118,40,-0.007800000000000029,1.5646324632463379e-06,1.7588002246289682,1.644853626951472,z vs boundary
compliance_boundary,allpairs_fixed_wald,false rejection of the component compliance gate (first crossing),3772,10000,131,54,-0.00770000000000004,1.830106010601059e-06,1.700159679386919,1.644853626951472,z vs boundary
compliance_boundary,allpairs_fixed_wald,false rejection of the component compliance gate (first crossing),3814,10000,128,59,-0.006900000000000017,1.8503200320031913e-06,2.278968217349106,1.644853626951472,z vs boundary
compliance_boundary,allpairs_fixed_wald,false rejection of the component compliance gate (first crossing),3830,10000,139,64,-0.007500000000000062,2.006783678367828e-06,1.7647765673904483,1.644853626951472,z vs boundary
compliance_boundary,allpairs_fixed_wald,false rejection of the component compliance gate (first crossing),3831,10000,130,60,-0.007000000000000006,1.8796879687968869e-06,2.188156468593015,1.644853626951472,z vs boundary
compliance_boundary,allpairs_fixed_wald,false rejection of the component compliance gate (first crossing),3846,10000,135,62,-0.007299999999999973,1.9481258125812294e-06,1.9344399995644146,1.644853626951472,z vs boundary
compliance_boundary,allpairs_fixed_wald,false rejection of the component compliance gate (first crossing),3868,10000,124,46,-0.007799999999999918,1.6826762676267605e-06,1.6959865199354534,1.644853626951472,z vs boundary
compliance_boundary,allpairs_fixed_wald,false rejection of the component compliance gate (first crossing),3894,10000,126,58,-0.006799999999999917,1.8209420942094304e-06,2.371384137977088,1.644853626951472,z vs boundary
compliance_boundary,allpairs_fixed_wald,false rejection of the component compliance gate (first crossing),3918,10000,142,72,-0.007000000000000006,2.1148634863486224e-06,2.0629090693010115,1.644853626951472,z vs boundary
compliance_boundary,allpairs_fixed_wald,false rejection of the component compliance gate (first crossing),3944,10000,120,66,-0.00539999999999996,1.8414281428142872e-06,3.389849706107846,1.644853626951472,z vs boundary
compliance_boundary,allpairs_fixed_wald,false rejection of the component compliance gate (first crossing),3960,10000,138,63,-0.007500000000000062,1.9871857185718475e-06,1.7734574784202215,1.644853626951472,z vs boundary
compliance_boundary,allpairs_fixed_wald,false rejection of the component compliance gate (first crossing),3964,10000,130,58,-0.007199999999999984,1.85992199219925e-06,2.053102663982509,1.644853626951472,z vs boundary
compliance_boundary,allpairs_fixed_wald,false rejection of the component compliance gate (first crossing),3974,10000,127,63,-0.006400000000000072,1.880090009000902e-06,2.625506996846852,1.644853626951472,z vs boundary
compliance_boundary,allpairs_fixed_wald,false rejection of the component compliance gate (first crossing),3992,10000,119,46,-0.007299999999999973,1.6338863886388728e-06,2.1122865649431097,1.644853626951472,z vs boundary
compliance_boundary,allpairs_fixed_wald,false rejection of the component compliance gate (first crossing),4002,10000,138,69,-0.006900000000000017,2.0463996399640036e-06,2.1670377082599708,1.644853626951472,z vs boundary
compliance_boundary,allpairs_fixed_wald,false rejection of the component compliance gate (first crossing),4011,10000,118,48,-0.007000000000000006,1.64393639363939e-06,2.3398000704143485,1.644853626951472,z vs boundary
compliance_boundary,allpairs_fixed_wald,false rejection of the component compliance gate (first crossing),4059,10000,128,65,-0.006300000000000083,1.9095819581958157e-06,2.677519069989122,1.644853626951472,z vs boundary
compliance_boundary,allpairs_fixed_wald,false rejection of the component compliance gate (first crossing),4076,10000,132,55,-0.00770000000000004,1.8497359735973338e-06,1.6911143104805313,1.644853626951472,z vs boundary
compliance_boundary,allpairs_fixed_wald,false rejection of the component compliance gate (first crossing),4128,10000,125,59,-0.006599999999999939,1.8210761076107506e-06,2.5195029360891197,1.644853626951472,z vs boundary
compliance_boundary,allpairs_fixed_wald,false rejection of the component compliance gate (first crossing),4203,10000,119,56,-0.006299999999999972,1.732876287628764e-06,2.8107223340216536,1.644853626951472,z vs boundary
compliance_boundary,allpairs_fixed_wald,false rejection of the component compliance gate (first crossing),4222,10000,121,50,-0.007099999999999995,1.6930283028302724e-06,2.228773260495792,1.644853626951472,z vs boundary
compliance_boundary,allpairs_fixed_wald,false rejection of the component compliance gate (first crossing),4235,10000,131,57,-0.007399999999999962,1.8597759775977672e-06,1.9065273118608077,1.644853626951472,z vs boundary
compliance_boundary,allpairs_fixed_wald,false rejection of the component compliance gate (first crossing),4236,10000,128,57,-0.007099999999999995,1.8305500550055062e-06,2.1434195791871393,1.644853626951472,z vs boundary
compliance_boundary,allpairs_fixed_wald,false rejection of the component compliance gate (first crossing),4253,10000,127,52,-0.007500000000000062,1.7713441344134644e-06,1.8784019780335188,1.644853626951472,z vs boundary
compliance_boundary,allpairs_fixed_wald,false rejection of the component compliance gate (first crossing),4264,10000,131,61,-0.007000000000000006,1.8993079307930782e-06,2.1768252374159287,1.644853626951472,z vs boundary
compliance_boundary,allpairs_fixed_wald,false rejection of the component compliance gate (first crossing),4267,10000,131,56,-0.007499999999999951,1.8498879887988888e-06,1.8380922011890801,1.644853626951472,z vs boundary
compliance_boundary,allpairs_fixed_wald,false rejection of the component compliance gate (first crossing),4293,10000,141,66,-0.007499999999999951,2.0459675967596824e-06,1.7477955652100663,1.644853626951472,z vs boundary
compliance_boundary,allpairs_fixed_wald,false rejection of the component compliance gate (first crossing),4313,10000,122,48,-0.007399999999999962,1.6829802980298157e-06,2.0041666544873746,1.644853626951472,z vs boundary
compliance_boundary,allpairs_fixed_wald,false rejection of the component compliance gate (first crossing),4330,10000,129,57,-0.007199999999999984,1.8402940294029626e-06,2.064022478816857,1.644853626951472,z vs boundary
compliance_boundary,allpairs_fixed_wald,false rejection of the component compliance gate (first crossing),4387,10000,132,57,-0.007499999999999951,1.8695139513951332e-06,1.828418696176534,1.644853626951472,z vs boundary
compliance_boundary,allpairs_fixed_wald,false rejection of the component compliance gate (first crossing),4423,10000,125,47,-0.007799999999999918,1.702336233623378e-06,1.6861647630081158,1.644853626951472,z vs boundary
compliance_boundary,allpairs_fixed_wald,false rejection of the component compliance gate (first crossing),4443,10000,133,63,-0.007000000000000006,1.9385358535853333e-06,2.154687716512728,1.644853626951472,z vs boundary
compliance_boundary,allpairs_fixed_wald,false rejection of the component compliance gate (first crossing),4468,10000,119,46,-0.007299999999999973,1.6338863886388728e-06,2.1122865649431097,1.644853626951472,z vs boundary
compliance_boundary,allpairs_fixed_wald,false rejection of the component compliance gate (first crossing),4474,10000,128,59,-0.006900000000000017,1.8503200320031913e-06,2.278968217349106,1.644853626951472,z vs boundary
compliance_boundary,allpairs_fixed_wald,false rejection of the component compliance gate (first crossing),4533,10000,129,53,-0.007600000000000051,1.8007300730073037e-06,1.7884917161239975,1.644853626951472,z vs boundary
compliance_boundary,allpairs_fixed_wald,false rejection of the component compliance gate (first crossing),4538,10000,137,63,-0.007400000000000073,1.977459745974589e-06,1.8489259682711978,1.644853626951472,z vs boundary
compliance_boundary,allpairs_fixed_wald,false rejection of the component compliance gate (first crossing),4544,10000,134,70,-0.006399999999999961,2.017345734573465e-06,2.534616942603379,1.644853626951472,z vs boundary
compliance_boundary,allpairs_fixed_wald,false rejection of the component compliance gate (first crossing),4547,10000,131,56,-0.007499999999999951,1.8498879887988888e-06,1.8380922011890801,1.644853626951472,z vs boundary
compliance_boundary,allpairs_fixed_wald,false rejection of the component compliance gate (first crossing),4550,10000,124,50,-0.007399999999999962,1.7222962296229474e-06,1.9811594144303506,1.644853626951472,z vs boundary
compliance_boundary,allpairs_fixed_wald,false rejection of the component compliance gate (first crossing),4559,10000,136,65,-0.007099999999999995,1.987477747774758e-06,2.057059531724717,1.644853626951472,z vs boundary
compliance_boundary,allpairs_fixed_wald,false rejection of the component compliance gate (first crossing),4567,10000,139,63,-0.007600000000000051,1.9969096909690816e-06,1.6983689032870533,1.644853626951472,z vs boundary
compliance_boundary,allpairs_fixed_wald,false rejection of the component compliance gate (first crossing),4605,10000,113,40,-0.007299999999999973,1.5157825782578197e-06,2.193033715715292,1.644853626951472,z vs boundary
compliance_boundary,allpairs_fixed_wald,false rejection of the component compliance gate (first crossing),4724,10000,135,58,-0.007699999999999929,1.908601860186015e-06,1.6648310405198212,1.644853626951472,z vs boundary
compliance_boundary,allpairs_fixed_wald,false rejection of the component compliance gate (first crossing),4732,10000,134,65,-0.006900000000000017,1.9680158015801575e-06,2.209771679088876,1.644853626951472,z vs boundary
compliance_boundary,allpairs_fixed_wald,false rejection of the component compliance gate (first crossing),4742,10000,128,55,-0.007300000000000084,1.8107720772077066e-06,2.0064662993614313,1.644853626951472,z vs boundary
compliance_boundary,allpairs_fixed_wald,false rejection of the component compliance gate (first crossing),4754,10000,129,51,-0.007800000000000029,1.7809360936093844e-06,1.6485362940339414,1.644853626951472,z vs boundary
compliance_boundary,allpairs_fixed_wald,false rejection of the component compliance gate (first crossing),4773,10000,128,50,-0.007800000000000029,1.761292129212923e-06,1.6577039932568725,1.644853626951472,z vs boundary
compliance_boundary,allpairs_fixed_wald,false rejection of the component compliance gate (first crossing),4793,10000,143,69,-0.007399999999999962,2.0949994999499884e-06,1.796310407597344,1.644853626951472,z vs boundary
compliance_boundary,allpairs_fixed_wald,false rejection of the component compliance gate (first crossing),4800,10000,127,57,-0.007000000000000006,1.820804080408062e-06,2.223256884077766,1.644853626951472,z vs boundary
compliance_boundary,allpairs_fixed_wald,false rejection of the component compliance gate (first crossing),4812,10000,117,49,-0.006800000000000028,1.6440744074407583e-06,2.495681983668459,1.644853626951472,z vs boundary
compliance_boundary,allpairs_fixed_wald,false rejection of the component compliance gate (first crossing),4825,10000,135,65,-0.007000000000000006,1.9777477747774513e-06,2.133220764730857,1.644853626951472,z vs boundary
compliance_boundary,allpairs_fixed_wald,false rejection of the component compliance gate (first crossing),4843,10000,122,49,-0.007299999999999973,1.6928842884288503e-06,2.075153021224917,1.644853626951472,z vs boundary
compliance_boundary,allpairs_fixed_wald,false rejection of the component compliance gate (first crossing),4847,10000,131,54,-0.00770000000000004,1.830106010601059e-06,1.700159679386919,1.644853626951472,z vs boundary
compliance_boundary,allpairs_fixed_wald,false rejection of the component compliance gate (first crossing),4883,10000,129,51,-0.007800000000000029,1.7809360936093844e-06,1.6485362940339414,1.644853626951472,z vs boundary
compliance_boundary,allpairs_fixed_wald,false rejection of the component compliance gate (first crossing),4898,10000,138,62,-0.007600000000000051,1.9773097309730948e-06,1.7067656347540605,1.644853626951472,z vs boundary
compliance_boundary,allpairs_fixed_wald,false rejection of the component compliance gate (first crossing),4904,10000,139,64,-0.007500000000000062,2.006783678367828e-06,1.7647765673904483,1.644853626951472,z vs boundary
compliance_boundary,allpairs_fixed_wald,false rejection of the component compliance gate (first crossing),4922,10000,133,61,-0.007199999999999984,1.9187818781878044e-06,2.0213672604486703,1.644853626951472,z vs boundary
compliance_boundary,allpairs_fixed_wald,false rejection of the component compliance gate (first crossing),4939,10000,133,58,-0.007499999999999951,1.8891359135913666e-06,1.8188982559195066,1.644853626951472,z vs boundary
compliance_boundary,allpairs_fixed_wald,false rejection of the component compliance gate (first crossing),4979,10000,130,61,-0.006900000000000017,1.8895679567956878e-06,2.255175974010594,1.644853626951472,z vs boundary
compliance_boundary,allpairs_fixed_wald,false rejection of the component compliance gate (first crossing),5004,10000,131,54,-0.00770000000000004,1.830106010601059e-06,1.700159679386919,1.644853626951472,z vs boundary
compliance_boundary,allpairs_fixed_wald,false rejection of the component compliance gate (first crossing),5012,10000,129,62,-0.006700000000000039,1.8897039703970502e-06,2.400584801060076,1.644853626951472,z vs boundary
compliance_boundary,allpairs_fixed_wald,false rejection of the component compliance gate (first crossing),5041,10000,110,50,-0.006000000000000005,1.5855585558555761e-06,3.1766462055406826,1.644853626951472,z vs boundary
compliance_boundary,allpairs_fixed_wald,false rejection of the component compliance gate (first crossing),5057,10000,129,56,-0.007299999999999973,1.8304060406040842e-06,1.9956760434455514,1.644853626951472,z vs boundary
compliance_boundary,allpairs_fixed_wald,false rejection of the component compliance gate (first crossing),5062,10000,125,49,-0.00759999999999994,1.7221462146214716e-06,1.8288421858016237,1.644853626951472,z vs boundary
compliance_boundary,allpairs_fixed_wald,false rejection of the component compliance gate (first crossing),5081,10000,137,61,-0.007600000000000051,1.9577057705770597e-06,1.715289903270933,1.644853626951472,z vs boundary
compliance_boundary,allpairs_fixed_wald,false rejection of the component compliance gate (first crossing),5102,10000,129,75,-0.005400000000000071,2.0179357935793764e-06,3.2382036635111007,1.644853626951472,z vs boundary
compliance_boundary,allpairs_fixed_wald,false rejection of the component compliance gate (first crossing),5119,10000,122,48,-0.007399999999999962,1.6829802980298157e-06,2.0041666544873746,1.644853626951472,z vs boundary
compliance_boundary,allpairs_fixed_wald,false rejection of the component compliance gate (first crossing),5238,10000,130,57,-0.007299999999999973,1.8500360036003769e-06,1.9850601637167768,1.644853626951472,z vs boundary
compliance_boundary,allpairs_fixed_wald,false rejection of the component compliance gate (first crossing),5270,10000,121,50,-0.007099999999999995,1.6930283028302724e-06,2.228773260495792,1.644853626951472,z vs boundary
compliance_boundary,allpairs_fixed_wald,false rejection of the component compliance gate (first crossing),5280,10000,127,49,-0.007800000000000029,1.7416441644164684e-06,1.6670282759306196,1.644853626951472,z vs boundary
compliance_boundary,allpairs_fixed_wald,false rejection of the component compliance gate (first crossing),5288,10000,125,51,-0.007399999999999962,1.741948194819487e-06,1.9699523910697432,1.644853626951472,z vs boundary
compliance_boundary,allpairs_fixed_wald,false rejection of the component compliance gate (first crossing),5306,10000,139,65,-0.007400000000000073,2.016655665566551e-06,1.8308698483583232,1.644853626951472,z vs boundary
compliance_boundary,allpairs_fixed_wald,false rejection of the component compliance gate (first crossing),5310,10000,118,60,-0.005800000000000027,1.7626522652265284e-06,3.163486377647805,1.644853626951472,z vs boundary
compliance_boundary,allpairs_fixed_wald,false rejection of the component compliance gate (first crossing),5345,10000,126,55,-0.007099999999999995,1.7912781278127578e-06,2.1667883225487987,1.644853626951472,z vs boundary
compliance_boundary,allpairs_fixed_wald,false rejection of the component compliance gate (first crossing),5351,10000,120,44,-0.007600000000000051,1.6238263826382533e-06,1.8833951387042058,1.644853626951472,z vs boundary
compliance_boundary,allpairs_fixed_wald,false rejection of the component compliance gate (first crossing),5362,10000,131,62,-0.006900000000000017,1.9091859185918548e-06,2.2435594530287126,1.644853626951472,z vs boundary
compliance_boundary,allpairs_fixed_wald,false rejection of the component compliance gate (first crossing),5380,10000,123,45,-0.007800000000000029,1.6630123012300953e-06,1.7059839853367817,1.644853626951472,z vs boundary
compliance_boundary,allpairs_fixed_wald,false rejection of the component compliance gate (first crossing),5397,10000,137,62,-0.007500000000000062,1.9675837583758363e-06,1.782269578433575,1.644853626951472,z vs boundary
compliance_boundary,allpairs_fixed_wald,false rejection of the component compliance gate (first crossing),5406,10000,140,67,-0.007299999999999973,2.046115611561171e-06,1.8875509345596078,1.644853626951472,z vs boundary
compliance_boundary,allpairs_fixed_wald,false rejection of the component compliance gate (first crossing),5419,10000,123,45,-0.007800000000000029,1.6630123012300953e-06,1.7059839853367817,1.644853626951472,z vs boundary
compliance_boundary,allpairs_fixed_wald,false rejection of the component compliance gate (first crossing),5433,10000,124,61,-0.006299999999999972,1.8310861086108413e-06,2.7343074144665267,1.644853626951472,z vs boundary
compliance_boundary,allpairs_fixed_wald,false rejection of the component compliance gate (first crossing),5465,10000,140,70,-0.007000000000000006,2.0757075707570865e-06,2.0822754079343193,1.644853626951472,z vs boundary
compliance_boundary,allpairs_fixed_wald,false rejection of the component compliance gate (first crossing),5477,10000,122,60,-0.006199999999999983,1.8016961696169543e-06,2.83101922758119,1.644853626951472,z vs boundary
compliance_boundary,allpairs_fixed_wald,false rejection of the component compliance gate (first crossing),5483,10000,113,46,-0.006699999999999928,1.5752725272527304e-06,2.6292754744316906,1.644853626951472,z vs boundary
compliance_boundary,allpairs_fixed_wald,false rejection of the component compliance gate (first crossing),5517,10000,128,54,-0.007400000000000073,1.8008800880087979e-06,1.9374519916411537,1.644853626951472,z vs boundary
compliance_boundary,allpairs_fixed_wald,false rejection of the component compliance gate (first crossing),5522,10000,126,67,-0.005899999999999905,1.909825982598258e-06,2.9667910348474695,1.644853626951472,z vs boundary
compliance_boundary,allpairs_fixed_wald,false rejection of the component compliance gate (first crossing),5542,10000,127,50,-0.00770000000000004,1.751546154615479e-06,1.7378690269928176,1.644853626951472,z vs boundary
compliance_boundary,allpairs_fixed_wald,false rejection of the component compliance gate (first crossing),5554,10000,128,60,-0.006800000000000028,1.8602020202020162e-06,2.3462264284417635,1.644853626951472,z vs boundary
compliance_boundary,allpairs_fixed_wald,false rejection of the component compliance gate (first crossing),5560,10000,129,52,-0.00770000000000004,1.7908340834083651e-06,1.7187003299573411,1.644853626951472,z vs boundary
compliance_boundary,allpairs_fixed_wald,false rejection of the component compliance gate (first crossing),5566,10000,140,64,-0.007600000000000051,2.0165056505650566e-06,1.690096568806099,1.644853626951472,z vs boundary
compliance_boundary,allpairs_fixed_wald,false rejection of the component compliance gate (first crossing),5588,10000,133,62,-0.007099999999999995,1.928659865986581e-06,2.0881907915406064,1.644853626951472,z vs boundary
compliance_boundary,allpairs_fixed_wald,false rejection of the component compliance gate (first crossing),5604,10000,141,65,-0.007600000000000051,2.0360976097609655e-06,1.6819455983906424,1.644853626951472,z vs boundary
compliance_boundary,allpairs_fixed_wald,false rejection of the component compliance gate (first crossing),5609,10000,128,53,-0.007500000000000062,1.790986098609847e-06,1.8680732484153895,1.644853626951472,z vs boundary
compliance_boundary,allpairs_fixed_wald,false rejection of the component compliance gate (first crossing),5613,10000,129,55,-0.007400000000000073,1.8205160516051632e-06,1.9269750507673018,1.644853626951472,z vs boundary
compliance_boundary,allpairs_fixed_wald,false rejection of the component compliance gate (first crossing),5621,10000,123,52,-0.007099999999999995,1.7323402340233929e-06,2.203339406585614,1.644853626951472,z vs boundary
compliance_boundary,allpairs_fixed_wald,false rejection of the component compliance gate (first crossing),5638,10000,125,55,-0.007000000000000006,1.7815281528152657e-06,2.2476304641928007,1.644853626951472,z vs boundary
compliance_boundary,allpairs_fixed_wald,false rejection of the component compliance gate (first crossing),5642,10000,129,51,-0.007800000000000029,1.7809360936093844e-06,1.6485362940339414,1.644853626951472,z vs boundary
compliance_boundary,allpairs_fixed_wald,false rejection of the component compliance gate (first crossing),5649,10000,135,65,-0.007000000000000006,1.9777477747774513e-06,2.133220764730857,1.644853626951472,z vs boundary
compliance_boundary,allpairs_fixed_wald,false rejection of the component compliance gate (first crossing),5666,10000,130,61,-0.006900000000000017,1.8895679567956878e-06,2.255175974010594,1.644853626951472,z vs boundary
compliance_boundary,allpairs_fixed_wald,false rejection of the component compliance gate (first crossing),5688,10000,137,66,-0.007099999999999995,2.007075707570775e-06,2.0469918834201306,1.644853626951472,z vs boundary
compliance_boundary,allpairs_fixed_wald,false rejection of the component compliance gate (first crossing),5698,10000,135,59,-0.00759999999999994,1.9184858485848274e-06,1.7327341771968128,1.644853626951472,z vs boundary
compliance_boundary,allpairs_fixed_wald,false rejection of the component compliance gate (first crossing),5724,10000,112,50,-0.006199999999999983,1.605116511651167e-06,2.9993718796432742,1.644853626951472,z vs boundary
compliance_boundary,allpairs_fixed_wald,false rejection of the component compliance gate (first crossing),5736,10000,127,53,-0.007400000000000073,1.781240124012403e-06,1.9481038886446784,1.644853626951472,z vs boundary
compliance_boundary,allpairs_fixed_wald,false rejection of the component compliance gate (first crossing),5751,10000,123,51,-0.007199999999999984,1.722442244224412e-06,2.1334658577985515,1.644853626951472,z vs boundary
compliance_boundary,allpairs_fixed_wald,false rejection of the component compliance gate (first crossing),5766,10000,127,60,-0.006700000000000039,1.850456045604572e-06,2.425909264508132,1.644853626951472,z vs boundary
compliance_boundary,allpairs_fixed_wald,false rejection of the component compliance gate (first crossing),5784,10000,138,63,-0.007500000000000062,1.9871857185718475e-06,1.7734574784202215,1.644853626951472,z vs boundary
compliance_boundary,allpairs_fixed_wald,false rejection of the component compliance gate (first crossing),5789,10000,130,61,-0.006900000000000017,1.8895679567956878e-06,2.255175974010594,1.644853626951472,z vs boundary
compliance_boundary,allpairs_fixed_wald,false rejection of the component compliance gate (first crossing),5797,10000,121,45,-0.007600000000000051,1.6434983498349605e-06,1.8720894917237776,1.644853626951472,z vs boundary
compliance_boundary,allpairs_fixed_wald,false rejection of the component compliance gate (first crossing),5814,10000,130,54,-0.007600000000000051,1.8203660366036687e-06,1.7788194917693536,1.644853626951472,z vs boundary
compliance_boundary,allpairs_fixed_wald,false rejection of the component compliance gate (first crossing),5827,10000,132,59,-0.007299999999999973,1.8892839283928187e-06,1.9643331646273314,1.644853626951472,z vs boundary
compliance_boundary,allpairs_fixed_wald,false rejection of the component compliance gate (first crossing),5832,10000,122,45,-0.00770000000000004,1.6532563256325491e-06,1.7887833321888806,1.644853626951472,z vs boundary
compliance_boundary,allpairs_fixed_wald,false rejection of the component compliance gate (first crossing),5851,10000,129,59,-0.007000000000000006,1.8600640064006481e-06,2.199668878095488,1.644853626951472,z vs boundary
compliance_boundary,allpairs_fixed_wald,false rejection of the component compliance gate (first crossing),5853,10000,123,56,-0.006699999999999928,1.7719121912191115e-06,2.479093129563641,1.644853626951472,z vs boundary
compliance_boundary,allpairs_fixed_wald,false rejection of the component compliance gate (first crossing),5920,10000,127,59,-0.006800000000000028,1.8405740574057474e-06,2.35870338392624,1.644853626951472,z vs boundary
compliance_boundary,allpairs_fixed_wald,false rejection of the component compliance gate (first crossing),5945,10000,122,49,-0.007299999999999973,1.6928842884288503e-06,2.075153021224917,1.644853626951472,z vs boundary
compliance_boundary,allpairs_fixed_wald,false rejection of the component compliance gate (first crossing),5974,10000,128,59,-0.006900000000000017,1.8503200320031913e-06,2.278968217349106,1.644853626951472,z vs boundary
compliance_boundary,allpairs_fixed_wald,false rejection of the component compliance gate (first crossing),5985,10000,121,49,-0.007199999999999984,1.6831263126312617e-06,2.1582396983028604,1.644853626951472,z vs boundary
compliance_boundary,allpairs_fixed_wald,false rejection of the component compliance gate (first crossing),5995,10000,105,58,-0.0046999999999999265,1.6157725772577337e-06,4.169517040210307,1.644853626951472,z vs boundary
compliance_boundary,allpairs_fixed_wald,false rejection of the component compliance gate (first crossing),5997,10000,128,52,-0.007600000000000051,1.7810901090109087e-06,1.7983254719185693,1.644853626951472,z vs boundary
compliance_boundary,allpairs_fixed_wald,false rejection of the component compliance gate (first crossing),6003,10000,130,58,-0.007199999999999984,1.85992199219925e-06,2.053102663982509,1.644853626951472,z vs boundary
compliance_boundary,allpairs_fixed_wald,false rejection of the component compliance gate (first crossing),6018,10000,135,58,-0.007699999999999929,1.908601860186015e-06,1.6648310405198212,1.644853626951472,z vs boundary
compliance_boundary,allpairs_fixed_wald,false rejection of the component compliance gate (first crossing),6025,10000,118,46,-0.007199999999999984,1.6241224122412486e-06,2.197094068395331,1.644853626951472,z vs boundary
compliance_boundary,allpairs_fixed_wald,false rejection of the component compliance gate (first crossing),6032,10000,129,55,-0.007400000000000073,1.8205160516051632e-06,1.9269750507673018,1.644853626951472,z vs boundary
compliance_boundary,allpairs_fixed_wald,false rejection of the component compliance gate (first crossing),6039,10000,136,61,-0.007499999999999951,1.9479777977797595e-06,1.791216195594735,1.644853626951472,z vs boundary
compliance_boundary,allpairs_fixed_wald,false rejection of the component compliance gate (first crossing),6045,10000,133,58,-0.007499999999999951,1.8891359135913666e-06,1.8188982559195066,1.644853626951472,z vs boundary
compliance_boundary,allpairs_fixed_wald,false rejection of the component compliance gate (first crossing),6046,10000,136,61,-0.007499999999999951,1.9479777977797595e-06,1.791216195594735,1.644853626951472,z vs boundary
compliance_boundary,allpairs_fixed_wald,false rejection of the component compliance gate (first crossing),6068,10000,135,63,-0.007199999999999984,1.958001800179982e-06,2.001020269886396,1.644853626951472,z vs boundary
compliance_boundary,allpairs_fixed_wald,false rejection of the component compliance gate (first crossing),6192,10000,121,51,-0.007000000000000006,1.7029282928292772e-06,2.298915848212342,1.644853626951472,z vs boundary
compliance_boundary,allpairs_fixed_wald,false rejection of the component compliance gate (first crossing),6200,10000,132,58,-0.007399999999999962,1.8793999399940063e-06,1.8965475844672663,1.644853626951472,z vs boundary
compliance_boundary,allpairs_fixed_wald,false rejection of the component compliance gate (first crossing),6201,10000,125,57,-0.006799999999999917,1.801306130613065e-06,2.3842742846373395,1.644853626951472,z vs boundary
compliance_boundary,allpairs_fixed_wald,false rejection of the component compliance gate (first crossing),6224,10000,142,66,-0.00759999999999994,2.0556855685568626e-06,1.6739130616088973,1.644853626951472,z vs boundary
compliance_boundary,allpairs_fixed_wald,false rejection of the component compliance gate (first crossing),6233,10000,127,53,-0.007400000000000073,1.781240124012403e-06,1.9481038886446784,1.644853626951472,z vs boundary
compliance_boundary,allpairs_fixed_wald,false rejection of the component compliance gate (first crossing),6246,10000,142,66,-0.00759999999999994,2.0556855685568626e-06,1.6739130616088973,1.644853626951472,z vs boundary
compliance_boundary,allpairs_fixed_wald,false rejection of the component compliance gate (first crossing),6251,10000,136,59,-0.007699999999999929,1.928215821582134e-06,1.656342002097865,1.644853626951472,z vs boundary
compliance_boundary,allpairs_fixed_wald,false rejection of the component compliance gate (first crossing),6270,10000,116,37,-0.007900000000000018,1.5153265326532829e-06,1.7059495393799131,1.644853626951472,z vs boundary
compliance_boundary,allpairs_fixed_wald,false rejection of the component compliance gate (first crossing),6277,10000,140,65,-0.007500000000000062,2.0263776377637792e-06,1.7562236312933208,1.644853626951472,z vs boundary
compliance_boundary,allpairs_fixed_wald,false rejection of the component compliance gate (first crossing),6279,10000,121,42,-0.007900000000000018,1.6137563756375502e-06,1.6531045041358525,1.644853626951472,z vs boundary
compliance_boundary,allpairs_fixed_wald,false rejection of the component compliance gate (first crossing),6302,10000,123,55,-0.006800000000000028,1.7620222022201908e-06,2.410706229351053,1.644853626951472,z vs boundary
compliance_boundary,allpairs_fixed_wald,false rejection of the component compliance gate (first crossing),6324,10000,133,57,-0.00759999999999994,1.8792499249924935e-06,1.7507291823397757,1.644853626951472,z vs boundary
compliance_boundary,allpairs_fixed_wald,false rejection of the component compliance gate (first crossing),6350,10000,124,46,-0.007799999999999918,1.6826762676267605e-06,1.6959865199354534,1.644853626951472,z vs boundary
compliance_boundary,allpairs_fixed_wald,false rejection of the component compliance gate (first crossing),6356,10000,137,61,-0.007600000000000051,1.9577057705770597e-06,1.715289903270933,1.644853626951472,z vs boundary
compliance_boundary,allpairs_fixed_wald,false rejection of the component compliance gate (first crossing),6359,10000,134,59,-0.007499999999999951,1.9087538753875336e-06,1.8095268964531157,1.644853626951472,z vs boundary
compliance_boundary,allpairs_fixed_wald,false rejection of the component compliance gate (first crossing),6379,10000,123,48,-0.007499999999999951,1.6927362736273618e-06,1.9215219871499916,1.644853626951472,z vs boundary
compliance_boundary,allpairs_fixed_wald,false rejection of the component compliance gate (first crossing),6380,10000,131,60,-0.007099999999999995,1.8894279427942772e-06,2.1097589162308,1.644853626951472,z vs boundary
compliance_boundary,allpairs_fixed_wald,false rejection of the component compliance gate (first crossing),6387,10000,123,59,-0.006399999999999961,1.8015701570156755e-06,2.682112012167607,1.644853626951472,z vs boundary
compliance_boundary,allpairs_fixed_wald,false rejection of the component compliance gate (first crossing),6412,10000,132,55,-0.00770000000000004,1.8497359735973338e-06,1.6911143104805313,1.644853626951472,z vs boundary
compliance_boundary,allpairs_fixed_wald,false rejection of the component compliance gate (first crossing),6438,10000,119,49,-0.007000000000000006,1.663604360436049e-06,2.325927801121841,1.644853626951472,z vs boundary
compliance_boundary,allpairs_fixed_wald,false rejection of the component compliance gate (first crossing),6463,10000,136,59,-0.007699999999999929,1.928215821582134e-06,1.656342002097865,1.644853626951472,z vs boundary
compliance_boundary,allpairs_fixed_wald,false rejection of the component compliance gate (first crossing),6466,10000,121,52,-0.006900000000000017,1.712826282628258e-06,2.3686725908433903,1.644853626951472,z vs boundary
compliance_boundary,allpairs_fixed_wald,false rejection of the component compliance gate (first crossing),6468,10000,137,70,-0.006700000000000039,2.046535653565366e-06,2.3067699344033934,1.644853626951472,z vs boundary
compliance_boundary,allpairs_fixed_wald,false rejection of the component compliance gate (first crossing),6479,10000,117,50,-0.006700000000000039,1.653976397639769e-06,2.5659564783473767,1.644853626951472,z vs boundary
compliance_boundary,allpairs_fixed_wald,false rejection of the component compliance gate (first crossing),6480,10000,121,55,-0.00660000000000005,1.742508250825056e-06,2.5756775668929692,1.644853626951472,z vs boundary
compliance_boundary,allpairs_fixed_wald,false rejection of the component compliance gate (first crossing),6482,10000,130,54,-0.007600000000000051,1.8203660366036687e-06,1.7788194917693536,1.644853626951472,z vs boundary
compliance_boundary,allpairs_fixed_wald,false rejection of the component compliance gate (first crossing),6496,10000,135,67,-0.006799999999999917,1.997485748574843e-06,2.264165317573467,1.644853626951472,z vs boundary
compliance_boundary,allpairs_fixed_wald,false rejection of the component compliance gate (first crossing),6511,10000,126,49,-0.007699999999999929,1.7318961896189638e-06,1.7477000862101555,1.644853626951472,z vs boundary
compliance_boundary,allpairs_fixed_wald,false rejection of the component compliance gate (first crossing),6516,10000,132,56,-0.00759999999999994,1.8596259625962548e-06,1.7599423472896518,1.644853626951472,z vs boundary
compliance_boundary,allpairs_fixed_wald,false rejection of the component compliance gate (first crossing),6560,10000,124,53,-0.007099999999999995,1.7519901990198714e-06,2.190948462180268,1.644853626951472,z vs boundary
compliance_boundary,allpairs_fixed_wald,false rejection of the component compliance gate (first crossing),6623,10000,134,59,-0.007499999999999951,1.9087538753875336e-06,1.8095268964531157,1.644853626951472,z vs boundary
compliance_boundary,allpairs_fixed_wald,false rejection of the component compliance gate (first crossing),6681,10000,132,58,-0.007399999999999962,1.8793999399940063e-06,1.8965475844672663,1.644853626951472,z vs boundary
compliance_boundary,allpairs_fixed_wald,false rejection of the component compliance gate (first crossing),6683,10000,133,56,-0.007699999999999929,1.869361936193615e-06,1.6822135945259595,1.644853626951472,z vs boundary
compliance_boundary,allpairs_fixed_wald,false rejection of the component compliance gate (first crossing),6697,10000,122,56,-0.006599999999999939,1.7621562156215654e-06,2.5612779695024384,1.644853626951472,z vs boundary
compliance_boundary,allpairs_fixed_wald,false rejection of the component compliance gate (first crossing),6727,10000,121,59,-0.006199999999999983,1.7820562056205407e-06,2.846576750279407,1.644853626951472,z vs boundary
compliance_boundary,allpairs_fixed_wald,false rejection of the component compliance gate (first crossing),6729,10000,127,54,-0.007300000000000084,1.7911341134113538e-06,2.017435745223351,1.644853626951472,z vs boundary
compliance_boundary,allpairs_fixed_wald,false rejection of the component compliance gate (first crossing),6753,10000,131,55,-0.007600000000000051,1.8399979997999678e-06,1.7693044355336602,1.644853626951472,z vs boundary
compliance_boundary,allpairs_fixed_wald,false rejection of the component compliance gate (first crossing),6763,10000,128,60,-0.006800000000000028,1.8602020202020162e-06,2.3462264284417635,1.644853626951472,z vs boundary
compliance_boundary,allpairs_fixed_wald,false rejection of the component compliance gate (first crossing),6785,10000,139,72,-0.006700000000000039,2.085703570357027e-06,2.2850075931896177,1.644853626951472,z vs boundary
compliance_boundary,allpairs_fixed_wald,false rejection of the component compliance gate (first crossing),6805,10000,137,61,-0.007600000000000051,1.9577057705770597e-06,1.715289903270933,1.644853626951472,z vs boundary
compliance_boundary,allpairs_fixed_wald,false rejection of the component compliance gate (first crossing),6839,10000,133,57,-0.00759999999999994,1.8792499249924935e-06,1.7507291823397757,1.644853626951472,z vs boundary
compliance_boundary,allpairs_fixed_wald,false rejection of the component compliance gate (first crossing),6843,10000,117,49,-0.006800000000000028,1.6440744074407583e-06,2.495681983668459,1.644853626951472,z vs boundary
compliance_boundary,allpairs_fixed_wald,false rejection of the component compliance gate (first crossing),6846,10000,139,68,-0.007099999999999995,2.046259625962611e-06,2.0272981785852355,1.644853626951472,z vs boundary
compliance_boundary,allpairs_fixed_wald,false rejection of the component compliance gate (first crossing),6864,10000,132,57,-0.007499999999999951,1.8695139513951332e-06,1.828418696176534,1.644853626951472,z vs boundary
compliance_boundary,allpairs_fixed_wald,false rejection of the component compliance gate (first crossing),6866,10000,123,45,-0.007800000000000029,1.6630123012300953e-06,1.7059839853367817,1.644853626951472,z vs boundary
compliance_boundary,allpairs_fixed_wald,false rejection of the component compliance gate (first crossing),6872,10000,137,60,-0.00770000000000004,1.947825782578259e-06,1.6479832033972335,1.644853626951472,z vs boundary
compliance_boundary,allpairs_fixed_wald,false rejection of the component compliance gate (first crossing),6881,10000,127,56,-0.007099999999999995,1.8109160916091835e-06,2.155007738268042,1.644853626951472,z vs boundary
compliance_boundary,allpairs_fixed_wald,false rejection of the component compliance gate (first crossing),6920,10000,125,61,-0.006399999999999961,1.840838083808376e-06,2.653351004984783,1.644853626951472,z vs boundary
compliance_boundary,allpairs_fixed_wald,false rejection of the component compliance gate (first crossing),6935,10000,115,51,-0.006399999999999961,1.644338433843387e-06,2.8074168153070023,1.644853626951472,z vs boundary
compliance_boundary,allpairs_fixed_wald,false rejection of the component compliance gate (first crossing),6937,10000,113,50,-0.006299999999999972,1.6148924892489173e-06,2.9115879728490244,1.644853626951472,z vs boundary
compliance_boundary,allpairs_fixed_wald,false rejection of the component compliance gate (first crossing),6940,10000,135,58,-0.007699999999999929,1.908601860186015e-06,1.6648310405198212,1.644853626951472,z vs boundary
compliance_boundary,allpairs_fixed_wald,false rejection of the component compliance gate (first crossing),6943,10000,137,65,-0.007200000000000095,1.9972057205720586e-06,1.9812835360497278,1.644853626951472,z vs boundary
compliance_boundary,allpairs_fixed_wald,false rejection of the component compliance gate (first crossing),6952,10000,123,51,-0.007199999999999984,1.722442244224412e-06,2.1334658577985515,1.644853626951472,z vs boundary
compliance_boundary,allpairs_fixed_wald,false rejection of the component compliance gate (first crossing),6961,10000,129,53,-0.007600000000000051,1.8007300730073037e-06,1.7884917161239975,1.644853626951472,z vs boundary
compliance_boundary,allpairs_fixed_wald,false rejection of the component compliance gate (first crossing),6973,10000,131,56,-0.007499999999999951,1.8498879887988888e-06,1.8380922011890801,1.644853626951472,z vs boundary
compliance_boundary,allpairs_fixed_wald,false rejection of the component compliance gate (first crossing),6990,10000,123,51,-0.007199999999999984,1.722442244224412e-06,2.1334658577985515,1.644853626951472,z vs boundary
compliance_boundary,allpairs_fixed_wald,false rejection of the component compliance gate (first crossing),7005,10000,132,56,-0.00759999999999994,1.8596259625962548e-06,1.7599423472896518,1.644853626951472,z vs boundary
compliance_boundary,allpairs_fixed_wald,false rejection of the component compliance gate (first crossing),7019,10000,141,66,-0.007499999999999951,2.0459675967596824e-06,1.7477955652100663,1.644853626951472,z vs boundary
compliance_boundary,allpairs_fixed_wald,false rejection of the component compliance gate (first crossing),7041,10000,112,38,-0.007399999999999962,1.4861606160616158e-06,2.132752569760709,1.644853626951472,z vs boundary
compliance_boundary,allpairs_fixed_wald,false rejection of the component compliance gate (first crossing),7070,10000,127,52,-0.007500000000000062,1.7713441344134644e-06,1.8784019780335188,1.644853626951472,z vs boundary
compliance_boundary,allpairs_fixed_wald,false rejection of the component compliance gate (first crossing),7079,10000,113,49,-0.006399999999999961,1.6049904990499066e-06,2.8416217473074163,1.644853626951472,z vs boundary
compliance_boundary,allpairs_fixed_wald,false rejection of the component compliance gate (first crossing),7147,10000,134,65,-0.006900000000000017,1.9680158015801575e-06,2.209771679088876,1.644853626951472,z vs boundary
compliance_boundary,allpairs_fixed_wald,false rejection of the component compliance gate (first crossing),7202,10000,125,50,-0.007499999999999951,1.7320482048204821e-06,1.899590641384596,1.644853626951472,z vs boundary
compliance_boundary,allpairs_fixed_wald,false rejection of the component compliance gate (first crossing),7229,10000,128,53,-0.007500000000000062,1.790986098609847e-06,1.8680732484153895,1.644853626951472,z vs boundary
compliance_boundary,allpairs_fixed_wald,false rejection of the component compliance gate (first crossing),7250,10000,123,47,-0.00759999999999994,1.682830283028303e-06,1.8500824455475557,1.644853626951472,z vs boundary
compliance_boundary,allpairs_fixed_wald,false rejection of the component compliance gate (first crossing),7256,10000,115,48,-0.006699999999999928,1.6146324632463368e-06,2.5970307976756426,1.644853626951472,z vs boundary
compliance_boundary,allpairs_fixed_wald,false rejection of the component compliance gate (first crossing),7258,10000,128,53,-0.007500000000000062,1.790986098609847e-06,1.8680732484153895,1.644853626951472,z vs boundary
compliance_boundary,allpairs_fixed_wald,false rejection of the component compliance gate (first crossing),7265,10000,133,57,-0.00759999999999994,1.8792499249924935e-06,1.7507291823397757,1.644853626951472,z vs boundary
compliance_boundary,allpairs_fixed_wald,false rejection of the component compliance gate (first crossing),7270,10000,134,59,-0.007499999999999951,1.9087538753875336e-06,1.8095268964531157,1.644853626951472,z vs boundary
compliance_boundary,allpairs_fixed_wald,false rejection of the component compliance gate (first crossing),7272,10000,129,52,-0.00770000000000004,1.7908340834083651e-06,1.7187003299573411,1.644853626951472,z vs boundary
compliance_boundary,allpairs_fixed_wald,false rejection of the component compliance gate (first crossing),7300,10000,125,52,-0.007299999999999973,1.7518461846184676e-06,2.0399324116518063,1.644853626951472,z vs boundary
compliance_boundary,allpairs_fixed_wald,false rejection of the component compliance gate (first crossing),7325,10000,130,53,-0.00770000000000004,1.810472047204718e-06,1.7093536515589371,1.644853626951472,z vs boundary
compliance_boundary,allpairs_fixed_wald,false rejection of the component compliance gate (first crossing),7341,10000,127,51,-0.007600000000000051,1.7614461446144837e-06,1.808325293910772,1.644853626951472,z vs boundary
compliance_boundary,allpairs_fixed_wald,false rejection of the component compliance gate (first crossing),7369,10000,115,51,-0.006399999999999961,1.644338433843387e-06,2.8074168153070023,1.644853626951472,z vs boundary
compliance_boundary,allpairs_fixed_wald,false rejection of the component compliance gate (first crossing),7406,10000,126,55,-0.007099999999999995,1.7912781278127578e-06,2.1667883225487987,1.644853626951472,z vs boundary
compliance_boundary,allpairs_fixed_wald,false rejection of the component compliance gate (first crossing),7439,10000,134,59,-0.007499999999999951,1.9087538753875336e-06,1.8095268964531157,1.644853626951472,z vs boundary
compliance_boundary,allpairs_fixed_wald,false rejection of the component compliance gate (first crossing),7469,10000,133,62,-0.007099999999999995,1.928659865986581e-06,2.0881907915406064,1.644853626951472,z vs boundary
compliance_boundary,allpairs_fixed_wald,false rejection of the component compliance gate (first crossing),7539,10000,137,62,-0.007500000000000062,1.9675837583758363e-06,1.782269578433575,1.644853626951472,z vs boundary
compliance_boundary,allpairs_fixed_wald,false rejection of the component compliance gate (first crossing),7552,10000,134,61,-0.007299999999999973,1.928515851585159e-06,1.9442502241307296,1.644853626951472,z vs boundary
compliance_boundary,allpairs_fixed_wald,false rejection of the component compliance gate (first crossing),7611,10000,139,65,-0.007400000000000073,2.016655665566551e-06,1.8308698483583232,1.644853626951472,z vs boundary
compliance_boundary,allpairs_fixed_wald,false rejection of the component compliance gate (first crossing),7614,10000,123,48,-0.007499999999999951,1.6927362736273618e-06,1.9215219871499916,1.644853626951472,z vs boundary
compliance_boundary,allpairs_fixed_wald,false rejection of the component compliance gate (first crossing),7672,10000,136,60,-0.00759999999999994,1.9380978097809586e-06,1.723944960960228,1.644853626951472,z vs boundary
compliance_boundary,allpairs_fixed_wald,false rejection of the component compliance gate (first crossing),7673,10000,122,56,-0.006599999999999939,1.7621562156215654e-06,2.5612779695024384,1.644853626951472,z vs boundary
compliance_boundary,allpairs_fixed_wald,false rejection of the component compliance gate (first crossing),7692,10000,130,54,-0.007600000000000051,1.8203660366036687e-06,1.7788194917693536,1.644853626951472,z vs boundary
compliance_boundary,allpairs_fixed_wald,false rejection of the component compliance gate (first crossing),7697,10000,132,55,-0.00770000000000004,1.8497359735973338e-06,1.6911143104805313,1.644853626951472,z vs boundary
compliance_boundary,allpairs_fixed_wald,false rejection of the component compliance gate (first crossing),7720,10000,126,55,-0.007099999999999995,1.7912781278127578e-06,2.1667883225487987,1.644853626951472,z vs boundary
compliance_boundary,allpairs_fixed_wald,false rejection of the component compliance gate (first crossing),7724,10000,137,63,-0.007400000000000073,1.977459745974589e-06,1.8489259682711978,1.644853626951472,z vs boundary
compliance_boundary,allpairs_fixed_wald,false rejection of the component compliance gate (first crossing),7736,10000,132,55,-0.00770000000000004,1.8497359735973338e-06,1.6911143104805313,1.644853626951472,z vs boundary
compliance_boundary,allpairs_fixed_wald,false rejection of the component compliance gate (first crossing),7740,10000,122,47,-0.007499999999999951,1.673074307430757e-06,1.932779869542893,1.644853626951472,z vs boundary
compliance_boundary,allpairs_fixed_wald,false rejection of the component compliance gate (first crossing),7763,10000,133,61,-0.007199999999999984,1.9187818781878044e-06,2.0213672604486703,1.644853626951472,z vs boundary
compliance_boundary,allpairs_fixed_wald,false rejection of the component compliance gate (first crossing),7780,10000,114,49,-0.00649999999999995,1.614764476447651e-06,2.754314008814143,1.644853626951472,z vs boundary
compliance_boundary,allpairs_fixed_wald,false rejection of the component compliance gate (first crossing),7790,10000,140,70,-0.007000000000000006,2.0757075707570865e-06,2.0822754079343193,1.644853626951472,z vs boundary
compliance_boundary,allpairs_fixed_wald,false rejection of the component compliance gate (first crossing),7820,10000,113,46,-0.006699999999999928,1.5752725272527304e-06,2.6292754744316906,1.644853626951472,z vs boundary
compliance_boundary,allpairs_fixed_wald,false rejection of the component compliance gate (first crossing),7828,10000,123,46,-0.007699999999999929,1.6729222922292203e-06,1.7782382670036758,1.644853626951472,z vs boundary
compliance_boundary,allpairs_fixed_wald,false rejection of the component compliance gate (first crossing),7841,10000,137,60,-0.00770000000000004,1.947825782578259e-06,1.6479832033972335,1.644853626951472,z vs boundary
compliance_boundary,allpairs_fixed_wald,false rejection of the component compliance gate (first crossing),7848,10000,130,53,-0.00770000000000004,1.810472047204718e-06,1.7093536515589371,1.644853626951472,z vs boundary
compliance_boundary,allpairs_fixed_wald,false rejection of the component compliance gate (first crossing),7849,10000,121,52,-0.006900000000000017,1.712826282628258e-06,2.3686725908433903,1.644853626951472,z vs boundary
compliance_boundary,allpairs_fixed_wald,false rejection of the component compliance gate (first crossing),7851,10000,117,49,-0.006800000000000028,1.6440744074407583e-06,2.495681983668459,1.644853626951472,z vs boundary
compliance_boundary,allpairs_fixed_wald,false rejection of the component compliance gate (first crossing),7858,10000,140,67,-0.007299999999999973,2.046115611561171e-06,1.8875509345596078,1.644853626951472,z vs boundary
compliance_boundary,allpairs_fixed_wald,false rejection of the component compliance gate (first crossing),7928,10000,127,50,-0.00770000000000004,1.751546154615479e-06,1.7378690269928176,1.644853626951472,z vs boundary
compliance_boundary,allpairs_fixed_wald,false rejection of the component compliance gate (first crossing),7931,10000,131,57,-0.007399999999999962,1.8597759775977672e-06,1.9065273118608077,1.644853626951472,z vs boundary
compliance_boundary,allpairs_fixed_wald,false rejection of the component compliance gate (first crossing),7940,10000,134,60,-0.007399999999999962,1.918635863586358e-06,1.8770553057168593,1.644853626951472,z vs boundary
compliance_boundary,allpairs_fixed_wald,false rejection of the component compliance gate (first crossing),7941,10000,128,50,-0.007800000000000029,1.761292129212923e-06,1.6577039932568725,1.644853626951472,z vs boundary
compliance_boundary,allpairs_fixed_wald,false rejection of the component compliance gate (first crossing),7942,10000,128,51,-0.00770000000000004,1.7711921192119278e-06,1.72820397785748,1.644853626951472,z vs boundary
compliance_boundary,allpairs_fixed_wald,false rejection of the component compliance gate (first crossing),7947,10000,132,57,-0.007499999999999951,1.8695139513951332e-06,1.828418696176534,1.644853626951472,z vs boundary
compliance_boundary,allpairs_fixed_wald,false rejection of the component compliance gate (first crossing),7968,10000,120,70,-0.0050000000000000044,1.8808880888088778e-06,3.6457637821985944,1.644853626951472,z vs boundary
compliance_boundary,allpairs_fixed_wald,false rejection of the component compliance gate (first crossing),7971,10000,134,57,-0.007699999999999929,1.888983898389848e-06,1.6734537266319955,1.644853626951472,z vs boundary
compliance_boundary,allpairs_fixed_wald,false rejection of the component compliance gate (first crossing),7995,10000,122,49,-0.007299999999999973,1.6928842884288503e-06,2.075153021224917,1.644853626951472,z vs boundary
compliance_boundary,allpairs_fixed_wald,false rejection of the component compliance gate (first crossing),7999,10000,129,53,-0.007600000000000051,1.8007300730073037e-06,1.7884917161239975,1.644853626951472,z vs boundary
compliance_boundary,allpairs_fixed_wald,false rejection of the component compliance gate (first crossing),8051,10000,121,56,-0.00649999999999995,1.7523982398239767e-06,2.6439402733652155,1.644853626951472,z vs boundary
compliance_boundary,allpairs_fixed_wald,false rejection of the component compliance gate (first crossing),8061,10000,139,67,-0.007199999999999984,2.036393639363942e-06,1.9621272324733008,1.644853626951472,z vs boundary
compliance_boundary,allpairs_fixed_wald,false rejection of the component compliance gate (first crossing),8112,10000,136,59,-0.007699999999999929,1.928215821582134e-06,1.656342002097865,1.644853626951472,z vs boundary
compliance_boundary,allpairs_fixed_wald,false rejection of the component compliance gate (first crossing),8127,10000,135,59,-0.00759999999999994,1.9184858485848274e-06,1.7327341771968128,1.644853626951472,z vs boundary
compliance_boundary,allpairs_fixed_wald,false rejection of the component compliance gate (first crossing),8139,10000,131,55,-0.007600000000000051,1.8399979997999678e-06,1.7693044355336602,1.644853626951472,z vs boundary
compliance_boundary,allpairs_fixed_wald,false rejection of the component compliance gate (first crossing),8147,10000,134,61,-0.007299999999999973,1.928515851585159e-06,1.9442502241307296,1.644853626951472,z vs boundary
compliance_boundary,allpairs_fixed_wald,false rejection of the component compliance gate (first crossing),8185,10000,134,66,-0.006799999999999917,1.9778857885788744e-06,2.275356092816012,1.644853626951472,z vs boundary
compliance_boundary,allpairs_fixed_wald,false rejection of the component compliance gate (first crossing),8190,10000,118,56,-0.006199999999999983,1.72311231123114e-06,2.894854924268333,1.644853626951472,z vs boundary
compliance_boundary,allpairs_fixed_wald,false rejection of the component compliance gate (first crossing),8193,10000,131,54,-0.00770000000000004,1.830106010601059e-06,1.700159679386919,1.644853626951472,z vs boundary
compliance_boundary,allpairs_fixed_wald,false rejection of the component compliance gate (first crossing),8194,10000,123,45,-0.007800000000000029,1.6630123012300953e-06,1.7059839853367817,1.644853626951472,z vs boundary
compliance_boundary,allpairs_fixed_wald,false rejection of the component compliance gate (first crossing),8216,10000,130,62,-0.006800000000000028,1.8994459445944644e-06,2.3218625620102245,1.644853626951472,z vs boundary
compliance_boundary,allpairs_fixed_wald,false rejection of the component compliance gate (first crossing),8255,10000,131,61,-0.007000000000000006,1.8993079307930782e-06,2.1768252374159287,1.644853626951472,z vs boundary
compliance_boundary,allpairs_fixed_wald,false rejection of the component compliance gate (first crossing),8259,10000,124,47,-0.007699999999999929,1.6925842584258432e-06,1.767879611663053,1.644853626951472,z vs boundary
compliance_boundary,allpairs_fixed_wald,false rejection of the component compliance gate (first crossing),8268,10000,136,66,-0.006999999999999895,1.997347734773475e-06,2.122728320132701,1.644853626951472,z vs boundary
compliance_boundary,allpairs_fixed_wald,false rejection of the component compliance gate (first crossing),8273,10000,148,74,-0.007400000000000073,2.192839283928381e-06,1.7557793889840934,1.644853626951472,z vs boundary
compliance_boundary,allpairs_fixed_wald,false rejection of the component compliance gate (first crossing),8293,10000,126,57,-0.006899999999999906,1.8110561056105573e-06,2.303539912300843,1.644853626951472,z vs boundary
compliance_boundary,allpairs_fixed_wald,false rejection of the component compliance gate (first crossing),8309,10000,127,49,-0.007800000000000029,1.7416441644164684e-06,1.6670282759306196,1.644853626951472,z vs boundary
compliance_boundary,allpairs_fixed_wald,false rejection of the component compliance gate (first crossing),8313,10000,116,39,-0.00770000000000004,1.5351765176517844e-06,1.856302188359469,1.644853626951472,z vs boundary
compliance_boundary,allpairs_fixed_wald,false rejection of the component compliance gate (first crossing),8315,10000,133,57,-0.00759999999999994,1.8792499249924935e-06,1.7507291823397757,1.644853626951472,z vs boundary
compliance_boundary,allpairs_fixed_wald,false rejection of the component compliance gate (first crossing),8321,10000,116,60,-0.005600000000000049,1.74311831183119e-06,3.3326464552607855,1.644853626951472,z vs boundary
compliance_boundary,allpairs_fixed_wald,false rejection of the component compliance gate (first crossing),8325,10000,123,55,-0.006800000000000028,1.7620222022201908e-06,2.410706229351053,1.644853626951472,z vs boundary
compliance_boundary,allpairs_fixed_wald,false rejection of the component compliance gate (first crossing),8333,10000,126,59,-0.006699999999999928,1.8308260826082428e-06,2.438879787357564,1.644853626951472,z vs boundary
compliance_boundary,allpairs_fixed_wald,false rejection of the component compliance gate (first crossing),8356,10000,135,62,-0.007299999999999973,1.9481258125812294e-06,1.9344399995644146,1.644853626951472,z vs boundary
compliance_boundary,allpairs_fixed_wald,false rejection of the component compliance gate (first crossing),8359,10000,126,50,-0.00759999999999994,1.7417981798179743e-06,1.8184958970528007,1.644853626951472,z vs boundary
compliance_boundary,allpairs_fixed_wald,false rejection of the component compliance gate (first crossing),8363,10000,135,75,-0.006000000000000005,2.076357635763556e-06,2.775932564730348,1.644853626951472,z vs boundary
compliance_boundary,allpairs_fixed_wald,false rejection of the component compliance gate (first crossing),8399,10000,131,58,-0.007299999999999973,1.8696619661966404e-06,1.9746140254793036,1.644853626951472,z vs boundary
compliance_boundary,allpairs_fixed_wald,false rejection of the component compliance gate (first crossing),8412,10000,135,58,-0.007699999999999929,1.908601860186015e-06,1.6648310405198212,1.644853626951472,z vs boundary
compliance_boundary,allpairs_fixed_wald,false rejection of the component compliance gate (first crossing),8432,10000,125,52,-0.007299999999999973,1.7518461846184676e-06,2.0399324116518063,1.644853626951472,z vs boundary
compliance_boundary,allpairs_fixed_wald,false rejection of the component compliance gate (first crossing),8445,10000,126,48,-0.007799999999999918,1.7219921992199289e-06,1.6765136391833182,1.644853626951472,z vs boundary
compliance_boundary,allpairs_fixed_wald,false rejection of the component compliance gate (first crossing),8468,10000,132,58,-0.007399999999999962,1.8793999399940063e-06,1.8965475844672663,1.644853626951472,z vs boundary
compliance_boundary,allpairs_fixed_wald,false rejection of the component compliance gate (first crossing),8528,10000,134,58,-0.00759999999999994,1.8988698869887212e-06,1.7416610440995333,1.644853626951472,z vs boundary
compliance_boundary,allpairs_fixed_wald,false rejection of the component compliance gate (first crossing),8544,10000,135,62,-0.007299999999999973,1.9481258125812294e-06,1.9344399995644146,1.644853626951472,z vs boundary
compliance_boundary,allpairs_fixed_wald,false rejection of the component compliance gate (first crossing),8546,10000,125,51,-0.007399999999999962,1.741948194819487e-06,1.9699523910697432,1.644853626951472,z vs boundary
compliance_boundary,allpairs_fixed_wald,false rejection of the component compliance gate (first crossing),8571,10000,145,76,-0.006899999999999906,2.1834173417341775e-06,2.097941220806074,1.644853626951472,z vs boundary
compliance_boundary,allpairs_fixed_wald,false rejection of the component compliance gate (first crossing),8593,10000,128,55,-0.007300000000000084,1.8107720772077066e-06,2.0064662993614313,1.644853626951472,z vs boundary
compliance_boundary,allpairs_fixed_wald,false rejection of the component compliance gate (first crossing),8643,10000,126,53,-0.007299999999999973,1.7714921492148983e-06,2.0285893828462034,1.644853626951472,z vs boundary
compliance_boundary,allpairs_fixed_wald,false rejection of the component compliance gate (first crossing),8651,10000,132,56,-0.00759999999999994,1.8596259625962548e-06,1.7599423472896518,1.644853626951472,z vs boundary
compliance_boundary,allpairs_fixed_wald,false rejection of the component compliance gate (first crossing),8666,10000,148,73,-0.007500000000000062,2.1829852985298563e-06,1.6920554971235442,1.644853626951472,z vs boundary
compliance_boundary,allpairs_fixed_wald,false rejection of the component compliance gate (first crossing),8668,10000,130,55,-0.007500000000000062,1.8302580258025774e-06,1.8479229055326585,1.644853626951472,z vs boundary
compliance_boundary,allpairs_fixed_wald,false rejection of the component compliance gate (first crossing),8673,10000,132,56,-0.00759999999999994,1.8596259625962548e-06,1.7599423472896518,1.644853626951472,z vs boundary
compliance_boundary,allpairs_fixed_wald,false rejection of the component compliance gate (first crossing),8682,10000,128,61,-0.006700000000000039,1.8700820082008167e-06,2.413146086357681,1.644853626951472,z vs boundary
compliance_boundary,allpairs_fixed_wald,false rejection of the component compliance gate (first crossing),8685,10000,125,55,-0.007000000000000006,1.7815281528152657e-06,2.2476304641928007,1.644853626951472,z vs boundary
compliance_boundary,allpairs_fixed_wald,false rejection of the component compliance gate (first crossing),8686,10000,129,54,-0.007500000000000062,1.8106240624062545e-06,1.857915101793188,1.644853626951472,z vs boundary
compliance_boundary,allpairs_fixed_wald,false rejection of the component compliance gate (first crossing),8732,10000,124,62,-0.006199999999999983,1.840964096409618e-06,2.8006635375781883,1.644853626951472,z vs boundary
compliance_boundary,allpairs_fixed_wald,false rejection of the component compliance gate (first crossing),8735,10000,134,58,-0.00759999999999994,1.8988698869887212e-06,1.7416610440995333,1.644853626951472,z vs boundary
compliance_boundary,allpairs_fixed_wald,false rejection of the component compliance gate (first crossing),8784,10000,126,49,-0.007699999999999929,1.7318961896189638e-06,1.7477000862101555,1.644853626951472,z vs boundary
compliance_boundary,allpairs_fixed_wald,false rejection of the component compliance gate (first crossing),8838,10000,139,63,-0.007600000000000051,1.9969096909690816e-06,1.6983689032870533,1.644853626951472,z vs boundary
compliance_boundary,allpairs_fixed_wald,false rejection of the component compliance gate (first crossing),8840,10000,124,62,-0.006199999999999983,1.840964096409618e-06,2.8006635375781883,1.644853626951472,z vs boundary
compliance_boundary,allpairs_fixed_wald,false rejection of the component compliance gate (first crossing),8867,10000,127,51,-0.007600000000000051,1.7614461446144837e-06,1.808325293910772,1.644853626951472,z vs boundary
compliance_boundary,allpairs_fixed_wald,false rejection of the component compliance gate (first crossing),8875,10000,134,58,-0.00759999999999994,1.8988698869887212e-06,1.7416610440995333,1.644853626951472,z vs boundary
compliance_boundary,allpairs_fixed_wald,false rejection of the component compliance gate (first crossing),8903,10000,123,57,-0.006599999999999939,1.7818001800179904e-06,2.5471200695736296,1.644853626951472,z vs boundary
compliance_boundary,allpairs_fixed_wald,false rejection of the component compliance gate (first crossing),8923,10000,144,70,-0.007399999999999962,2.1145754575457597e-06,1.7879762854623522,1.644853626951472,z vs boundary
compliance_boundary,allpairs_fixed_wald,false rejection of the component compliance gate (first crossing),8925,10000,128,58,-0.007000000000000006,1.840436043604379e-06,2.2113673326870606,1.644853626951472,z vs boundary
compliance_boundary,allpairs_fixed_wald,false rejection of the component compliance gate (first crossing),8936,10000,132,55,-0.00770000000000004,1.8497359735973338e-06,1.6911143104805313,1.644853626951472,z vs boundary
compliance_boundary,allpairs_fixed_wald,false rejection of the component compliance gate (first crossing),8963,10000,127,49,-0.007800000000000029,1.7416441644164684e-06,1.6670282759306196,1.644853626951472,z vs boundary
compliance_boundary,allpairs_fixed_wald,false rejection of the component compliance gate (first crossing),8964,10000,124,56,-0.006799999999999917,1.781666166616652e-06,2.3973796352343557,1.644853626951472,z vs boundary
compliance_boundary,allpairs_fixed_wald,false rejection of the component compliance gate (first crossing),9011,10000,128,55,-0.007300000000000084,1.8107720772077066e-06,2.0064662993614313,1.644853626951472,z vs boundary
compliance_boundary,allpairs_fixed_wald,false rejection of the component compliance gate (first crossing),9013,10000,115,50,-0.00649999999999995,1.6344384438443821e-06,2.737686787057167,1.644853626951472,z vs boundary
compliance_boundary,allpairs_fixed_wald,false rejection of the component compliance gate (first crossing),9029,10000,127,51,-0.007600000000000051,1.7614461446144837e-06,1.808325293910772,1.644853626951472,z vs boundary
compliance_boundary,allpairs_fixed_wald,false rejection of the component compliance gate (first crossing),9051,10000,133,58,-0.007499999999999951,1.8891359135913666e-06,1.8188982559195066,1.644853626951472,z vs boundary
compliance_boundary,allpairs_fixed_wald,false rejection of the component compliance gate (first crossing),9061,10000,129,58,-0.007099999999999995,1.8501800180018358e-06,2.132018676394802,1.644853626951472,z vs boundary
compliance_boundary,allpairs_fixed_wald,false rejection of the component compliance gate (first crossing),9082,10000,120,58,-0.006199999999999983,1.762412241224134e-06,2.8623968566123663,1.644853626951472,z vs boundary
compliance_boundary,allpairs_fixed_wald,false rejection of the component compliance gate (first crossing),9087,10000,123,49,-0.007399999999999962,1.7026402640263965e-06,1.992562250606806,1.644853626951472,z vs boundary
compliance_boundary,allpairs_fixed_wald,false rejection of the component compliance gate (first crossing),9090,10000,134,64,-0.007000000000000006,1.958143814381435e-06,2.143872542854777,1.644853626951472,z vs boundary
compliance_boundary,allpairs_fixed_wald,false rejection of the component compliance gate (first crossing),9173,10000,130,63,-0.006700000000000039,1.9093219321932167e-06,2.388220155305713,1.644853626951472,z vs boundary
compliance_boundary,allpairs_fixed_wald,false rejection of the component compliance gate (first crossing),9183,10000,135,62,-0.007299999999999973,1.9481258125812294e-06,1.9344399995644146,1.644853626951472,z vs boundary
compliance_boundary,allpairs_fixed_wald,false rejection of the component compliance gate (first crossing),9200,10000,123,48,-0.007499999999999951,1.6927362736273618e-06,1.9215219871499916,1.644853626951472,z vs boundary
compliance_boundary,allpairs_fixed_wald,false rejection of the component compliance gate (first crossing),9202,10000,126,48,-0.007799999999999918,1.7219921992199289e-06,1.6765136391833182,1.644853626951472,z vs boundary
compliance_boundary,allpairs_fixed_wald,false rejection of the component compliance gate (first crossing),9219,10000,133,59,-0.007399999999999962,1.899019901990179e-06,1.8867249381514872,1.644853626951472,z vs boundary
compliance_boundary,allpairs_fixed_wald,false rejection of the component compliance gate (first crossing),9247,10000,127,56,-0.007099999999999995,1.8109160916091835e-06,2.155007738268042,1.644853626951472,z vs boundary
compliance_boundary,allpairs_fixed_wald,false rejection of the component compliance gate (first crossing),9249,10000,130,60,-0.007000000000000006,1.8796879687968869e-06,2.188156468593015,1.644853626951472,z vs boundary
compliance_boundary,allpairs_fixed_wald,false rejection of the component compliance gate (first crossing),9273,10000,126,51,-0.007499999999999951,1.751698169816979e-06,1.8889061063193033,1.644853626951472,z vs boundary
compliance_boundary,allpairs_fixed_wald,false rejection of the component compliance gate (first crossing),9314,10000,133,56,-0.007699999999999929,1.869361936193615e-06,1.6822135945259595,1.644853626951472,z vs boundary
compliance_boundary,allpairs_fixed_wald,false rejection of the component compliance gate (first crossing),9335,10000,134,64,-0.007000000000000006,1.958143814381435e-06,2.143872542854777,1.644853626951472,z vs boundary
compliance_boundary,allpairs_fixed_wald,false rejection of the component compliance gate (first crossing),9391,10000,125,57,-0.006799999999999917,1.801306130613065e-06,2.3842742846373395,1.644853626951472,z vs boundary
compliance_boundary,allpairs_fixed_wald,false rejection of the component compliance gate (first crossing),9413,10000,132,57,-0.007499999999999951,1.8695139513951332e-06,1.828418696176534,1.644853626951472,z vs boundary
compliance_boundary,allpairs_fixed_wald,false rejection of the component compliance gate (first crossing),9415,10000,133,67,-0.006599999999999939,1.9780198019801947e-06,2.4174839506224006,1.644853626951472,z vs boundary
compliance_boundary,allpairs_fixed_wald,false rejection of the component compliance gate (first crossing),9498,10000,119,48,-0.007099999999999995,1.6537003700370143e-06,2.2551196338982518,1.644853626951472,z vs boundary
compliance_boundary,allpairs_fixed_wald,false rejection of the component compliance gate (first crossing),9501,10000,127,49,-0.007800000000000029,1.7416441644164684e-06,1.6670282759306196,1.644853626951472,z vs boundary
compliance_boundary,allpairs_fixed_wald,false rejection of the component compliance gate (first crossing),9502,10000,123,48,-0.007499999999999951,1.6927362736273618e-06,1.9215219871499916,1.644853626951472,z vs boundary
compliance_boundary,allpairs_fixed_wald,false rejection of the component compliance gate (first crossing),9514,10000,118,48,-0.007000000000000006,1.64393639363939e-06,2.3398000704143485,1.644853626951472,z vs boundary
compliance_boundary,allpairs_fixed_wald,false rejection of the component compliance gate (first crossing),9554,10000,132,58,-0.007399999999999962,1.8793999399940063e-06,1.8965475844672663,1.644853626951472,z vs boundary
compliance_boundary,allpairs_fixed_wald,false rejection of the component compliance gate (first crossing),9570,10000,126,53,-0.007299999999999973,1.7714921492148983e-06,2.0285893828462034,1.644853626951472,z vs boundary
compliance_boundary,allpairs_fixed_wald,false rejection of the component compliance gate (first crossing),9650,10000,129,52,-0.00770000000000004,1.7908340834083651e-06,1.7187003299573411,1.644853626951472,z vs boundary
compliance_boundary,allpairs_fixed_wald,false rejection of the component compliance gate (first crossing),9669,10000,128,57,-0.007099999999999995,1.8305500550055062e-06,2.1434195791871393,1.644853626951472,z vs boundary
compliance_boundary,allpairs_fixed_wald,false rejection of the component compliance gate (first crossing),9711,10000,127,50,-0.00770000000000004,1.751546154615479e-06,1.7378690269928176,1.644853626951472,z vs boundary
compliance_boundary,allpairs_fixed_wald,false rejection of the component compliance gate (first crossing),9729,10000,125,51,-0.007399999999999962,1.741948194819487e-06,1.9699523910697432,1.644853626951472,z vs boundary
compliance_boundary,allpairs_fixed_wald,false rejection of the component compliance gate (first crossing),9743,10000,130,58,-0.007199999999999984,1.85992199219925e-06,2.053102663982509,1.644853626951472,z vs boundary
compliance_boundary,allpairs_fixed_wald,false rejection of the component compliance gate (first crossing),9745,10000,138,62,-0.007600000000000051,1.9773097309730948e-06,1.7067656347540605,1.644853626951472,z vs boundary
compliance_boundary,allpairs_fixed_wald,false rejection of the component compliance gate (first crossing),9763,10000,140,68,-0.007199999999999984,2.055981598159839e-06,1.9527579731963502,1.644853626951472,z vs boundary
compliance_boundary,allpairs_fixed_wald,false rejection of the component compliance gate (first crossing),9780,10000,126,59,-0.006699999999999928,1.8308260826082428e-06,2.438879787357564,1.644853626951472,z vs boundary
compliance_boundary,allpairs_fixed_wald,false rejection of the component compliance gate (first crossing),9803,10000,126,49,-0.007699999999999929,1.7318961896189638e-06,1.7477000862101555,1.644853626951472,z vs boundary
compliance_boundary,allpairs_fixed_wald,false rejection of the component compliance gate (first crossing),9817,10000,126,56,-0.006999999999999895,1.8011681168116788e-06,2.23534277805854,1.644853626951472,z vs boundary
compliance_boundary,allpairs_fixed_wald,false rejection of the component compliance gate (first crossing),9822,10000,129,65,-0.006400000000000072,1.919325932593272e-06,2.5985323935809,1.644853626951472,z vs boundary
compliance_boundary,allpairs_fixed_wald,false rejection of the component compliance gate (first crossing),9826,10000,124,49,-0.007499999999999951,1.7123942394239369e-06,1.9104607937825095,1.644853626951472,z vs boundary
compliance_boundary,allpairs_fixed_wald,false rejection of the component compliance gate (first crossing),9857,10000,130,58,-0.007199999999999984,1.85992199219925e-06,2.053102663982509,1.644853626951472,z vs boundary
compliance_boundary,allpairs_fixed_wald,false rejection of the component compliance gate (first crossing),9859,10000,127,50,-0.00770000000000004,1.751546154615479e-06,1.7378690269928176,1.644853626951472,z vs boundary
compliance_boundary,allpairs_fixed_wald,false rejection of the component compliance gate (first crossing),9946,10000,125,57,-0.006799999999999917,1.801306130613065e-06,2.3842742846373395,1.644853626951472,z vs boundary
compliance_boundary,allpairs_fixed_wald,false rejection of the component compliance gate (first crossing),9947,10000,121,52,-0.006900000000000017,1.712826282628258e-06,2.3686725908433903,1.644853626951472,z vs boundary
compliance_boundary,allpairs_gs_hsd,false rejection of the component compliance gate (first crossing),9,7000,78,36,-0.006000000000000005,2.3053439121040476e-06,2.634463160645405,2.2536225847741274,z vs boundary
compliance_boundary,allpairs_gs_hsd,false rejection of the component compliance gate (first crossing),17,6000,75,42,-0.005499999999999949,3.216327721286885e-06,2.50918317532029,2.402619291904278,z vs boundary
compliance_boundary,allpairs_gs_hsd,false rejection of the component compliance gate (first crossing),34,1000,5,7,0.0020000000000000018,1.1937937937937869e-05,3.4730943991900265,3.1160181991165388,z vs boundary
compliance_boundary,allpairs_gs_hsd,false rejection of the component compliance gate (first crossing),47,10000,131,60,-0.007099999999999995,1.8894279427942772e-06,2.1097589162308,1.7788010803474505,z vs boundary
compliance_boundary,allpairs_gs_hsd,false rejection of the component compliance gate (first crossing),58,7000,94,51,-0.006142857142857117,2.926257686958201e-06,2.2548073424644945,2.2536225847741274,z vs boundary
compliance_boundary,allpairs_gs_hsd,false rejection of the component compliance gate (first crossing),73,8000,99,45,-0.006750000000000034,2.227180741342666e-06,2.1777380018886663,2.1008439822677807,z vs boundary
compliance_boundary,allpairs_gs_hsd,false rejection of the component compliance gate (first crossing),95,9000,116,55,-0.0067777777777777715,2.0887355110787247e-06,2.229532273219536,1.9430342310140276,z vs boundary
compliance_boundary,allpairs_gs_hsd,false rejection of the component compliance gate (first crossing),114,10000,126,54,-0.007199999999999984,1.7813861386138491e-06,2.0978720506626747,1.7788010803474505,z vs boundary
compliance_boundary,allpairs_gs_hsd,false rejection of the component compliance gate (first crossing),126,9000,111,49,-0.006888888888888833,1.955331113607962e-06,2.2248737212287417,1.9430342310140276,z vs boundary
compliance_boundary,allpairs_gs_hsd,false rejection of the component compliance gate (first crossing),132,8000,97,43,-0.006750000000000034,2.1657824415552197e-06,2.208390889031536,2.1008439822677807,z vs boundary
compliance_boundary,allpairs_gs_hsd,false rejection of the component compliance gate (first crossing),168,7000,83,42,-0.005857142857142894,2.526153882041473e-06,2.606573986658293,2.2536225847741274,z vs boundary
compliance_boundary,allpairs_gs_hsd,false rejection of the component compliance gate (first crossing),173,7000,83,40,-0.006142857142857228,2.4858099261993867e-06,2.446424206061807,2.2536225847741274,z vs boundary
compliance_boundary,allpairs_gs_hsd,false rejection of the component compliance gate (first crossing),179,7000,82,42,-0.005714285714285672,2.5062239212015567e-06,2.70715597836374,2.2536225847741274,z vs boundary
compliance_boundary,allpairs_gs_hsd,false rejection of the component compliance gate (first crossing),241,10000,127,52,-0.007500000000000062,1.7713441344134644e-06,1.8784019780335188,1.7788010803474505,z vs boundary
compliance_boundary,allpairs_gs_hsd,false rejection of the component compliance gate (first crossing),249,10000,127,52,-0.007500000000000062,1.7713441344134644e-06,1.8784019780335188,1.7788010803474505,z vs boundary
compliance_boundary,allpairs_gs_hsd,false rejection of the component compliance gate (first crossing),254,6000,69,34,-0.005833333333333246,2.834189957585551e-06,2.474994743271913,2.402619291904278,z vs boundary
compliance_boundary,allpairs_gs_hsd,false rejection of the component compliance gate (first crossing),264,9000,99,40,-0.006555555555555537,1.7005991063479033e-06,2.641302917874046,1.9430342310140276,z vs boundary
compliance_boundary,allpairs_gs_hsd,false rejection of the component compliance gate (first crossing),269,8000,104,55,-0.006125000000000047,2.45764900300036e-06,2.47179117830896,2.1008439822677807,z vs boundary
compliance_boundary,allpairs_gs_hsd,false rejection of the component compliance gate (first crossing),287,9000,106,44,-0.006888888888888833,1.8339870410841428e-06,2.297298296744332,1.9430342310140276,z vs boundary
compliance_boundary,allpairs_gs_hsd,false rejection of the component compliance gate (first crossing),294,8000,98,43,-0.0068749999999999645,2.1810284879359897e-06,2.1160179748420753,2.1008439822677807,z vs boundary
compliance_boundary,allpairs_gs_hsd,false rejection of the component compliance gate (first crossing),308,6000,71,37,-0.005666666666666709,2.9708192106091933e-06,2.5141083230288315,2.402619291904278,z vs boundary
compliance_boundary,allpairs_gs_hsd,false rejection of the component compliance gate (first crossing),309,9000,114,50,-0.007111111111111179,2.0036574708575413e-06,2.0408876540297642,1.9430342310140276,z vs boundary
compliance_boundary,allpairs_gs_hsd,false rejection of the component compliance gate (first crossing),317,2000,15,10,-0.0024999999999999467,6.212481240620219e-06,3.0090452466566595,2.9822531463270976,z vs boundary
compliance_boundary,allpairs_gs_hsd,false rejection of the component compliance gate (first crossing),319,6000,71,37,-0.005666666666666709,2.9708192106091933e-06,2.5141083230288315,2.402619291904278,z vs boundary
compliance_boundary,allpairs_gs_hsd,false rejection of the component compliance gate (first crossing),337,10000,129,53,-0.007600000000000051,1.8007300730073037e-06,1.7884917161239975,1.7788010803474505,z vs boundary
compliance_boundary,allpairs_gs_hsd,false rejection of the component compliance gate (first crossing),374,6000,65,30,-0.005833333333333357,2.615597970032034e-06,2.5763405107022606,2.402619291904278,z vs boundary
compliance_boundary,allpairs_gs_hsd,false rejection of the component compliance gate (first crossing),429,5000,56,33,-0.0045999999999999375,3.5269053810762414e-06,2.8753906452759437,2.5490166468033753,z vs boundary
compliance_boundary,allpairs_gs_hsd,false rejection of the component compliance gate (first crossing),433,1000,4,6,0.0020000000000000018,9.957957957957937e-06,3.802735349709162,3.1160181991165388,z vs boundary
compliance_boundary,allpairs_gs_hsd,false rejection of the component compliance gate (first crossing),450,10000,132,59,-0.007299999999999973,1.8892839283928187e-06,1.9643331646273314,1.7788010803474505,z vs boundary
compliance_boundary,allpairs_gs_hsd,false rejection of the component compliance gate (first crossing),481,9000,121,58,-0.007000000000000006,2.185421151046975e-06,2.0293347103427424,1.9430342310140276,z vs boundary
compliance_boundary,allpairs_gs_hsd,false rejection of the component compliance gate (first crossing),497,8000,100,51,-0.006124999999999936,2.3350555538192226e-06,2.535847299151215,2.1008439822677807,z vs boundary
compliance_boundary,allpairs_gs_hsd,false rejection of the component compliance gate (first crossing),519,10000,131,57,-0.007399999999999962,1.8597759775977672e-06,1.9065273118608077,1.7788010803474505,z vs boundary
compliance_boundary,allpairs_gs_hsd,false rejection of the component compliance gate (first crossing),589,9000,111,48,-0.007000000000000006,1.943117136471931e-06,2.1521461663941546,1.9430342310140276,z vs boundary
compliance_boundary,allpairs_gs_hsd,false rejection of the component compliance gate (first crossing),590,9000,115,55,-0.00666666666666671,2.076705367811775e-06,2.3130834568703866,1.9430342310140276,z vs boundary
compliance_boundary,allpairs_gs_hsd,false rejection of the component compliance gate (first crossing),636,8000,96,43,-0.006624999999999992,2.150532488436064e-06,2.301445914906779,2.1008439822677807,z vs boundary
compliance_boundary,allpairs_gs_hsd,false rejection of the component compliance gate (first crossing),665,5000,57,31,-0.005199999999999982,3.4870174034806738e-06,2.570479708757302,2.5490166468033753,z vs boundary
compliance_boundary,allpairs_gs_hsd,false rejection of the component compliance gate (first crossing),713,10000,123,49,-0.007399999999999962,1.7026402640263965e-06,1.992562250606806,1.7788010803474505,z vs boundary
compliance_boundary,allpairs_gs_hsd,false rejection of the component compliance gate (first crossing),720,9000,117,56,-0.0067777777777777715,2.1129576811689852e-06,2.2167161683899215,1.9430342310140276,z vs boundary
compliance_boundary,allpairs_gs_hsd,false rejection of the component compliance gate (first crossing),729,8000,101,47,-0.006750000000000034,2.288547787223396e-06,2.14834174931964,2.1008439822677807,z vs boundary
compliance_boundary,allpairs_gs_hsd,false rejection of the component compliance gate (first crossing),735,5000,58,33,-0.0050000000000000044,3.6050970194039283e-06,2.6333678307890667,2.5490166468033753,z vs boundary
compliance_boundary,allpairs_gs_hsd,false rejection of the component compliance gate (first crossing),743,3000,30,20,-0.0033333333333332993,5.50924382201484e-06,2.8402903893138687,2.838441342416281,z vs boundary
compliance_boundary,allpairs_gs_hsd,false rejection of the component compliance gate (first crossing),772,1000,4,5,0.0010000000000000009,8.967967967967913e-06,3.67320917958302,3.1160181991165388,z vs boundary
compliance_boundary,allpairs_gs_hsd,false rejection of the component compliance gate (first crossing),790,9000,110,50,-0.00666666666666671,1.955498484742497e-06,2.3836912561172343,1.9430342310140276,z vs boundary
compliance_boundary,allpairs_gs_hsd,false rejection of the component compliance gate (first crossing),791,6000,68,35,-0.005499999999999949,2.8345048248782117e-06,2.672845855556466,2.402619291904278,z vs boundary
compliance_boundary,allpairs_gs_hsd,false rejection of the component compliance gate (first crossing),812,10000,126,50,-0.00759999999999994,1.7417981798179743e-06,1.8184958970528007,1.7788010803474505,z vs boundary
compliance_boundary,allpairs_gs_hsd,false rejection of the component compliance gate (first crossing),821,9000,106,48,-0.006444444444444475,1.882870387519026e-06,2.5911780511264513,1.9430342310140276,z vs boundary
compliance_boundary,allpairs_gs_hsd,false rejection of the component compliance gate (first crossing),837,1000,5,6,0.0010000000000000009,1.09499499499498e-05,3.324195965779543,3.1160181991165388,z vs boundary
compliance_boundary,allpairs_gs_hsd,false rejection of the component compliance gate (first crossing),868,9000,118,54,-0.007111111111111068,2.1005900518438895e-06,1.9932427189086313,1.9430342310140276,z vs boundary
compliance_boundary,allpairs_gs_hsd,false rejection of the component compliance gate (first crossing),876,3000,29,19,-0.0033333333333334103,5.2905783409284315e-06,2.898392292399777,2.838441342416281,z vs boundary
compliance_boundary,allpairs_gs_hsd,false rejection of the component compliance gate (first crossing),877,8000,97,43,-0.006750000000000034,2.1657824415552197e-06,2.208390889031536,2.1008439822677807,z vs boundary
compliance_boundary,allpairs_gs_hsd,false rejection of the component compliance gate (first crossing),895,9000,112,53,-0.006555555555555537,2.0162007026843997e-06,2.425784984775949,1.9430342310140276,z vs boundary
compliance_boundary,allpairs_gs_hsd,false rejection of the component compliance gate (first crossing),942,5000,50,23,-0.00539999999999996,2.896347269453916e-06,2.7029157914842696,2.5490166468033753,z vs boundary
compliance_boundary,allpairs_gs_hsd,false rejection of the component compliance gate (first crossing),947,8000,99,47,-0.006500000000000061,2.2580752281535154e-06,2.329157415136014,2.1008439822677807,z vs boundary
compliance_boundary,allpairs_gs_hsd,false rejection of the component compliance gate (first crossing),962,5000,51,24,-0.00539999999999996,2.975179035807193e-06,2.666866519057309,2.5490166468033753,z vs boundary
compliance_boundary,allpairs_gs_hsd,false rejection of the component compliance gate (first crossing),977,8000,102,50,-0.006500000000000061,2.350090636329551e-06,2.2831042279865885,2.1008439822677807,z vs boundary
compliance_boundary,allpairs_gs_hsd,false rejection of the component compliance gate (first crossing),1010,10000,134,62,-0.007199999999999984,1.9383938393839356e-06,2.0111155357339436,1.7788010803474505,z vs boundary
compliance_boundary,allpairs_gs_hsd,false rejection of the component compliance gate (first crossing),1013,6000,69,38,-0.005166666666666653,2.9439860347094723e-06,2.8169482895350453,2.402619291904278,z vs boundary
compliance_boundary,allpairs_gs_hsd,false rejection of the component compliance gate (first crossing),1015,9000,118,59,-0.006555555555555537,2.1615501859603073e-06,2.3428070528433036,1.9430342310140276,z vs boundary
compliance_boundary,allpairs_gs_hsd,false rejection of the component compliance gate (first crossing),1043,10000,135,60,-0.007499999999999951,1.9283678367836523e-06,1.8003007774426865,1.7788010803474505,z vs boundary
compliance_boundary,allpairs_gs_hsd,false rejection of the component compliance gate (first crossing),1053,7000,78,34,-0.006285714285714228,2.2649299754192242e-06,2.4680157006252146,2.2536225847741274,z vs boundary
compliance_boundary,allpairs_gs_hsd,false rejection of the component compliance gate (first crossing),1072,9000,116,56,-0.006666666666666599,2.1009302816911112e-06,2.299709211975546,1.9430342310140276,z vs boundary
compliance_boundary,allpairs_gs_hsd,false rejection of the component compliance gate (first crossing),1075,8000,100,50,-0.006249999999999978,2.3196258907363277e-06,2.462194143442005,2.1008439822677807,z vs boundary
compliance_boundary,allpairs_gs_hsd,false rejection of the component compliance gate (first crossing),1090,1000,4,8,0.0040000000000000036,1.1931931931932003e-05,4.052963121854677,3.1160181991165388,z vs boundary
compliance_boundary,allpairs_gs_hsd,false rejection of the component compliance gate (first crossing),1095,6000,74,40,-0.005666666666666598,3.1344298123761577e-06,2.4476134041483055,2.402619291904278,z vs boundary
compliance_boundary,allpairs_gs_hsd,false rejection of the component compliance gate (first crossing),1157,9000,113,49,-0.007111111111111068,1.9794106066654843e-06,2.053349571798455,1.9430342310140276,z vs boundary
compliance_boundary,allpairs_gs_hsd,false rejection of the component compliance gate (first crossing),1160,10000,140,67,-0.007299999999999973,2.046115611561171e-06,1.8875509345596078,1.7788010803474505,z vs boundary
compliance_boundary,allpairs_gs_hsd,false rejection of the component compliance gate (first crossing),1168,5000,50,23,-0.00539999999999996,2.896347269453916e-06,2.7029157914842696,2.5490166468033753,z vs boundary
compliance_boundary,allpairs_gs_hsd,false rejection of the component compliance gate (first crossing),1180,10000,124,48,-0.00759999999999994,1.702490249024902e-06,1.8393692640251613,1.7788010803474505,z vs boundary
compliance_boundary,allpairs_gs_hsd,false rejection of the component compliance gate (first crossing),1207,5000,57,34,-0.0045999999999999375,3.6054810962192677e-06,2.8438857715232535,2.5490166468033753,z vs boundary
compliance_boundary,allpairs_gs_hsd,false rejection of the component compliance gate (first crossing),1304,6000,67,31,-0.006000000000000005,2.6974403141264164e-06,2.4354772064715884,2.402619291904278,z vs boundary
compliance_boundary,allpairs_gs_hsd,false rejection of the component compliance gate (first crossing),1315,8000,112,60,-0.006500000000000061,2.6563007875984494e-06,2.14748143890838,2.1008439822677807,z vs boundary
compliance_boundary,allpairs_gs_hsd,false rejection of the component compliance gate (first crossing),1322,3000,30,20,-0.0033333333333332993,5.50924382201484e-06,2.8402903893138687,2.838441342416281,z vs boundary
compliance_boundary,allpairs_gs_hsd,false rejection of the component compliance gate (first crossing),1330,1000,3,3,0.0,5.987987987987959e-06,4.086575620357806,3.1160181991165388,z vs boundary
compliance_boundary,allpairs_gs_hsd,false rejection of the component compliance gate (first crossing),1338,3000,27,16,-0.003666666666666707,4.742877255381367e-06,2.908113842000178,2.838441342416281,z vs boundary
compliance_boundary,allpairs_gs_hsd,false rejection of the component compliance gate (first crossing),1356,7000,83,41,-0.006000000000000005,2.5059848199888833e-06,2.526799448103933,2.2536225847741274,z vs boundary
compliance_boundary,allpairs_gs_hsd,false rejection of the component compliance gate (first crossing),1377,6000,68,36,-0.005333333333333301,2.8619584745605493e-06,2.7585135203281035,2.402619291904278,z vs boundary
compliance_boundary,allpairs_gs_hsd,false rejection of the component compliance gate (first crossing),1451,6000,75,41,-0.005666666666666598,3.188929636420891e-06,2.42660802356154,2.402619291904278,z vs boundary
compliance_boundary,allpairs_gs_hsd,false rejection of the component compliance gate (first crossing),1453,1000,4,5,0.0010000000000000009,8.967967967967913e-06,3.67320917958302,3.1160181991165388,z vs boundary
compliance_boundary,allpairs_gs_hsd,false rejection of the component compliance gate (first crossing),1490,7000,90,49,-0.005857142857142894,2.8065204650227125e-06,2.4729529360446882,2.2536225847741274,z vs boundary
compliance_boundary,allpairs_gs_hsd,false rejection of the component compliance gate (first crossing),1509,6000,74,41,-0.005499999999999949,3.1618371580448545e-06,2.5307122323400604,2.402619291904278,z vs boundary
compliance_boundary,allpairs_gs_hsd,false rejection of the component compliance gate (first crossing),1544,7000,84,40,-0.006285714285714339,2.5057340553023585e-06,2.346431175546413,2.2536225847741274,z vs boundary
compliance_boundary,allpairs_gs_hsd,false rejection of the component compliance gate (first crossing),1571,9000,109,50,-0.006555555555555537,1.9434518787409783e-06,2.4707698239548104,1.9430342310140276,z vs boundary
compliance_boundary,allpairs_gs_hsd,false rejection of the component compliance gate (first crossing),1582,10000,141,68,-0.007299999999999973,2.0657015701570255e-06,1.8785812110255637,1.7788010803474505,z vs boundary
compliance_boundary,allpairs_gs_hsd,false rejection of the component compliance gate (first crossing),1584,6000,74,40,-0.005666666666666598,3.1344298123761577e-06,2.4476134041483055,2.402619291904278,z vs boundary
compliance_boundary,allpairs_gs_hsd,false rejection of the component compliance gate (first crossing),1606,3000,30,23,-0.0023333333333332984,5.837908932607247e-06,3.1730573621449696,2.838441342416281,z vs boundary
compliance_boundary,allpairs_gs_hsd,false rejection of the component compliance gate (first crossing),1611,9000,113,53,-0.006666666666666599,2.0282390773186005e-06,2.3405567322204948,1.9430342310140276,z vs boundary
compliance_boundary,allpairs_gs_hsd,false rejection of the component compliance gate (first crossing),1676,4000,45,30,-0.003750000000000031,4.642957614403584e-06,2.90056537159224,2.693962877789667,z vs boundary
compliance_boundary,allpairs_gs_hsd,false rejection of the component compliance gate (first crossing),1682,7000,78,36,-0.006000000000000005,2.3053439121040476e-06,2.634463160645405,2.2536225847741274,z vs boundary
compliance_boundary,allpairs_gs_hsd,false rejection of the component compliance gate (first crossing),1683,1000,8,12,0.0040000000000000036,1.9811811811811842e-05,3.1453279823272267,3.1160181991165388,z vs boundary
compliance_boundary,allpairs_gs_hsd,false rejection of the component compliance gate (first crossing),1684,6000,70,40,-0.0050000000000000044,3.0259672908448294e-06,2.874338352393401,2.402619291904278,z vs boundary
compliance_boundary,allpairs_gs_hsd,false rejection of the component compliance gate (first crossing),1687,7000,83,46,-0.005285714285714338,2.606771812882927e-06,2.9198758876920463,2.2536225847741274,z vs boundary
compliance_boundary,allpairs_gs_hsd,false rejection of the component compliance gate (first crossing),1691,9000,119,60,-0.006555555555555537,2.1857558933159995e-06,2.329798468170106,1.9430342310140276,z vs boundary
compliance_boundary,allpairs_gs_hsd,false rejection of the component compliance gate (first crossing),1704,10000,129,55,-0.007400000000000073,1.8205160516051632e-06,1.9269750507673018,1.7788010803474505,z vs boundary
compliance_boundary,allpairs_gs_hsd,false rejection of the component compliance gate (first crossing),1719,4000,42,26,-0.0040000000000000036,4.212928232057978e-06,2.9232046437982633,2.693962877789667,z vs boundary
compliance_boundary,allpairs_gs_hsd,false rejection of the component compliance gate (first crossing),1737,9000,118,54,-0.007111111111111068,2.1005900518438895e-06,1.9932427189086313,1.9430342310140276,z vs boundary
compliance_boundary,allpairs_gs_hsd,false rejection of the component compliance gate (first crossing),1764,9000,121,63,-0.006444444444444475,2.2463264093815803e-06,2.372307803217288,1.9430342310140276,z vs boundary
compliance_boundary,allpairs_gs_hsd,false rejection of the component compliance gate (first crossing),1776,9000,113,50,-0.007000000000000006,1.9916218400123944e-06,2.1257775424362544,1.9430342310140276,z vs boundary
compliance_boundary,allpairs_gs_hsd,false rejection of the component compliance gate (first crossing),1777,8000,88,32,-0.007000000000000006,1.8581072634079332e-06,2.2008267913594337,2.1008439822677807,z vs boundary
compliance_boundary,allpairs_gs_hsd,false rejection of the component compliance gate (first crossing),1810,9000,127,68,-0.006555555555555537,2.379203999346965e-06,2.233075176211432,1.9430342310140276,z vs boundary
compliance_boundary,allpairs_gs_hsd,false rejection of the component compliance gate (first crossing),1813,6000,77,44,-0.00550000000000006,3.3252532829545764e-06,2.467744248162037,2.402619291904278,z vs boundary
compliance_boundary,allpairs_gs_hsd,false rejection of the component compliance gate (first crossing),1830,4000,41,25,-0.0040000000000000036,4.089991247811945e-06,2.9668122329462694,2.693962877789667,z vs boundary
compliance_boundary,allpairs_gs_hsd,false rejection of the component compliance gate (first crossing),1836,8000,104,54,-0.006249999999999978,2.442234966870866e-06,2.3995927727533686,2.1008439822677807,z vs boundary
compliance_boundary,allpairs_gs_hsd,false rejection of the component compliance gate (first crossing),1843,1000,4,7,0.0030000000000000027,1.0945945945946005e-05,3.9293137025235625,3.1160181991165388,z vs boundary
compliance_boundary,allpairs_gs_hsd,false rejection of the component compliance gate (first crossing),1859,10000,126,52,-0.007399999999999962,1.7615961596159598e-06,1.958935653000918,1.7788010803474505,z vs boundary
compliance_boundary,allpairs_gs_hsd,false rejection of the component compliance gate (first crossing),1860,6000,69,37,-0.005333333333333301,2.9165509066325906e-06,2.7325744315784304,2.402619291904278,z vs boundary
compliance_boundary,allpairs_gs_hsd,false rejection of the component compliance gate (first crossing),1862,8000,99,49,-0.006249999999999978,2.2889540880110207e-06,2.4786358501848604,2.1008439822677807,z vs boundary
compliance_boundary,allpairs_gs_hsd,false rejection of the component compliance gate (first crossing),1877,1000,5,6,0.0010000000000000009,1.09499499499498e-05,3.324195965779543,3.1160181991165388,z vs boundary
compliance_boundary,allpairs_gs_hsd,false rejection of the component compliance gate (first crossing),1898,1000,7,10,0.0030000000000000027,1.6867867867867865e-05,3.1652881882351163,3.1160181991165388,z vs boundary
compliance_boundary,allpairs_gs_hsd,false rejection of the component compliance gate (first crossing),1920,7000,79,36,-0.006142857142857117,2.3252971998915184e-06,2.52945227589055,2.2536225847741274,z vs boundary
compliance_boundary,allpairs_gs_hsd,false rejection of the component compliance gate (first crossing),1944,8000,108,56,-0.00649999999999995,2.5339104888110814e-06,2.198732570187232,2.1008439822677807,z vs boundary
compliance_boundary,allpairs_gs_hsd,false rejection of the component compliance gate (first crossing),1954,7000,86,44,-0.005999999999999894,2.6262294030342544e-06,2.4682756659881666,2.2536225847741274,z vs boundary
compliance_boundary,allpairs_gs_hsd,false rejection of the component compliance gate (first crossing),1961,7000,80,36,-0.006285714285714339,2.3452446559421186e-06,2.4253880332306905,2.2536225847741274,z vs boundary
compliance_boundary,allpairs_gs_hsd,false rejection of the component compliance gate (first crossing),1969,7000,89,45,-0.006285714285714228,2.706083376342375e-06,2.257900091972955,2.2536225847741274,z vs boundary
compliance_boundary,allpairs_gs_hsd,false rejection of the component compliance gate (first crossing),1977,6000,70,35,-0.005833333333333357,2.8887916504602957e-06,2.4514929475340366,2.402619291904278,z vs boundary
compliance_boundary,allpairs_gs_hsd,false rejection of the component compliance gate (first crossing),1987,9000,121,57,-0.007111111111111179,2.173231868012763e-06,1.9596468155232407,1.9430342310140276,z vs boundary
compliance_boundary,allpairs_gs_hsd,false rejection of the component compliance gate (first crossing),2002,8000,101,47,-0.006750000000000034,2.288547787223396e-06,2.14834174931964,2.1008439822677807,z vs boundary
compliance_boundary,allpairs_gs_hsd,false rejection of the component compliance gate (first crossing),2003,10000,143,70,-0.007299999999999973,2.104861486148609e-06,1.8610241261936793,1.7788010803474505,z vs boundary
compliance_boundary,allpairs_gs_hsd,false rejection of the component compliance gate (first crossing),2005,8000,96,44,-0.006500000000000061,2.165989498687318e-06,2.3781534336737375,2.1008439822677807,z vs boundary
compliance_boundary,allpairs_gs_hsd,false rejection of the component compliance gate (first crossing),2015,6000,69,37,-0.005333333333333301,2.9165509066325906e-06,2.7325744315784304,2.402619291904278,z vs boundary
compliance_boundary,allpairs_gs_hsd,false rejection of the component compliance gate (first crossing),2019,5000,64,41,-0.0046000000000000485,4.154614922984575e-06,2.6492831144600855,2.5490166468033753,z vs boundary
compliance_boundary,allpairs_gs_hsd,false rejection of the component compliance gate (first crossing),2040,9000,115,51,-0.007111111111111068,2.027898847471401e-06,2.0286526580057864,1.9430342310140276,z vs boundary
compliance_boundary,allpairs_gs_hsd,false rejection of the component compliance gate (first crossing),2044,7000,83,42,-0.005857142857142894,2.526153882041473e-06,2.606573986658293,2.2536225847741274,z vs boundary
compliance_boundary,allpairs_gs_hsd,false rejection of the component compliance gate (first crossing),2090,9000,115,53,-0.006888888888888833,2.0523075952197737e-06,2.171672319067858,1.9430342310140276,z vs boundary
compliance_boundary,allpairs_gs_hsd,false rejection of the component compliance gate (first crossing),2109,4000,41,25,-0.0040000000000000036,4.089991247811945e-06,2.9668122329462694,2.693962877789667,z vs boundary
compliance_boundary,allpairs_gs_hsd,false rejection of the component compliance gate (first crossing),2168,9000,121,61,-0.00666666666666671,2.2219725374149977e-06,2.2361936083320253,1.9430342310140276,z vs boundary
compliance_boundary,allpairs_gs_hsd,false rejection of the component compliance gate (first crossing),2174,10000,135,60,-0.007499999999999951,1.9283678367836523e-06,1.8003007774426865,1.7788010803474505,z vs boundary
compliance_boundary,allpairs_gs_hsd,false rejection of the component compliance gate (first crossing),2225,7000,85,44,-0.005857142857142783,2.60631693740506e-06,2.566175443190996,2.2536225847741274,z vs boundary
compliance_boundary,allpairs_gs_hsd,false rejection of the component compliance gate (first crossing),2255,9000,111,48,-0.007000000000000006,1.943117136471931e-06,2.1521461663941546,1.9430342310140276,z vs boundary
compliance_boundary,allpairs_gs_hsd,false rejection of the component compliance gate (first crossing),2263,1000,4,6,0.0020000000000000018,9.957957957957937e-06,3.802735349709162,3.1160181991165388,z vs boundary
compliance_boundary,allpairs_gs_hsd,false rejection of the component compliance gate (first crossing),2281,8000,103,51,-0.00649999999999995,2.3807468121015143e-06,2.268357170307672,2.1008439822677807,z vs boundary
compliance_boundary,allpairs_gs_hsd,false rejection of the component compliance gate (first crossing),2282,10000,131,58,-0.007299999999999973,1.8696619661966404e-06,1.9746140254793036,1.7788010803474505,z vs boundary
compliance_boundary,allpairs_gs_hsd,false rejection of the component compliance gate (first crossing),2296,7000,91,49,-0.006000000000000005,2.8264037719674272e-06,2.379265401754633,2.2536225847741274,z vs boundary
compliance_boundary,allpairs_gs_hsd,false rejection of the component compliance gate (first crossing),2309,1000,5,6,0.0010000000000000009,1.09499499499498e-05,3.324195965779543,3.1160181991165388,z vs boundary
compliance_boundary,allpairs_gs_hsd,false rejection of the component compliance gate (first crossing),2332,10000,143,70,-0.007299999999999973,2.104861486148609e-06,1.8610241261936793,1.7788010803474505,z vs boundary
compliance_boundary,allpairs_gs_hsd,false rejection of the component compliance gate (first crossing),2340,7000,82,38,-0.006285714285714228,2.4255126825698113e-06,2.3849184483640977,2.2536225847741274,z vs boundary
compliance_boundary,allpairs_gs_hsd,false rejection of the component compliance gate (first crossing),2348,8000,101,48,-0.006624999999999992,2.303989170521306e-06,2.2234817053215328,2.1008439822677807,z vs boundary
compliance_boundary,allpairs_gs_hsd,false rejection of the component compliance gate (first crossing),2351,9000,113,49,-0.007111111111111068,1.9794106066654843e-06,2.053349571798455,1.9430342310140276,z vs boundary
compliance_boundary,allpairs_gs_hsd,false rejection of the component compliance gate (first crossing),2360,9000,109,43,-0.007333333333333303,1.857915625741676e-06,1.9563913709555718,1.9430342310140276,z vs boundary
compliance_boundary,allpairs_gs_hsd,false rejection of the component compliance gate (first crossing),2365,4000,43,29,-0.0035000000000000586,4.459083520880241e-06,3.0781554839341885,2.693962877789667,z vs boundary
compliance_boundary,allpairs_gs_hsd,false rejection of the component compliance gate (first crossing),2382,5000,54,29,-0.0050000000000000044,3.2906021204241174e-06,2.7563370176795132,2.5490166468033753,z vs boundary
compliance_boundary,allpairs_gs_hsd,false rejection of the component compliance gate (first crossing),2403,10000,130,58,-0.007199999999999984,1.85992199219925e-06,2.053102663982509,1.7788010803474505,z vs boundary
compliance_boundary,allpairs_gs_hsd,false rejection of the component compliance gate (first crossing),2408,3000,32,24,-0.002666666666666706,6.1650179689526675e-06,2.953481485402476,2.838441342416281,z vs boundary
compliance_boundary,allpairs_gs_hsd,false rejection of the component compliance gate (first crossing),2417,10000,126,51,-0.007499999999999951,1.751698169816979e-06,1.8889061063193033,1.7788010803474505,z vs boundary
compliance_boundary,allpairs_gs_hsd,false rejection of the component compliance gate (first crossing),2449,1000,6,9,0.0030000000000000027,1.4897897897897823e-05,3.368068034021594,3.1160181991165388,z vs boundary
compliance_boundary,allpairs_gs_hsd,false rejection of the component compliance gate (first crossing),2482,10000,129,55,-0.007400000000000073,1.8205160516051632e-06,1.9269750507673018,1.7788010803474505,z vs boundary
compliance_boundary,allpairs_gs_hsd,false rejection of the component compliance gate (first crossing),2510,9000,111,48,-0.007000000000000006,1.943117136471931e-06,2.1521461663941546,1.9430342310140276,z vs boundary
compliance_boundary,allpairs_gs_hsd,false rejection of the component compliance gate (first crossing),2533,8000,102,48,-0.006750000000000034,2.3192195899487463e-06,2.134088500392507,2.1008439822677807,z vs boundary
compliance_boundary,allpairs_gs_hsd,false rejection of the component compliance gate (first crossing),2542,10000,122,55,-0.006700000000000039,1.7522662266226446e-06,2.492951874417171,1.7788010803474505,z vs boundary
compliance_boundary,allpairs_gs_hsd,false rejection of the component compliance gate (first crossing),2570,10000,133,60,-0.007299999999999973,1.9089018901890035e-06,1.9542132796569607,1.7788010803474505,z vs boundary
compliance_boundary,allpairs_gs_hsd,false rejection of the component compliance gate (first crossing),2582,8000,104,52,-0.006500000000000061,2.4113951743967917e-06,2.253895884756433,2.1008439822677807,z vs boundary
compliance_boundary,allpairs_gs_hsd,false rejection of the component compliance gate (first crossing),2612,2000,18,18,0.0,8.923461730865416e-06,3.3475981352352995,2.9822531463270976,z vs boundary
compliance_boundary,allpairs_gs_hsd,false rejection of the component compliance gate (first crossing),2624,7000,86,44,-0.005999999999999894,2.6262294030342544e-06,2.4682756659881666,2.2536225847741274,z vs boundary
compliance_boundary,allpairs_gs_hsd,false rejection of the component compliance gate (first crossing),2629,1000,5,5,0.0,9.959959959959777e-06,3.168627621703963,3.1160181991165388,z vs boundary
compliance_boundary,allpairs_gs_hsd,false rejection of the component compliance gate (first crossing),2650,2000,15,11,-0.0020000000000000018,6.4599799899948835e-06,3.147562776287949,2.9822531463270976,z vs boundary
compliance_boundary,allpairs_gs_hsd,false rejection of the component compliance gate (first crossing),2655,7000,81,37,-0.006285714285714228,2.385384500992863e-06,2.404894955647545,2.2536225847741274,z vs boundary
compliance_boundary,allpairs_gs_hsd,false rejection of the component compliance gate (first crossing),2660,7000,81,38,-0.006142857142857117,2.4055768899930257e-06,2.4868872896788283,2.2536225847741274,z vs boundary
compliance_boundary,allpairs_gs_hsd,false rejection of the component compliance gate (first crossing),2661,10000,128,54,-0.007400000000000073,1.8008800880087979e-06,1.9374519916411537,1.7788010803474505,z vs boundary
compliance_boundary,allpairs_gs_hsd,false rejection of the component compliance gate (first crossing),2666,10000,120,48,-0.007199999999999984,1.6634623462346326e-06,2.1709586120337176,1.7788010803474505,z vs boundary
compliance_boundary,allpairs_gs_hsd,false rejection of the component compliance gate (first crossing),2670,6000,69,34,-0.005833333333333246,2.834189957585551e-06,2.474994743271913,2.402619291904278,z vs boundary
compliance_boundary,allpairs_gs_hsd,false rejection of the component compliance gate (first crossing),2691,8000,99,46,-0.006624999999999992,2.2426299381172763e-06,2.253694108692555,2.1008439822677807,z vs boundary
compliance_boundary,allpairs_gs_hsd,false rejection of the component compliance gate (first crossing),2707,8000,97,45,-0.006500000000000061,2.196692555319427e-06,2.361475288306571,2.1008439822677807,z vs boundary
compliance_boundary,allpairs_gs_hsd,false rejection of the component compliance gate (first crossing),2709,6000,72,38,-0.005666666666666709,3.0253745994702453e-06,2.491337237809936,2.402619291904278,z vs boundary
compliance_boundary,allpairs_gs_hsd,false rejection of the component compliance gate (first crossing),2719,6000,68,34,-0.005666666666666598,2.807041914393145e-06,2.5864116561093233,2.402619291904278,z vs boundary
compliance_boundary,allpairs_gs_hsd,false rejection of the component compliance gate (first crossing),2725,9000,116,53,-0.006999999999999895,2.0643377384867235e-06,2.0880018479589633,1.9430342310140276,z vs boundary
compliance_boundary,allpairs_gs_hsd,false rejection of the component compliance gate (first crossing),2753,8000,93,43,-0.006249999999999978,2.104759188648596e-06,2.584818543434672,2.1008439822677807,z vs boundary
compliance_boundary,allpairs_gs_hsd,false rejection of the component compliance gate (first crossing),2778,1000,7,10,0.0030000000000000027,1.6867867867867865e-05,3.1652881882351163,3.1160181991165388,z vs boundary
compliance_boundary,allpairs_gs_hsd,false rejection of the component compliance gate (first crossing),2798,8000,99,45,-0.006750000000000034,2.227180741342666e-06,2.1777380018886663,2.1008439822677807,z vs boundary
compliance_boundary,allpairs_gs_hsd,false rejection of the component compliance gate (first crossing),2799,1000,7,10,0.0030000000000000027,1.6867867867867865e-05,3.1652881882351163,3.1160181991165388,z vs boundary
compliance_boundary,allpairs_gs_hsd,false rejection of the component compliance gate (first crossing),2841,8000,104,52,-0.006500000000000061,2.4113951743967917e-06,2.253895884756433,2.1008439822677807,z vs boundary
compliance_boundary,allpairs_gs_hsd,false rejection of the component compliance gate (first crossing),2853,9000,109,48,-0.0067777777777777715,1.9190266682580375e-06,2.326028241559613,1.9430342310140276,z vs boundary
compliance_boundary,allpairs_gs_hsd,false rejection of the component compliance gate (first crossing),2905,10000,134,61,-0.007299999999999973,1.928515851585159e-06,1.9442502241307296,1.7788010803474505,z vs boundary
compliance_boundary,allpairs_gs_hsd,false rejection of the component compliance gate (first crossing),2907,8000,101,47,-0.006750000000000034,2.288547787223396e-06,2.14834174931964,2.1008439822677807,z vs boundary
compliance_boundary,allpairs_gs_hsd,false rejection of the component compliance gate (first crossing),2909,7000,79,40,-0.0055714285714285605,2.406055092418428e-06,2.855031275873882,2.2536225847741274,z vs boundary
compliance_boundary,allpairs_gs_hsd,false rejection of the component compliance gate (first crossing),2910,5000,48,24,-0.0048000000000000265,2.857531506301296e-06,3.0761522741275114,2.5490166468033753,z vs boundary
compliance_boundary,allpairs_gs_hsd,false rejection of the component compliance gate (first crossing),2943,6000,78,46,-0.005333333333333301,3.4070493230353425e-06,2.5282357644129423,2.402619291904278,z vs boundary
compliance_boundary,allpairs_gs_hsd,false rejection of the component compliance gate (first crossing),2949,9000,122,60,-0.006888888888888833,2.2218051662804856e-06,2.0871926453112954,1.9430342310140276,z vs boundary
compliance_boundary,allpairs_gs_hsd,false rejection of the component compliance gate (first crossing),2979,10000,130,58,-0.007199999999999984,1.85992199219925e-06,2.053102663982509,1.7788010803474505,z vs boundary
compliance_boundary,allpairs_gs_hsd,false rejection of the component compliance gate (first crossing),2991,10000,141,70,-0.007099999999999995,2.085427542754273e-06,2.0081698635222045,1.7788010803474505,z vs boundary
compliance_boundary,allpairs_gs_hsd,false rejection of the component compliance gate (first crossing),2999,6000,66,34,-0.005333333333333301,2.7527180456002237e-06,2.812716209491866,2.402619291904278,z vs boundary
compliance_boundary,allpairs_gs_hsd,false rejection of the component compliance gate (first crossing),3001,3000,33,29,-0.0013333333333332975,6.819680634285542e-06,3.318715889646266,2.838441342416281,z vs boundary
compliance_boundary,allpairs_gs_hsd,false rejection of the component compliance gate (first crossing),3017,5000,59,35,-0.0048000000000000265,3.7230966193238932e-06,2.6949529671242183,2.5490166468033753,z vs boundary
compliance_boundary,allpairs_gs_hsd,false rejection of the component compliance gate (first crossing),3035,9000,112,51,-0.0067777777777777715,1.9917919549360273e-06,2.28314503993306,1.9430342310140276,z vs boundary
compliance_boundary,allpairs_gs_hsd,false rejection of the component compliance gate (first crossing),3053,10000,129,53,-0.007600000000000051,1.8007300730073037e-06,1.7884917161239975,1.7788010803474505,z vs boundary
compliance_boundary,allpairs_gs_hsd,false rejection of the component compliance gate (first crossing),3060,1000,4,3,-0.0010000000000000009,6.981981981982004e-06,3.4060666937951476,3.1160181991165388,z vs boundary
compliance_boundary,allpairs_gs_hsd,false rejection of the component compliance gate (first crossing),3094,8000,101,50,-0.0063750000000000195,2.334860216902111e-06,2.3723434777703023,2.1008439822677807,z vs boundary
compliance_boundary,allpairs_gs_hsd,false rejection of the component compliance gate (first crossing),3103,5000,54,27,-0.005400000000000071,3.211482296459281e-06,2.566877041151503,2.5490166468033753,z vs boundary
compliance_boundary,allpairs_gs_hsd,false rejection of the component compliance gate (first crossing),3122,9000,113,60,-0.0058888888888888324,2.1135832650815715e-06,2.8278054933494063,1.9430342310140276,z vs boundary
compliance_boundary,allpairs_gs_hsd,false rejection of the component compliance gate (first crossing),3210,8000,94,42,-0.006500000000000061,2.1045599449931268e-06,2.4126115029089545,2.1008439822677807,z vs boundary
compliance_boundary,allpairs_gs_hsd,false rejection of the component compliance gate (first crossing),3221,9000,116,53,-0.006999999999999895,2.0643377384867235e-06,2.0880018479589633,1.9430342310140276,z vs boundary
compliance_boundary,allpairs_gs_hsd,false rejection of the component compliance gate (first crossing),3227,3000,25,16,-0.0030000000000000027,4.5244340706160525e-06,3.29090926200471,2.838441342416281,z vs boundary
compliance_boundary,allpairs_gs_hsd,false rejection of the component compliance gate (first crossing),3260,4000,41,25,-0.0040000000000000036,4.089991247811945e-06,2.9668122329462694,2.693962877789667,z vs boundary
compliance_boundary,allpairs_gs_hsd,false rejection of the component compliance gate (first crossing),3288,1000,5,8,0.0030000000000000027,1.2923923923923867e-05,3.616147659368145,3.1160181991165388,z vs boundary
compliance_boundary,allpairs_gs_hsd,false rejection of the component compliance gate (first crossing),3307,7000,75,29,-0.006571428571428561,2.1038982245276776e-06,2.3637461698671123,2.2536225847741274,z vs boundary
compliance_boundary,allpairs_gs_hsd,false rejection of the component compliance gate (first crossing),3325,3000,23,12,-0.003666666666666707,3.865251380089685e-06,3.221391246818497,2.838441342416281,z vs boundary
compliance_boundary,allpairs_gs_hsd,false rejection of the component compliance gate (first crossing),3350,10000,134,64,-0.007000000000000006,1.958143814381435e-06,2.143872542854777,1.7788010803474505,z vs boundary
compliance_boundary,allpairs_gs_hsd,false rejection of the component compliance gate (first crossing),3351,9000,111,47,-0.007111111111111068,1.930900415546847e-06,2.0789828201958347,1.9430342310140276,z vs boundary
compliance_boundary,allpairs_gs_hsd,false rejection of the component compliance gate (first crossing),3353,3000,28,19,-0.0030000000000000027,5.181541995479874e-06,3.075165748651803,2.838441342416281,z vs boundary
compliance_boundary,allpairs_gs_hsd,false rejection of the component compliance gate (first crossing),3358,1000,4,4,0.0,7.97597597597605e-06,3.5408545017282935,3.1160181991165388,z vs boundary
compliance_boundary,allpairs_gs_hsd,false rejection of the component compliance gate (first crossing),3383,1000,7,10,0.0030000000000000027,1.6867867867867865e-05,3.1652881882351163,3.1160181991165388,z vs boundary
compliance_boundary,allpairs_gs_hsd,false rejection of the component compliance gate (first crossing),3402,9000,116,55,-0.0067777777777777715,2.0887355110787247e-06,2.229532273219536,1.9430342310140276,z vs boundary
compliance_boundary,allpairs_gs_hsd,false rejection of the component compliance gate (first crossing),3430,9000,113,48,-0.007222222222222241,1.9671966295294535e-06,1.9804943757047204,1.9430342310140276,z vs boundary
compliance_boundary,allpairs_gs_hsd,false rejection of the component compliance gate (first crossing),3432,10000,120,49,-0.007099999999999995,1.6733663366336673e-06,2.241829005544621,1.7788010803474505,z vs boundary
compliance_boundary,allpairs_gs_hsd,false rejection of the component compliance gate (first crossing),3443,7000,83,39,-0.006285714285714339,2.4656292006730013e-06,2.365437216925009,2.2536225847741274,z vs boundary
compliance_boundary,allpairs_gs_hsd,false rejection of the component compliance gate (first crossing),3460,9000,127,64,-0.007000000000000006,2.3305401560392625e-06,1.9651375738344417,1.9430342310140276,z vs boundary
compliance_boundary,allpairs_gs_hsd,false rejection of the component compliance gate (first crossing),3473,10000,115,40,-0.007499999999999951,1.5353285328532846e-06,2.017619878739411,1.7788010803474505,z vs boundary
compliance_boundary,allpairs_gs_hsd,false rejection of the component compliance gate (first crossing),3491,2000,13,9,-0.0020000000000000018,5.471485742871322e-06,3.4200885535737164,2.9822531463270976,z vs boundary
compliance_boundary,allpairs_gs_hsd,false rejection of the component compliance gate (first crossing),3492,10000,134,60,-0.007399999999999962,1.918635863586358e-06,1.8770553057168593,1.7788010803474505,z vs boundary
compliance_boundary,allpairs_gs_hsd,false rejection of the component compliance gate (first crossing),3503,9000,107,43,-0.007111111111111068,1.8338141823714336e-06,2.1333060988420263,1.9430342310140276,z vs boundary
compliance_boundary,allpairs_gs_hsd,false rejection of the component compliance gate (first crossing),3518,3000,28,17,-0.003666666666666596,4.961913230336026e-06,2.843202311346538,2.838441342416281,z vs boundary
compliance_boundary,allpairs_gs_hsd,false rejection of the component compliance gate (first crossing),3525,9000,116,51,-0.00722222222222213,2.039928990738351e-06,1.9448672992528742,1.9430342310140276,z vs boundary
compliance_boundary,allpairs_gs_hsd,false rejection of the component compliance gate (first crossing),3530,6000,65,29,-0.006000000000000005,2.588088755533352e-06,2.486396629411666,2.402619291904278,z vs boundary
compliance_boundary,allpairs_gs_hsd,false rejection of the component compliance gate (first crossing),3541,10000,129,57,-0.007199999999999984,1.8402940294029626e-06,2.064022478816857,1.7788010803474505,z vs boundary
compliance_boundary,allpairs_gs_hsd,false rejection of the component compliance gate (first crossing),3545,7000,93,50,-0.006142857142857117,2.886275298803597e-06,2.2703710890440782,2.2536225847741274,z vs boundary
compliance_boundary,allpairs_gs_hsd,false rejection of the component compliance gate (first crossing),3577,7000,93,53,-0.005714285714285672,2.9466075328545407e-06,2.496675314819624,2.2536225847741274,z vs boundary
compliance_boundary,allpairs_gs_hsd,false rejection of the component compliance gate (first crossing),3578,10000,128,55,-0.007300000000000084,1.8107720772077066e-06,2.0064662993614313,1.7788010803474505,z vs boundary
compliance_boundary,allpairs_gs_hsd,false rejection of the component compliance gate (first crossing),3593,1000,5,9,0.0040000000000000036,1.39079079079078e-05,3.7540247582702726,3.1160181991165388,z vs boundary
compliance_boundary,allpairs_gs_hsd,false rejection of the component compliance gate (first crossing),3604,8000,98,43,-0.0068749999999999645,2.1810284879359897e-06,2.1160179748420753,2.1008439822677807,z vs boundary
compliance_boundary,allpairs_gs_hsd,false rejection of the component compliance gate (first crossing),3608,10000,120,45,-0.007500000000000062,1.633738373837366e-06,1.9559094890112385,1.7788010803474505,z vs boundary
compliance_boundary,allpairs_gs_hsd,false rejection of the component compliance gate (first crossing),3611,5000,54,29,-0.0050000000000000044,3.2906021204241174e-06,2.7563370176795132,2.5490166468033753,z vs boundary
compliance_boundary,allpairs_gs_hsd,false rejection of the component compliance gate (first crossing),3618,10000,127,51,-0.007600000000000051,1.7614461446144837e-06,1.808325293910772,1.7788010803474505,z vs boundary
compliance_boundary,allpairs_gs_hsd,false rejection of the component compliance gate (first crossing),3627,8000,101,53,-0.006000000000000005,2.381137485935738e-06,2.5921955173768136,2.1008439822677807,z vs boundary
compliance_boundary,allpairs_gs_hsd,false rejection of the component compliance gate (first crossing),3632,8000,96,42,-0.006750000000000034,2.1350715714464245e-06,2.224216929377708,2.1008439822677807,z vs boundary
compliance_boundary,allpairs_gs_hsd,false rejection of the component compliance gate (first crossing),3638,3000,30,20,-0.0033333333333332993,5.50924382201484e-06,2.8402903893138687,2.838441342416281,z vs boundary
compliance_boundary,allpairs_gs_hsd,false rejection of the component compliance gate (first crossing),3691,8000,107,55,-0.006500000000000061,2.5032933804225487e-06,2.212137759436836,2.1008439822677807,z vs boundary
compliance_boundary,allpairs_gs_hsd,false rejection of the component compliance gate (first crossing),3693,4000,40,21,-0.004750000000000032,3.781554763690906e-06,2.6997534593733334,2.693962877789667,z vs boundary
compliance_boundary,allpairs_gs_hsd,false rejection of the component compliance gate (first crossing),3695,5000,50,25,-0.0050000000000000044,2.9755951190238047e-06,2.898565278248688,2.5490166468033753,z vs boundary
compliance_boundary,allpairs_gs_hsd,false rejection of the component compliance gate (first crossing),3714,10000,137,65,-0.007200000000000095,1.9972057205720586e-06,1.9812835360497278,1.7788010803474505,z vs boundary
compliance_boundary,allpairs_gs_hsd,false rejection of the component compliance gate (first crossing),3718,10000,145,72,-0.007299999999999973,2.144005400540037e-06,1.8439571585117258,1.7788010803474505,z vs boundary
compliance_boundary,allpairs_gs_hsd,false rejection of the component compliance gate (first crossing),3721,6000,76,42,-0.005666666666666709,3.2434109388602185e-06,2.4061411972841764,2.402619291904278,z vs boundary
compliance_boundary,allpairs_gs_hsd,false rejection of the component compliance gate (first crossing),3735,9000,117,54,-0.007000000000000006,2.0885653961551363e-06,2.075855961492774,1.9430342310140276,z vs boundary
compliance_boundary,allpairs_gs_hsd,false rejection of the component compliance gate (first crossing),3740,10000,136,62,-0.007399999999999962,1.957855785578536e-06,1.8581595364191152,1.7788010803474505,z vs boundary
compliance_boundary,allpairs_gs_hsd,false rejection of the component compliance gate (first crossing),3745,10000,136,64,-0.007199999999999984,1.9776057605760354e-06,1.991077534044676,1.7788010803474505,z vs boundary
compliance_boundary,allpairs_gs_hsd,false rejection of the component compliance gate (first crossing),3772,8000,97,44,-0.006625000000000103,2.1812394518064737e-06,2.285188896015899,2.1008439822677807,z vs boundary
compliance_boundary,allpairs_gs_hsd,false rejection of the component compliance gate (first crossing),3814,6000,69,38,-0.005166666666666653,2.9439860347094723e-06,2.8169482895350453,2.402619291904278,z vs boundary
compliance_boundary,allpairs_gs_hsd,false rejection of the component compliance gate (first crossing),3831,10000,130,60,-0.007000000000000006,1.8796879687968869e-06,2.188156468593015,1.7788010803474505,z vs boundary
compliance_boundary,allpairs_gs_hsd,false rejection of the component compliance gate (first crossing),3836,9000,112,50,-0.006888888888888944,1.9795834653781936e-06,2.2112029905850834,1.9430342310140276,z vs boundary
compliance_boundary,allpairs_gs_hsd,false rejection of the component compliance gate (first crossing),3846,3000,32,24,-0.002666666666666706,6.1650179689526675e-06,2.953481485402476,2.838441342416281,z vs boundary
compliance_boundary,allpairs_gs_hsd,false rejection of the component compliance gate (first crossing),3847,4000,36,16,-0.0050000000000000044,3.226556639159795e-06,2.7835585306342328,2.693962877789667,z vs boundary
compliance_boundary,allpairs_gs_hsd,false rejection of the component compliance gate (first crossing),3894,9000,115,52,-0.007000000000000006,2.0401045932401146e-06,2.1003662825863416,1.9430342310140276,z vs boundary
compliance_boundary,allpairs_gs_hsd,false rejection of the component compliance gate (first crossing),3903,9000,116,52,-0.007111111111111068,2.0521347365070644e-06,2.016637796679194,1.9430342310140276,z vs boundary
compliance_boundary,allpairs_gs_hsd,false rejection of the component compliance gate (first crossing),3918,7000,94,51,-0.006142857142857117,2.926257686958201e-06,2.2548073424644945,2.2536225847741274,z vs boundary
compliance_boundary,allpairs_gs_hsd,false rejection of the component compliance gate (first crossing),3944,5000,58,37,-0.0042000000000000925,3.7628885777155344e-06,2.989973327955424,2.5490166468033753,z vs boundary
compliance_boundary,allpairs_gs_hsd,false rejection of the component compliance gate (first crossing),3951,5000,49,27,-0.0044000000000000705,3.0155631126225527e-06,3.22480765366083,2.5490166468033753,z vs boundary
compliance_boundary,allpairs_gs_hsd,false rejection of the component compliance gate (first crossing),3964,8000,99,46,-0.006624999999999992,2.2426299381172763e-06,2.253694108692555,2.1008439822677807,z vs boundary
compliance_boundary,allpairs_gs_hsd,false rejection of the component compliance gate (first crossing),3974,7000,90,52,-0.005428571428571449,2.866870194284341e-06,2.6999015211737967,2.2536225847741274,z vs boundary
compliance_boundary,allpairs_gs_hsd,false rejection of the component compliance gate (first crossing),3992,8000,88,37,-0.0063750000000000195,1.935568117889741e-06,2.605576213960684,2.1008439822677807,z vs boundary
compliance_boundary,allpairs_gs_hsd,false rejection of the component compliance gate (first crossing),4002,9000,125,62,-0.006999999999999895,2.282189104687887e-06,1.9858454258272726,1.9430342310140276,z vs boundary
compliance_boundary,allpairs_gs_hsd,false rejection of the component compliance gate (first crossing),4011,5000,48,21,-0.005400000000000071,2.7385877175435094e-06,2.779678088549749,2.5490166468033753,z vs boundary
compliance_boundary,allpairs_gs_hsd,false rejection of the component compliance gate (first crossing),4059,9000,116,58,-0.006444444444444364,2.1253115915485885e-06,2.438912184795006,1.9430342310140276,z vs boundary
compliance_boundary,allpairs_gs_hsd,false rejection of the component compliance gate (first crossing),4063,7000,79,38,-0.005857142857142783,2.365687809628769e-06,2.6935264332341218,2.2536225847741274,z vs boundary
compliance_boundary,allpairs_gs_hsd,false rejection of the component compliance gate (first crossing),4128,9000,117,55,-0.006888888888888944,2.1007629105565987e-06,2.146480766175945,1.9430342310140276,z vs boundary
compliance_boundary,allpairs_gs_hsd,false rejection of the component compliance gate (first crossing),4136,2000,13,9,-0.0020000000000000018,5.471485742871322e-06,3.4200885535737164,2.9822531463270976,z vs boundary
compliance_boundary,allpairs_gs_hsd,false rejection of the component compliance gate (first crossing),4203,8000,95,44,-0.0063750000000000195,2.1507356388298194e-06,2.4718066430381582,2.1008439822677807,z vs boundary
compliance_boundary,allpairs_gs_hsd,false rejection of the component compliance gate (first crossing),4222,8000,93,37,-0.007000000000000006,2.011935085635711e-06,2.1150189972514175,2.1008439822677807,z vs boundary
compliance_boundary,allpairs_gs_hsd,false rejection of the component compliance gate (first crossing),4235,10000,131,57,-0.007399999999999962,1.8597759775977672e-06,1.9065273118608077,1.7788010803474505,z vs boundary
compliance_boundary,allpairs_gs_hsd,false rejection of the component compliance gate (first crossing),4236,10000,128,57,-0.007099999999999995,1.8305500550055062e-06,2.1434195791871393,1.7788010803474505,z vs boundary
compliance_boundary,allpairs_gs_hsd,false rejection of the component compliance gate (first crossing),4253,10000,127,52,-0.007500000000000062,1.7713441344134644e-06,1.8784019780335188,1.7788010803474505,z vs boundary
compliance_boundary,allpairs_gs_hsd,false rejection of the component compliance gate (first crossing),4264,10000,131,61,-0.007000000000000006,1.8993079307930782e-06,2.1768252374159287,1.7788010803474505,z vs boundary
compliance_boundary,allpairs_gs_hsd,false rejection of the component compliance gate (first crossing),4267,9000,112,53,-0.006555555555555537,2.0162007026843997e-06,2.425784984775949,1.9430342310140276,z vs boundary
compliance_boundary,allpairs_gs_hsd,false rejection of the component compliance gate (first crossing),4293,7000,89,48,-0.005857142857142783,2.7665030864467405e-06,2.4907743135385876,2.2536225847741274,z vs boundary
compliance_boundary,allpairs_gs_hsd,false rejection of the component compliance gate (first crossing),4313,10000,122,48,-0.007399999999999962,1.6829802980298157e-06,2.0041666544873746,1.7788010803474505,z vs boundary
compliance_boundary,allpairs_gs_hsd,false rejection of the component compliance gate (first crossing),4330,10000,129,57,-0.007199999999999984,1.8402940294029626e-06,2.064022478816857,1.7788010803474505,z vs boundary
compliance_boundary,allpairs_gs_hsd,false rejection of the component compliance gate (first crossing),4387,10000,132,57,-0.007499999999999951,1.8695139513951332e-06,1.828418696176534,1.7788010803474505,z vs boundary
compliance_boundary,allpairs_gs_hsd,false rejection of the component compliance gate (first crossing),4423,1000,2,2,0.0,3.995995995995958e-06,5.0025043828267295,3.1160181991165388,z vs boundary
compliance_boundary,allpairs_gs_hsd,false rejection of the component compliance gate (first crossing),4443,10000,133,63,-0.007000000000000006,1.9385358535853333e-06,2.154687716512728,1.7788010803474505,z vs boundary
compliance_boundary,allpairs_gs_hsd,false rejection of the component compliance gate (first crossing),4468,8000,89,38,-0.0063750000000000195,1.966329775596968e-06,2.5851147942126853,2.1008439822677807,z vs boundary
compliance_boundary,allpairs_gs_hsd,false rejection of the component compliance gate (first crossing),4472,1000,4,5,0.0010000000000000009,8.967967967967913e-06,3.67320917958302,3.1160181991165388,z vs boundary
compliance_boundary,allpairs_gs_hsd,false rejection of the component compliance gate (first crossing),4474,8000,97,45,-0.006500000000000061,2.196692555319427e-06,2.361475288306571,2.1008439822677807,z vs boundary
compliance_boundary,allpairs_gs_hsd,false rejection of the component compliance gate (first crossing),4511,2000,17,14,-0.0014999999999999458,7.693221610805386e-06,3.0645365416702406,2.9822531463270976,z vs boundary
compliance_boundary,allpairs_gs_hsd,false rejection of the component compliance gate (first crossing),4512,4000,47,32,-0.003750000000000031,4.888206426606677e-06,2.826866169869132,2.693962877789667,z vs boundary
compliance_boundary,allpairs_gs_hsd,false rejection of the component compliance gate (first crossing),4533,10000,129,53,-0.007600000000000051,1.8007300730073037e-06,1.7884917161239975,1.7788010803474505,z vs boundary
compliance_boundary,allpairs_gs_hsd,false rejection of the component compliance gate (first crossing),4538,10000,137,63,-0.007400000000000073,1.977459745974589e-06,1.8489259682711978,1.7788010803474505,z vs boundary
compliance_boundary,allpairs_gs_hsd,false rejection of the component compliance gate (first crossing),4544,9000,123,62,-0.0067777777777777715,2.258175462568571e-06,2.1442560615280986,1.9430342310140276,z vs boundary
compliance_boundary,allpairs_gs_hsd,false rejection of the component compliance gate (first crossing),4547,9000,115,53,-0.006888888888888833,2.0523075952197737e-06,2.171672319067858,1.9430342310140276,z vs boundary
compliance_boundary,allpairs_gs_hsd,false rejection of the component compliance gate (first crossing),4550,10000,124,50,-0.007399999999999962,1.7222962296229474e-06,1.9811594144303506,1.7788010803474505,z vs boundary
compliance_boundary,allpairs_gs_hsd,false rejection of the component compliance gate (first crossing),4559,10000,136,65,-0.007099999999999995,1.987477747774758e-06,2.057059531724717,1.7788010803474505,z vs boundary
compliance_boundary,allpairs_gs_hsd,false rejection of the component compliance gate (first crossing),4560,4000,42,30,-0.0030000000000000027,4.459489872468078e-06,3.314785641983586,2.693962877789667,z vs boundary
compliance_boundary,allpairs_gs_hsd,false rejection of the component compliance gate (first crossing),4573,8000,104,50,-0.006750000000000034,2.3805397549693732e-06,2.1064232595345316,2.1008439822677807,z vs boundary
compliance_boundary,allpairs_gs_hsd,false rejection of the component compliance gate (first crossing),4605,9000,104,37,-0.007444444444444476,1.7242176428382088e-06,1.9462081382033454,1.9430342310140276,z vs boundary
compliance_boundary,allpairs_gs_hsd,false rejection of the component compliance gate (first crossing),4692,1000,4,3,-0.0010000000000000009,6.981981981982004e-06,3.4060666937951476,3.1160181991165388,z vs boundary
compliance_boundary,allpairs_gs_hsd,false rejection of the component compliance gate (first crossing),4713,1000,8,13,0.0050000000000000044,2.078778778778784e-05,3.28993351627844,3.1160181991165388,z vs boundary
compliance_boundary,allpairs_gs_hsd,false rejection of the component compliance gate (first crossing),4732,4000,47,32,-0.003750000000000031,4.888206426606677e-06,2.826866169869132,2.693962877789667,z vs boundary
compliance_boundary,allpairs_gs_hsd,false rejection of the component compliance gate (first crossing),4742,9000,114,49,-0.007222222222222241,1.9914462375106313e-06,1.9683993186847177,1.9430342310140276,z vs boundary
compliance_boundary,allpairs_gs_hsd,false rejection of the component compliance gate (first crossing),4745,5000,55,31,-0.0048000000000000265,3.408793758751715e-06,2.816456063210278,2.5490166468033753,z vs boundary
compliance_boundary,allpairs_gs_hsd,false rejection of the component compliance gate (first crossing),4785,4000,36,18,-0.0045000000000000595,3.3505251312827804e-06,3.004735510554136,2.693962877789667,z vs boundary
compliance_boundary,allpairs_gs_hsd,false rejection of the component compliance gate (first crossing),4793,10000,143,69,-0.007399999999999962,2.0949994999499884e-06,1.796310407597344,1.7788010803474505,z vs boundary
compliance_boundary,allpairs_gs_hsd,false rejection of the component compliance gate (first crossing),4800,8000,103,50,-0.006624999999999992,2.3653171490186194e-06,2.1944671643136653,2.1008439822677807,z vs boundary
compliance_boundary,allpairs_gs_hsd,false rejection of the component compliance gate (first crossing),4806,9000,116,53,-0.006999999999999895,2.0643377384867235e-06,2.0880018479589633,1.9430342310140276,z vs boundary
compliance_boundary,allpairs_gs_hsd,false rejection of the component compliance gate (first crossing),4812,10000,117,49,-0.006800000000000028,1.6440744074407583e-06,2.495681983668459,1.7788010803474505,z vs boundary
compliance_boundary,allpairs_gs_hsd,false rejection of the component compliance gate (first crossing),4825,7000,87,44,-0.006142857142857117,2.6461360369265793e-06,2.371153341164961,2.2536225847741274,z vs boundary
compliance_boundary,allpairs_gs_hsd,false rejection of the component compliance gate (first crossing),4832,8000,97,43,-0.006750000000000034,2.1657824415552197e-06,2.208390889031536,2.1008439822677807,z vs boundary
compliance_boundary,allpairs_gs_hsd,false rejection of the component compliance gate (first crossing),4843,10000,122,49,-0.007299999999999973,1.6928842884288503e-06,2.075153021224917,1.7788010803474505,z vs boundary
compliance_boundary,allpairs_gs_hsd,false rejection of the component compliance gate (first crossing),4847,4000,41,23,-0.0044999999999999485,3.966460365091287e-06,2.7616022636382906,2.693962877789667,z vs boundary
compliance_boundary,allpairs_gs_hsd,false rejection of the component compliance gate (first crossing),4854,1000,5,9,0.0040000000000000036,1.39079079079078e-05,3.7540247582702726,3.1160181991165388,z vs boundary
compliance_boundary,allpairs_gs_hsd,false rejection of the component compliance gate (first crossing),4922,9000,122,59,-0.007000000000000006,2.2096213708244703e-06,2.018191273126947,1.9430342310140276,z vs boundary
compliance_boundary,allpairs_gs_hsd,false rejection of the component compliance gate (first crossing),4939,9000,119,55,-0.007111111111111179,2.1248094781450292e-06,1.9818502740202582,1.9430342310140276,z vs boundary
compliance_boundary,allpairs_gs_hsd,false rejection of the component compliance gate (first crossing),4941,7000,81,36,-0.00642857142857145,2.3651862802557748e-06,2.3222517193676784,2.2536225847741274,z vs boundary
compliance_boundary,allpairs_gs_hsd,false rejection of the component compliance gate (first crossing),4969,6000,69,34,-0.005833333333333246,2.834189957585551e-06,2.474994743271913,2.402619291904278,z vs boundary
compliance_boundary,allpairs_gs_hsd,false rejection of the component compliance gate (first crossing),4979,9000,115,50,-0.007222222222222241,2.0156903579135675e-06,1.9565258490764843,1.9430342310140276,z vs boundary
compliance_boundary,allpairs_gs_hsd,false rejection of the component compliance gate (first crossing),5004,6000,68,37,-0.005166666666666653,2.8894028634401845e-06,2.8434310272786725,2.402619291904278,z vs boundary
compliance_boundary,allpairs_gs_hsd,false rejection of the component compliance gate (first crossing),5012,6000,72,44,-0.004666666666666708,3.1897908910744174e-06,2.9861912678587585,2.402619291904278,z vs boundary
compliance_boundary,allpairs_gs_hsd,false rejection of the component compliance gate (first crossing),5030,5000,55,29,-0.005199999999999982,3.3297379475895326e-06,2.630487301255103,2.5490166468033753,z vs boundary
compliance_boundary,allpairs_gs_hsd,false rejection of the component compliance gate (first crossing),5041,9000,106,45,-0.0067777777777777715,1.8462119933764778e-06,2.371453997883864,1.9430342310140276,z vs boundary
compliance_boundary,allpairs_gs_hsd,false rejection of the component compliance gate (first crossing),5057,10000,129,56,-0.007299999999999973,1.8304060406040842e-06,1.9956760434455514,1.7788010803474505,z vs boundary
compliance_boundary,allpairs_gs_hsd,false rejection of the component compliance gate (first crossing),5062,10000,125,49,-0.00759999999999994,1.7221462146214716e-06,1.8288421858016237,1.7788010803474505,z vs boundary
compliance_boundary,allpairs_gs_hsd,false rejection of the component compliance gate (first crossing),5102,7000,93,53,-0.005714285714285672,2.9466075328545407e-06,2.496675314819624,2.2536225847741274,z vs boundary
compliance_boundary,allpairs_gs_hsd,false rejection of the component compliance gate (first crossing),5118,7000,82,39,-0.006142857142857117,2.4456992398330853e-06,2.466403908034226,2.2536225847741274,z vs boundary
compliance_boundary,allpairs_gs_hsd,false rejection of the component compliance gate (first crossing),5119,10000,122,48,-0.007399999999999962,1.6829802980298157e-06,2.0041666544873746,1.7788010803474505,z vs boundary
compliance_boundary,allpairs_gs_hsd,false rejection of the component compliance gate (first crossing),5157,7000,80,36,-0.006285714285714339,2.3452446559421186e-06,2.4253880332306905,2.2536225847741274,z vs boundary
compliance_boundary,allpairs_gs_hsd,false rejection of the component compliance gate (first crossing),5215,3000,28,23,-0.0016666666666665941,5.619910340483861e-06,3.5152325455876823,2.838441342416281,z vs boundary
compliance_boundary,allpairs_gs_hsd,false rejection of the component compliance gate (first crossing),5238,10000,130,57,-0.007299999999999973,1.8500360036003769e-06,1.9850601637167768,1.7788010803474505,z vs boundary
compliance_boundary,allpairs_gs_hsd,false rejection of the component compliance gate (first crossing),5270,9000,106,45,-0.0067777777777777715,1.8462119933764778e-06,2.371453997883864,1.9430342310140276,z vs boundary
compliance_boundary,allpairs_gs_hsd,false rejection of the component compliance gate (first crossing),5286,2000,15,13,-0.0010000000000000009,6.954227113556692e-06,3.4128568658055998,2.9822531463270976,z vs boundary
compliance_boundary,allpairs_gs_hsd,false rejection of the component compliance gate (first crossing),5288,10000,125,51,-0.007399999999999962,1.741948194819487e-06,1.9699523910697432,1.7788010803474505,z vs boundary
compliance_boundary,allpairs_gs_hsd,false rejection of the component compliance gate (first crossing),5306,3000,31,23,-0.002666666666666595,5.9467970805083426e-06,3.0071830605242873,2.838441342416281,z vs boundary
compliance_boundary,allpairs_gs_hsd,false rejection of the component compliance gate (first crossing),5310,6000,67,36,-0.005166666666666653,2.834801170565465e-06,2.8706843772532964,2.402619291904278,z vs boundary
compliance_boundary,allpairs_gs_hsd,false rejection of the component compliance gate (first crossing),5345,10000,126,55,-0.007099999999999995,1.7912781278127578e-06,2.1667883225487987,1.7788010803474505,z vs boundary
compliance_boundary,allpairs_gs_hsd,false rejection of the component compliance gate (first crossing),5351,10000,120,44,-0.007600000000000051,1.6238263826382533e-06,1.8833951387042058,1.7788010803474505,z vs boundary
compliance_boundary,allpairs_gs_hsd,false rejection of the component compliance gate (first crossing),5362,10000,131,62,-0.006900000000000017,1.9091859185918548e-06,2.2435594530287126,1.7788010803474505,z vs boundary
compliance_boundary,allpairs_gs_hsd,false rejection of the component compliance gate (first crossing),5397,10000,137,62,-0.007500000000000062,1.9675837583758363e-06,1.782269578433575,1.7788010803474505,z vs boundary
compliance_boundary,allpairs_gs_hsd,false rejection of the component compliance gate (first crossing),5406,7000,89,45,-0.006285714285714228,2.706083376342375e-06,2.257900091972955,2.2536225847741274,z vs boundary
compliance_boundary,allpairs_gs_hsd,false rejection of the component compliance gate (first crossing),5433,6000,71,38,-0.00550000000000006,2.9982543386860746e-06,2.598832434918976,2.402619291904278,z vs boundary
compliance_boundary,allpairs_gs_hsd,false rejection of the component compliance gate (first crossing),5437,7000,91,48,-0.006142857142857117,2.806275532073095e-06,2.3025049329359732,2.2536225847741274,z vs boundary
compliance_boundary,allpairs_gs_hsd,false rejection of the component compliance gate (first crossing),5465,10000,140,70,-0.007000000000000006,2.0757075707570865e-06,2.0822754079343193,1.7788010803474505,z vs boundary
compliance_boundary,allpairs_gs_hsd,false rejection of the component compliance gate (first crossing),5477,4000,46,30,-0.0040000000000000036,4.704051012753166e-06,2.7664016757154104,2.693962877789667,z vs boundary
compliance_boundary,allpairs_gs_hsd,false rejection of the component compliance gate (first crossing),5483,8000,93,38,-0.0068749999999999645,2.0274155363170524e-06,2.194717550442527,2.1008439822677807,z vs boundary
compliance_boundary,allpairs_gs_hsd,false rejection of the component compliance gate (first crossing),5517,9000,114,49,-0.007222222222222241,1.9914462375106313e-06,1.9683993186847177,1.9430342310140276,z vs boundary
compliance_boundary,allpairs_gs_hsd,false rejection of the component compliance gate (first crossing),5522,7000,83,48,-0.0050000000000000044,2.6470457878822572e-06,3.0731890528529235,2.2536225847741274,z vs boundary
compliance_boundary,allpairs_gs_hsd,false rejection of the component compliance gate (first crossing),5554,6000,69,36,-0.005499999999999949,2.8891065177529554e-06,2.647468105295675,2.402619291904278,z vs boundary
compliance_boundary,allpairs_gs_hsd,false rejection of the component compliance gate (first crossing),5560,9000,109,47,-0.006888888888888833,1.9068099473329533e-06,2.2530032462092318,1.9430342310140276,z vs boundary
compliance_boundary,allpairs_gs_hsd,false rejection of the component compliance gate (first crossing),5588,7000,83,41,-0.006000000000000005,2.5059848199888833e-06,2.526799448103933,2.2536225847741274,z vs boundary
compliance_boundary,allpairs_gs_hsd,false rejection of the component compliance gate (first crossing),5595,2000,16,14,-0.0010000000000000009,7.447223611805932e-06,3.297959456320781,2.9822531463270976,z vs boundary
compliance_boundary,allpairs_gs_hsd,false rejection of the component compliance gate (first crossing),5609,9000,106,49,-0.006333333333333302,1.8950843646550568e-06,2.6635273228030956,1.9430342310140276,z vs boundary
compliance_boundary,allpairs_gs_hsd,false rejection of the component compliance gate (first crossing),5613,8000,97,42,-0.0068750000000000755,2.15032152456558e-06,2.131072969753146,2.1008439822677807,z vs boundary
compliance_boundary,allpairs_gs_hsd,false rejection of the component compliance gate (first crossing),5621,8000,97,42,-0.0068750000000000755,2.15032152456558e-06,2.131072969753146,2.1008439822677807,z vs boundary
compliance_boundary,allpairs_gs_hsd,false rejection of the component compliance gate (first crossing),5629,3000,26,15,-0.003666666666666707,4.523693082879451e-06,2.977733180922032,2.838441342416281,z vs boundary
compliance_boundary,allpairs_gs_hsd,false rejection of the component compliance gate (first crossing),5632,9000,108,43,-0.007222222222222241,1.8458662759511042e-06,2.0445483324066793,1.9430342310140276,z vs boundary
compliance_boundary,allpairs_gs_hsd,false rejection of the component compliance gate (first crossing),5638,7000,89,45,-0.006285714285714228,2.706083376342375e-06,2.257900091972955,2.2536225847741274,z vs boundary
compliance_boundary,allpairs_gs_hsd,false rejection of the component compliance gate (first crossing),5649,9000,125,64,-0.0067777777777777715,2.3065374890762505e-06,2.121657268839496,1.9430342310140276,z vs boundary
compliance_boundary,allpairs_gs_hsd,false rejection of the component compliance gate (first crossing),5666,6000,70,38,-0.005333333333333412,2.9711248170991502e-06,2.7073620221360457,2.402619291904278,z vs boundary
compliance_boundary,allpairs_gs_hsd,false rejection of the component compliance gate (first crossing),5688,10000,137,66,-0.007099999999999995,2.007075707570775e-06,2.0469918834201306,1.7788010803474505,z vs boundary
compliance_boundary,allpairs_gs_hsd,false rejection of the component compliance gate (first crossing),5724,8000,86,37,-0.006125000000000047,1.9049939836229682e-06,2.8075332128922037,2.1008439822677807,z vs boundary
compliance_boundary,allpairs_gs_hsd,false rejection of the component compliance gate (first crossing),5736,10000,127,53,-0.007400000000000073,1.781240124012403e-06,1.9481038886446784,1.7788010803474505,z vs boundary
compliance_boundary,allpairs_gs_hsd,false rejection of the component compliance gate (first crossing),5751,9000,109,45,-0.007111111111111068,1.882368274115489e-06,2.105612941835018,1.9430342310140276,z vs boundary
compliance_boundary,allpairs_gs_hsd,false rejection of the component compliance gate (first crossing),5766,8000,100,47,-0.006624999999999992,2.273313461057613e-06,2.2384330805642314,2.1008439822677807,z vs boundary
compliance_boundary,allpairs_gs_hsd,false rejection of the component compliance gate (first crossing),5784,8000,103,49,-0.006749999999999923,2.34988357919741e-06,2.1201187542288475,2.1008439822677807,z vs boundary
compliance_boundary,allpairs_gs_hsd,false rejection of the component compliance gate (first crossing),5789,6000,74,41,-0.005499999999999949,3.1618371580448545e-06,2.5307122323400604,2.402619291904278,z vs boundary
compliance_boundary,allpairs_gs_hsd,false rejection of the component compliance gate (first crossing),5797,10000,121,45,-0.007600000000000051,1.6434983498349605e-06,1.8720894917237776,1.7788010803474505,z vs boundary
compliance_boundary,allpairs_gs_hsd,false rejection of the component compliance gate (first crossing),5814,3000,27,21,-0.0020000000000000018,5.291763921307116e-06,3.477681111103053,2.838441342416281,z vs boundary
compliance_boundary,allpairs_gs_hsd,false rejection of the component compliance gate (first crossing),5827,5000,59,34,-0.0050000000000000044,3.683640728145682e-06,2.605141824018754,2.5490166468033753,z vs boundary
compliance_boundary,allpairs_gs_hsd,false rejection of the component compliance gate (first crossing),5832,10000,122,45,-0.00770000000000004,1.6532563256325491e-06,1.7887833321888806,1.7788010803474505,z vs boundary
compliance_boundary,allpairs_gs_hsd,false rejection of the component compliance gate (first crossing),5851,8000,103,49,-0.006749999999999923,2.34988357919741e-06,2.1201187542288475,2.1008439822677807,z vs boundary
compliance_boundary,allpairs_gs_hsd,false rejection of the component compliance gate (first crossing),5853,7000,83,40,-0.006142857142857228,2.4858099261993867e-06,2.446424206061807,2.2536225847741274,z vs boundary
compliance_boundary,allpairs_gs_hsd,false rejection of the component compliance gate (first crossing),5917,9000,116,56,-0.006666666666666599,2.1009302816911112e-06,2.299709211975546,1.9430342310140276,z vs boundary
compliance_boundary,allpairs_gs_hsd,false rejection of the component compliance gate (first crossing),5920,9000,113,55,-0.006444444444444475,2.0526368499106013e-06,2.481712157431026,1.9430342310140276,z vs boundary
compliance_boundary,allpairs_gs_hsd,false rejection of the component compliance gate (first crossing),5940,3000,29,21,-0.002666666666666706,5.509910710977762e-06,3.124130347395958,2.838441342416281,z vs boundary
compliance_boundary,allpairs_gs_hsd,false rejection of the component compliance gate (first crossing),5945,7000,80,34,-0.006571428571428561,2.3048307192572952e-06,2.2583626617168613,2.2536225847741274,z vs boundary
compliance_boundary,allpairs_gs_hsd,false rejection of the component compliance gate (first crossing),5974,8000,94,45,-0.006125000000000047,2.1509309757469736e-06,2.6421560847472727,2.1008439822677807,z vs boundary
compliance_boundary,allpairs_gs_hsd,false rejection of the component compliance gate (first crossing),5985,7000,79,35,-0.006285714285714228,2.3050931474175415e-06,2.4464202793796166,2.2536225847741274,z vs boundary
compliance_boundary,allpairs_gs_hsd,false rejection of the component compliance gate (first crossing),5995,3000,24,12,-0.0040000000000000036,3.974658219406442e-06,3.0095485625481477,2.838441342416281,z vs boundary
compliance_boundary,allpairs_gs_hsd,false rejection of the component compliance gate (first crossing),5997,8000,94,42,-0.006500000000000061,2.1045599449931268e-06,2.4126115029089545,2.1008439822677807,z vs boundary
compliance_boundary,allpairs_gs_hsd,false rejection of the component compliance gate (first crossing),6003,9000,115,55,-0.00666666666666671,2.076705367811775e-06,2.3130834568703866,1.9430342310140276,z vs boundary
compliance_boundary,allpairs_gs_hsd,false rejection of the component compliance gate (first crossing),6025,2000,17,16,-0.0004999999999999449,8.185967983991987e-06,3.320386079288054,2.9822531463270976,z vs boundary
compliance_boundary,allpairs_gs_hsd,false rejection of the component compliance gate (first crossing),6032,10000,129,55,-0.007400000000000073,1.8205160516051632e-06,1.9269750507673018,1.7788010803474505,z vs boundary
compliance_boundary,allpairs_gs_hsd,false rejection of the component compliance gate (first crossing),6039,6000,75,41,-0.005666666666666598,3.188929636420891e-06,2.42660802356154,2.402619291904278,z vs boundary
compliance_boundary,allpairs_gs_hsd,false rejection of the component compliance gate (first crossing),6045,9000,117,54,-0.007000000000000006,2.0885653961551363e-06,2.075855961492774,1.9430342310140276,z vs boundary
compliance_boundary,allpairs_gs_hsd,false rejection of the component compliance gate (first crossing),6046,9000,118,56,-0.006888888888888833,2.1249823368577385e-06,2.1342134849879297,1.9430342310140276,z vs boundary
compliance_boundary,allpairs_gs_hsd,false rejection of the component compliance gate (first crossing),6068,9000,121,58,-0.007000000000000006,2.185421151046975e-06,2.0293347103427424,1.9430342310140276,z vs boundary
compliance_boundary,allpairs_gs_hsd,false rejection of the component compliance gate (first crossing),6192,10000,121,51,-0.007000000000000006,1.7029282928292772e-06,2.298915848212342,1.7788010803474505,z vs boundary
compliance_boundary,allpairs_gs_hsd,false rejection of the component compliance gate (first crossing),6200,6000,72,40,-0.005333333333333301,3.0802170732159245e-06,2.658986418598808,2.402619291904278,z vs boundary
compliance_boundary,allpairs_gs_hsd,false rejection of the component compliance gate (first crossing),6201,10000,125,57,-0.006799999999999917,1.801306130613065e-06,2.3842742846373395,1.7788010803474505,z vs boundary
compliance_boundary,allpairs_gs_hsd,false rejection of the component compliance gate (first crossing),6233,8000,91,48,-0.005375000000000019,2.1514701056382067e-06,3.1531459908478516,2.1008439822677807,z vs boundary
compliance_boundary,allpairs_gs_hsd,false rejection of the component compliance gate (first crossing),6277,3000,30,21,-0.0030000000000000027,5.618872957652589e-06,2.953067905215827,2.838441342416281,z vs boundary
compliance_boundary,allpairs_gs_hsd,false rejection of the component compliance gate (first crossing),6281,9000,113,49,-0.007111111111111068,1.9794106066654843e-06,2.053349571798455,1.9430342310140276,z vs boundary
compliance_boundary,allpairs_gs_hsd,false rejection of the component compliance gate (first crossing),6302,7000,77,40,-0.005285714285714338,2.3661426851066176e-06,3.0647526887510055,2.2536225847741274,z vs boundary
compliance_boundary,allpairs_gs_hsd,false rejection of the component compliance gate (first crossing),6308,2000,18,19,0.0004999999999999449,9.168959479739821e-06,3.4676022201513153,2.9822531463270976,z vs boundary
compliance_boundary,allpairs_gs_hsd,false rejection of the component compliance gate (first crossing),6324,7000,86,45,-0.005857142857142783,2.646380969876141e-06,2.546676468764768,2.2536225847741274,z vs boundary
compliance_boundary,allpairs_gs_hsd,false rejection of the component compliance gate (first crossing),6350,9000,108,42,-0.007333333333333303,1.83363583608055e-06,1.9693013935302468,1.9430342310140276,z vs boundary
compliance_boundary,allpairs_gs_hsd,false rejection of the component compliance gate (first crossing),6356,9000,119,56,-0.007000000000000006,2.137004248757416e-06,2.0521947011457864,1.9430342310140276,z vs boundary
compliance_boundary,allpairs_gs_hsd,false rejection of the component compliance gate (first crossing),6359,7000,93,50,-0.006142857142857117,2.886275298803597e-06,2.2703710890440782,2.2536225847741274,z vs boundary
compliance_boundary,allpairs_gs_hsd,false rejection of the component compliance gate (first crossing),6379,9000,109,45,-0.007111111111111068,1.882368274115489e-06,2.105612941835018,1.9430342310140276,z vs boundary
compliance_boundary,allpairs_gs_hsd,false rejection of the component compliance gate (first crossing),6380,9000,118,55,-0.007000000000000006,2.112787566245352e-06,2.063922276465381,1.9430342310140276,z vs boundary
compliance_boundary,allpairs_gs_hsd,false rejection of the component compliance gate (first crossing),6387,9000,116,52,-0.007111111111111068,2.0521347365070644e-06,2.016637796679194,1.9430342310140276,z vs boundary
compliance_boundary,allpairs_gs_hsd,false rejection of the component compliance gate (first crossing),6424,9000,117,55,-0.006888888888888944,2.1007629105565987e-06,2.146480766175945,1.9430342310140276,z vs boundary
compliance_boundary,allpairs_gs_hsd,false rejection of the component compliance gate (first crossing),6434,1000,6,8,0.0020000000000000018,1.391391391391389e-05,3.2170409568399396,3.1160181991165388,z vs boundary
compliance_boundary,allpairs_gs_hsd,false rejection of the component compliance gate (first crossing),6438,9000,108,43,-0.007222222222222241,1.8458662759511042e-06,2.0445483324066793,1.9430342310140276,z vs boundary
compliance_boundary,allpairs_gs_hsd,false rejection of the component compliance gate (first crossing),6455,3000,31,23,-0.002666666666666595,5.9467970805083426e-06,3.0071830605242873,2.838441342416281,z vs boundary
compliance_boundary,allpairs_gs_hsd,false rejection of the component compliance gate (first crossing),6463,9000,119,56,-0.007000000000000006,2.137004248757416e-06,2.0521947011457864,1.9430342310140276,z vs boundary
compliance_boundary,allpairs_gs_hsd,false rejection of the component compliance gate (first crossing),6466,9000,111,47,-0.007111111111111068,1.930900415546847e-06,2.0789828201958347,1.9430342310140276,z vs boundary
compliance_boundary,allpairs_gs_hsd,false rejection of the component compliance gate (first crossing),6468,8000,105,59,-0.005750000000000033,2.53448477934743e-06,2.669587046380786,2.1008439822677807,z vs boundary
compliance_boundary,allpairs_gs_hsd,false rejection of the component compliance gate (first crossing),6479,4000,34,18,-0.0040000000000000036,3.2276819204800704e-06,3.339687919256014,2.693962877789667,z vs boundary
compliance_boundary,allpairs_gs_hsd,false rejection of the component compliance gate (first crossing),6480,5000,52,28,-0.0047999999999999154,3.172730546109205e-06,2.919353919987226,2.5490166468033753,z vs boundary
compliance_boundary,allpairs_gs_hsd,false rejection of the component compliance gate (first crossing),6482,10000,130,54,-0.007600000000000051,1.8203660366036687e-06,1.7788194917693536,1.7788010803474505,z vs boundary
compliance_boundary,allpairs_gs_hsd,false rejection of the component compliance gate (first crossing),6492,2000,17,19,0.0010000000000000009,8.923211605802832e-06,3.6824095581792227,2.9822531463270976,z vs boundary
compliance_boundary,allpairs_gs_hsd,false rejection of the component compliance gate (first crossing),6496,5000,58,34,-0.0048000000000000265,3.644568913782811e-06,2.7238316401530764,2.5490166468033753,z vs boundary
compliance_boundary,allpairs_gs_hsd,false rejection of the component compliance gate (first crossing),6516,5000,52,30,-0.0043999999999999595,3.2518183636726964e-06,3.105452475424017,2.5490166468033753,z vs boundary
compliance_boundary,allpairs_gs_hsd,false rejection of the component compliance gate (first crossing),6560,9000,113,49,-0.007111111111111068,1.9794106066654843e-06,2.053349571798455,1.9430342310140276,z vs boundary
compliance_boundary,allpairs_gs_hsd,false rejection of the component compliance gate (first crossing),6606,1000,4,7,0.0030000000000000027,1.0945945945946005e-05,3.9293137025235625,3.1160181991165388,z vs boundary
compliance_boundary,allpairs_gs_hsd,false rejection of the component compliance gate (first crossing),6623,8000,100,49,-0.0063749999999999085,2.3041923209151183e-06,2.388078773757589,2.1008439822677807,z vs boundary
compliance_boundary,allpairs_gs_hsd,false rejection of the component compliance gate (first crossing),6668,9000,112,48,-0.007111111111111179,1.9551582548952527e-06,2.0660454948734395,1.9430342310140276,z vs boundary
compliance_boundary,allpairs_gs_hsd,false rejection of the component compliance gate (first crossing),6678,8000,99,45,-0.006750000000000034,2.227180741342666e-06,2.1777380018886663,2.1008439822677807,z vs boundary
compliance_boundary,allpairs_gs_hsd,false rejection of the component compliance gate (first crossing),6681,5000,56,32,-0.0048000000000000265,3.4874174834966856e-06,2.784526615572927,2.5490166468033753,z vs boundary
compliance_boundary,allpairs_gs_hsd,false rejection of the component compliance gate (first crossing),6697,8000,97,47,-0.006250000000000089,2.2275870421302765e-06,2.512545448322647,2.1008439822677807,z vs boundary
compliance_boundary,allpairs_gs_hsd,false rejection of the component compliance gate (first crossing),6727,4000,45,33,-0.0030000000000000027,4.827550637659394e-06,3.1859182012211367,2.693962877789667,z vs boundary
compliance_boundary,allpairs_gs_hsd,false rejection of the component compliance gate (first crossing),6729,3000,30,21,-0.0030000000000000027,5.618872957652589e-06,2.953067905215827,2.838441342416281,z vs boundary
compliance_boundary,allpairs_gs_hsd,false rejection of the component compliance gate (first crossing),6734,3000,28,20,-0.002666666666666595,5.291245229891455e-06,3.1880305988589206,2.838441342416281,z vs boundary
compliance_boundary,allpairs_gs_hsd,false rejection of the component compliance gate (first crossing),6753,9000,113,53,-0.006666666666666599,2.0282390773186005e-06,2.3405567322204948,1.9430342310140276,z vs boundary
compliance_boundary,allpairs_gs_hsd,false rejection of the component compliance gate (first crossing),6763,8000,95,48,-0.005874999999999964,2.212524612451532e-06,2.7731917376663504,2.1008439822677807,z vs boundary
compliance_boundary,allpairs_gs_hsd,false rejection of the component compliance gate (first crossing),6768,7000,91,48,-0.006142857142857117,2.806275532073095e-06,2.3025049329359732,2.2536225847741274,z vs boundary
compliance_boundary,allpairs_gs_hsd,false rejection of the component compliance gate (first crossing),6785,10000,139,72,-0.006700000000000039,2.085703570357027e-06,2.2850075931896177,1.7788010803474505,z vs boundary
compliance_boundary,allpairs_gs_hsd,false rejection of the component compliance gate (first crossing),6808,2000,13,8,-0.0024999999999999467,5.2234867433716644e-06,3.281565029820373,2.9822531463270976,z vs boundary
compliance_boundary,allpairs_gs_hsd,false rejection of the component compliance gate (first crossing),6822,5000,59,34,-0.0050000000000000044,3.683640728145682e-06,2.605141824018754,2.5490166468033753,z vs boundary
compliance_boundary,allpairs_gs_hsd,false rejection of the component compliance gate (first crossing),6843,6000,64,30,-0.005666666666666709,2.588412883628765e-06,2.693427693521893,2.402619291904278,z vs boundary
compliance_boundary,allpairs_gs_hsd,false rejection of the component compliance gate (first crossing),6846,6000,78,47,-0.005166666666666653,3.434401103887695e-06,2.6080819890356466,2.402619291904278,z vs boundary
compliance_boundary,allpairs_gs_hsd,false rejection of the component compliance gate (first crossing),6864,10000,132,57,-0.007499999999999951,1.8695139513951332e-06,1.828418696176534,1.7788010803474505,z vs boundary
compliance_boundary,allpairs_gs_hsd,false rejection of the component compliance gate (first crossing),6881,9000,115,52,-0.007000000000000006,2.0401045932401146e-06,2.1003662825863416,1.9430342310140276,z vs boundary
compliance_boundary,allpairs_gs_hsd,false rejection of the component compliance gate (first crossing),6920,8000,101,49,-0.00649999999999995,2.3194266470809014e-06,2.2981465686794427,2.1008439822677807,z vs boundary
compliance_boundary,allpairs_gs_hsd,false rejection of the component compliance gate (first crossing),6935,7000,81,38,-0.006142857142857117,2.4055768899930257e-06,2.4868872896788283,2.2536225847741274,z vs boundary
compliance_boundary,allpairs_gs_hsd,false rejection of the component compliance gate (first crossing),6937,6000,61,27,-0.005666666666666709,2.42424663369818e-06,2.7831313090631697,2.402619291904278,z vs boundary
compliance_boundary,allpairs_gs_hsd,false rejection of the component compliance gate (first crossing),6943,7000,89,47,-0.006000000000000005,2.746369014815501e-06,2.413684747238706,2.2536225847741274,z vs boundary
compliance_boundary,allpairs_gs_hsd,false rejection of the component compliance gate (first crossing),6952,7000,80,39,-0.005857142857142894,2.405821822942643e-06,2.6709651892156683,2.2536225847741274,z vs boundary
compliance_boundary,allpairs_gs_hsd,false rejection of the component compliance gate (first crossing),6961,8000,102,48,-0.006750000000000034,2.3192195899487463e-06,2.134088500392507,2.1008439822677807,z vs boundary
compliance_boundary,allpairs_gs_hsd,false rejection of the component compliance gate (first crossing),6973,10000,131,56,-0.007499999999999951,1.8498879887988888e-06,1.8380922011890801,1.7788010803474505,z vs boundary
compliance_boundary,allpairs_gs_hsd,false rejection of the component compliance gate (first crossing),6977,2000,15,15,0.0,7.4474737368683425e-06,3.66433786056081,2.9822531463270976,z vs boundary
compliance_boundary,allpairs_gs_hsd,false rejection of the component compliance gate (first crossing),6990,10000,123,51,-0.007199999999999984,1.722442244224412e-06,2.1334658577985515,1.7788010803474505,z vs boundary
compliance_boundary,allpairs_gs_hsd,false rejection of the component compliance gate (first crossing),7005,7000,84,39,-0.00642857142857145,2.485553329775973e-06,2.2653245196893734,2.2536225847741274,z vs boundary
compliance_boundary,allpairs_gs_hsd,false rejection of the component compliance gate (first crossing),7019,9000,122,60,-0.006888888888888833,2.2218051662804856e-06,2.0871926453112954,1.9430342310140276,z vs boundary
compliance_boundary,allpairs_gs_hsd,false rejection of the component compliance gate (first crossing),7037,3000,30,23,-0.0023333333333332984,5.837908932607247e-06,3.1730573621449696,2.838441342416281,z vs boundary
compliance_boundary,allpairs_gs_hsd,false rejection of the component compliance gate (first crossing),7041,7000,72,24,-0.006857142857142784,1.9426681945817326e-06,2.254889819477428,2.2536225847741274,z vs boundary
compliance_boundary,allpairs_gs_hsd,false rejection of the component compliance gate (first crossing),7070,10000,127,52,-0.007500000000000062,1.7713441344134644e-06,1.8784019780335188,1.7788010803474505,z vs boundary
compliance_boundary,allpairs_gs_hsd,false rejection of the component compliance gate (first crossing),7079,8000,92,41,-0.0063749999999999085,2.0585678678585027e-06,2.5265355656139574,2.1008439822677807,z vs boundary
compliance_boundary,allpairs_gs_hsd,false rejection of the component compliance gate (first crossing),7108,8000,96,42,-0.006750000000000034,2.1350715714464245e-06,2.224216929377708,2.1008439822677807,z vs boundary
compliance_boundary,allpairs_gs_hsd,false rejection of the component compliance gate (first crossing),7147,2000,19,18,-0.0004999999999999449,9.168959479739821e-06,3.1373543896607483,2.9822531463270976,z vs boundary
compliance_boundary,allpairs_gs_hsd,false rejection of the component compliance gate (first crossing),7152,9000,117,53,-0.007111111111111068,2.076365137964598e-06,2.0048365637497114,1.9430342310140276,z vs boundary
compliance_boundary,allpairs_gs_hsd,false rejection of the component compliance gate (first crossing),7202,1000,6,8,0.0020000000000000018,1.391391391391389e-05,3.2170409568399396,3.1160181991165388,z vs boundary
compliance_boundary,allpairs_gs_hsd,false rejection of the component compliance gate (first crossing),7229,10000,128,53,-0.007500000000000062,1.790986098609847e-06,1.8680732484153895,1.7788010803474505,z vs boundary
compliance_boundary,allpairs_gs_hsd,false rejection of the component compliance gate (first crossing),7250,4000,35,20,-0.003750000000000031,3.4129626156539135e-06,3.383095455313,2.693962877789667,z vs boundary
compliance_boundary,allpairs_gs_hsd,false rejection of the component compliance gate (first crossing),7256,9000,106,43,-0.007000000000000006,1.8217593450026646e-06,2.222673909966595,1.9430342310140276,z vs boundary
compliance_boundary,allpairs_gs_hsd,false rejection of the component compliance gate (first crossing),7258,10000,128,53,-0.007500000000000062,1.790986098609847e-06,1.8680732484153895,1.7788010803474505,z vs boundary
compliance_boundary,allpairs_gs_hsd,false rejection of the component compliance gate (first crossing),7270,10000,134,59,-0.007499999999999951,1.9087538753875336e-06,1.8095268964531157,1.7788010803474505,z vs boundary
compliance_boundary,allpairs_gs_hsd,false rejection of the component compliance gate (first crossing),7300,9000,111,50,-0.0067777777777777715,1.967542346954872e-06,2.297171630877105,1.9430342310140276,z vs boundary
compliance_boundary,allpairs_gs_hsd,false rejection of the component compliance gate (first crossing),7341,10000,127,51,-0.007600000000000051,1.7614461446144837e-06,1.808325293910772,1.7788010803474505,z vs boundary
compliance_boundary,allpairs_gs_hsd,false rejection of the component compliance gate (first crossing),7369,9000,106,42,-0.007111111111111068,1.8095289051321104e-06,2.147573696619299,1.9430342310140276,z vs boundary
compliance_boundary,allpairs_gs_hsd,false rejection of the component compliance gate (first crossing),7406,2000,16,14,-0.0010000000000000009,7.447223611805932e-06,3.297959456320781,2.9822531463270976,z vs boundary
compliance_boundary,allpairs_gs_hsd,false rejection of the component compliance gate (first crossing),7439,9000,118,54,-0.007111111111111068,2.1005900518438895e-06,1.9932427189086313,1.9430342310140276,z vs boundary
compliance_boundary,allpairs_gs_hsd,false rejection of the component compliance gate (first crossing),7469,7000,86,48,-0.005428571428571338,2.7068006799805064e-06,2.7785857228059894,2.2536225847741274,z vs boundary
compliance_boundary,allpairs_gs_hsd,false rejection of the component compliance gate (first crossing),7520,6000,68,37,-0.005166666666666653,2.8894028634401845e-06,2.8434310272786725,2.402619291904278,z vs boundary
compliance_boundary,allpairs_gs_hsd,false rejection of the component compliance gate (first crossing),7527,6000,69,38,-0.005166666666666653,2.9439860347094723e-06,2.8169482895350453,2.402619291904278,z vs boundary
compliance_boundary,allpairs_gs_hsd,false rejection of the component compliance gate (first crossing),7539,10000,137,62,-0.007500000000000062,1.9675837583758363e-06,1.782269578433575,1.7788010803474505,z vs boundary
compliance_boundary,allpairs_gs_hsd,false rejection of the component compliance gate (first crossing),7552,3000,33,26,-0.0023333333333332984,6.492349301619081e-06,3.0088853684448904,2.838441342416281,z vs boundary
compliance_boundary,allpairs_gs_hsd,false rejection of the component compliance gate (first crossing),7608,2000,18,16,-0.0010000000000000009,8.431715857928974e-06,3.099449238641128,2.9822531463270976,z vs boundary
compliance_boundary,allpairs_gs_hsd,false rejection of the component compliance gate (first crossing),7611,10000,139,65,-0.007400000000000073,2.016655665566551e-06,1.8308698483583232,1.7788010803474505,z vs boundary
compliance_boundary,allpairs_gs_hsd,false rejection of the component compliance gate (first crossing),7614,9000,107,44,-0.006999999999999895,1.8460418784529118e-06,2.2080071745000125,1.9430342310140276,z vs boundary
compliance_boundary,allpairs_gs_hsd,false rejection of the component compliance gate (first crossing),7673,7000,87,46,-0.005857142857142894,2.686433338873501e-06,2.5276208180591246,2.2536225847741274,z vs boundary
compliance_boundary,allpairs_gs_hsd,false rejection of the component compliance gate (first crossing),7692,6000,68,32,-0.006000000000000005,2.752088311014752e-06,2.411175424144166,2.402619291904278,z vs boundary
compliance_boundary,allpairs_gs_hsd,false rejection of the component compliance gate (first crossing),7720,10000,126,55,-0.007099999999999995,1.7912781278127578e-06,2.1667883225487987,1.7788010803474505,z vs boundary
compliance_boundary,allpairs_gs_hsd,false rejection of the component compliance gate (first crossing),7724,10000,137,63,-0.007400000000000073,1.977459745974589e-06,1.8489259682711978,1.7788010803474505,z vs boundary
compliance_boundary,allpairs_gs_hsd,false rejection of the component compliance gate (first crossing),7740,9000,102,39,-0.007000000000000006,1.7245743354199536e-06,2.2844428371984917,1.9430342310140276,z vs boundary
compliance_boundary,allpairs_gs_hsd,false rejection of the component compliance gate (first crossing),7763,10000,133,61,-0.007199999999999984,1.9187818781878044e-06,2.0213672604486703,1.7788010803474505,z vs boundary
compliance_boundary,allpairs_gs_hsd,false rejection of the component compliance gate (first crossing),7780,6000,67,32,-0.005833333333333357,2.7249310070196676e-06,2.524125840504466,2.402619291904278,z vs boundary
compliance_boundary,allpairs_gs_hsd,false rejection of the component compliance gate (first crossing),7790,10000,140,70,-0.007000000000000006,2.0757075707570865e-06,2.0822754079343193,1.7788010803474505,z vs boundary
compliance_boundary,allpairs_gs_hsd,false rejection of the component compliance gate (first crossing),7820,2000,14,11,-0.0015000000000000568,6.213481740870378e-06,3.409976707672813,2.9822531463270976,z vs boundary
compliance_boundary,allpairs_gs_hsd,false rejection of the component compliance gate (first crossing),7848,9000,114,49,-0.007222222222222241,1.9914462375106313e-06,1.9683993186847177,1.9430342310140276,z vs boundary
compliance_boundary,allpairs_gs_hsd,false rejection of the component compliance gate (first crossing),7849,10000,121,52,-0.006900000000000017,1.712826282628258e-06,2.3686725908433903,1.7788010803474505,z vs boundary
compliance_boundary,allpairs_gs_hsd,false rejection of the component compliance gate (first crossing),7851,10000,117,49,-0.006800000000000028,1.6440744074407583e-06,2.495681983668459,1.7788010803474505,z vs boundary
compliance_boundary,allpairs_gs_hsd,false rejection of the component compliance gate (first crossing),7858,10000,140,67,-0.007299999999999973,2.046115611561171e-06,1.8875509345596078,1.7788010803474505,z vs boundary
compliance_boundary,allpairs_gs_hsd,false rejection of the component compliance gate (first crossing),7928,5000,57,33,-0.0047999999999999154,3.5660092018403846e-06,2.7536713995010156,2.5490166468033753,z vs boundary
compliance_boundary,allpairs_gs_hsd,false rejection of the component compliance gate (first crossing),7931,10000,131,57,-0.007399999999999962,1.8597759775977672e-06,1.9065273118608077,1.7788010803474505,z vs boundary
compliance_boundary,allpairs_gs_hsd,false rejection of the component compliance gate (first crossing),7940,9000,113,51,-0.006888888888888833,2.003830329570228e-06,2.1977842109093078,1.9430342310140276,z vs boundary
compliance_boundary,allpairs_gs_hsd,false rejection of the component compliance gate (first crossing),7947,7000,78,39,-0.0055714285714285605,2.3659210791045726e-06,2.8791449308568473,2.2536225847741274,z vs boundary
compliance_boundary,allpairs_gs_hsd,false rejection of the component compliance gate (first crossing),7968,5000,57,35,-0.0043999999999999595,3.644936987397478e-06,2.93320903882242,2.5490166468033753,z vs boundary
compliance_boundary,allpairs_gs_hsd,false rejection of the component compliance gate (first crossing),7993,7000,87,43,-0.006285714285714339,2.6259786383477483e-06,2.292079693140369,2.2536225847741274,z vs boundary
compliance_boundary,allpairs_gs_hsd,false rejection of the component compliance gate (first crossing),7995,10000,122,49,-0.007299999999999973,1.6928842884288503e-06,2.075153021224917,1.7788010803474505,z vs boundary
compliance_boundary,allpairs_gs_hsd,false rejection of the component compliance gate (first crossing),7999,8000,98,43,-0.0068749999999999645,2.1810284879359897e-06,2.1160179748420753,2.1008439822677807,z vs boundary
compliance_boundary,allpairs_gs_hsd,false rejection of the component compliance gate (first crossing),8008,6000,66,32,-0.005666666666666709,2.6977644422218305e-06,2.6382751357420164,2.402619291904278,z vs boundary
compliance_boundary,allpairs_gs_hsd,false rejection of the component compliance gate (first crossing),8051,7000,85,42,-0.006142857142857117,2.5659963085105278e-06,2.407895918169728,2.2536225847741274,z vs boundary
compliance_boundary,allpairs_gs_hsd,false rejection of the component compliance gate (first crossing),8061,6000,73,42,-0.005166666666666653,3.1621335037321082e-06,2.7180450252236312,2.402619291904278,z vs boundary
compliance_boundary,allpairs_gs_hsd,false rejection of the component compliance gate (first crossing),8127,6000,67,31,-0.006000000000000005,2.6974403141264164e-06,2.4354772064715884,2.402619291904278,z vs boundary
compliance_boundary,allpairs_gs_hsd,false rejection of the component compliance gate (first crossing),8139,9000,112,50,-0.006888888888888944,1.9795834653781936e-06,2.2112029905850834,1.9430342310140276,z vs boundary
compliance_boundary,allpairs_gs_hsd,false rejection of the component compliance gate (first crossing),8147,9000,119,56,-0.007000000000000006,2.137004248757416e-06,2.0521947011457864,1.9430342310140276,z vs boundary
compliance_boundary,allpairs_gs_hsd,false rejection of the component compliance gate (first crossing),8185,8000,101,53,-0.006000000000000005,2.381137485935738e-06,2.5921955173768136,2.1008439822677807,z vs boundary
compliance_boundary,allpairs_gs_hsd,false rejection of the component compliance gate (first crossing),8190,5000,54,31,-0.0046000000000000485,3.3696579315862993e-06,2.941716739563134,2.5490166468033753,z vs boundary
compliance_boundary,allpairs_gs_hsd,false rejection of the component compliance gate (first crossing),8194,7000,78,36,-0.006000000000000005,2.3053439121040476e-06,2.634463160645405,2.2536225847741274,z vs boundary
compliance_boundary,allpairs_gs_hsd,false rejection of the component compliance gate (first crossing),8216,9000,119,57,-0.006888888888888944,2.1491962755806816e-06,2.122156862293412,1.9430342310140276,z vs boundary
compliance_boundary,allpairs_gs_hsd,false rejection of the component compliance gate (first crossing),8231,1000,5,6,0.0010000000000000009,1.09499499499498e-05,3.324195965779543,3.1160181991165388,z vs boundary
compliance_boundary,allpairs_gs_hsd,false rejection of the component compliance gate (first crossing),8255,10000,131,61,-0.007000000000000006,1.8993079307930782e-06,2.1768252374159287,1.7788010803474505,z vs boundary
compliance_boundary,allpairs_gs_hsd,false rejection of the component compliance gate (first crossing),8268,4000,46,34,-0.0030000000000000027,4.95011252813202e-06,3.1462302634746857,2.693962877789667,z vs boundary
compliance_boundary,allpairs_gs_hsd,false rejection of the component compliance gate (first crossing),8273,9000,129,67,-0.006888888888888833,2.3910338460103336e-06,2.0119753704934467,1.9430342310140276,z vs boundary
compliance_boundary,allpairs_gs_hsd,false rejection of the component compliance gate (first crossing),8293,9000,111,52,-0.006555555555555537,1.9919565822814186e-06,2.440502463352047,1.9430342310140276,z vs boundary
compliance_boundary,allpairs_gs_hsd,false rejection of the component compliance gate (first crossing),8313,10000,116,39,-0.00770000000000004,1.5351765176517844e-06,1.856302188359469,1.7788010803474505,z vs boundary
compliance_boundary,allpairs_gs_hsd,false rejection of the component compliance gate (first crossing),8321,4000,44,27,-0.004249999999999976,4.396958614653679e-06,2.7421528287539534,2.693962877789667,z vs boundary
compliance_boundary,allpairs_gs_hsd,false rejection of the component compliance gate (first crossing),8325,4000,47,32,-0.003750000000000031,4.888206426606677e-06,2.826866169869132,2.693962877789667,z vs boundary
compliance_boundary,allpairs_gs_hsd,false rejection of the component compliance gate (first crossing),8333,5000,53,26,-0.005400000000000071,3.1327465493098936e-06,2.5989337056806776,2.5490166468033753,z vs boundary
compliance_boundary,allpairs_gs_hsd,false rejection of the component compliance gate (first crossing),8356,10000,135,62,-0.007299999999999973,1.9481258125812294e-06,1.9344399995644146,1.7788010803474505,z vs boundary
compliance_boundary,allpairs_gs_hsd,false rejection of the component compliance gate (first crossing),8359,10000,126,50,-0.00759999999999994,1.7417981798179743e-06,1.8184958970528007,1.7788010803474505,z vs boundary
compliance_boundary,allpairs_gs_hsd,false rejection of the component compliance gate (first crossing),8363,7000,89,46,-0.006142857142857117,2.72622911144741e-06,2.3360629881352506,2.2536225847741274,z vs boundary
compliance_boundary,allpairs_gs_hsd,false rejection of the component compliance gate (first crossing),8399,2000,15,12,-0.0014999999999999458,6.707228614307078e-06,3.282066459850014,2.9822531463270976,z vs boundary
compliance_boundary,allpairs_gs_hsd,false rejection of the component compliance gate (first crossing),8432,8000,98,44,-0.006750000000000034,2.196485498187243e-06,2.1929018343465874,2.1008439822677807,z vs boundary
compliance_boundary,allpairs_gs_hsd,false rejection of the component compliance gate (first crossing),8445,7000,80,34,-0.006571428571428561,2.3048307192572952e-06,2.2583626617168613,2.2536225847741274,z vs boundary
compliance_boundary,allpairs_gs_hsd,false rejection of the component compliance gate (first crossing),8468,10000,132,58,-0.007399999999999962,1.8793999399940063e-06,1.8965475844672663,1.7788010803474505,z vs boundary
compliance_boundary,allpairs_gs_hsd,false rejection of the component compliance gate (first crossing),8544,10000,135,62,-0.007299999999999973,1.9481258125812294e-06,1.9344399995644146,1.7788010803474505,z vs boundary
compliance_boundary,allpairs_gs_hsd,false rejection of the component compliance gate (first crossing),8546,10000,125,51,-0.007399999999999962,1.741948194819487e-06,1.9699523910697432,1.7788010803474505,z vs boundary
compliance_boundary,allpairs_gs_hsd,false rejection of the component compliance gate (first crossing),8552,5000,60,37,-0.0046000000000000485,3.841016203240604e-06,2.755311407094231,2.5490166468033753,z vs boundary
compliance_boundary,allpairs_gs_hsd,false rejection of the component compliance gate (first crossing),8571,8000,115,66,-0.006125000000000047,2.794136376422042e-06,2.3181840167188446,2.1008439822677807,z vs boundary
compliance_boundary,allpairs_gs_hsd,false rejection of the component compliance gate (first crossing),8593,10000,128,55,-0.007300000000000084,1.8107720772077066e-06,2.0064662993614313,1.7788010803474505,z vs boundary
compliance_boundary,allpairs_gs_hsd,false rejection of the component compliance gate (first crossing),8643,10000,126,53,-0.007299999999999973,1.7714921492148983e-06,2.0285893828462034,1.7788010803474505,z vs boundary
compliance_boundary,allpairs_gs_hsd,false rejection of the component compliance gate (first crossing),8656,3000,32,23,-0.0030000000000000027,6.05561112963591e-06,2.8445858853299497,2.838441342416281,z vs boundary
compliance_boundary,allpairs_gs_hsd,false rejection of the component compliance gate (first crossing),8666,9000,128,65,-0.007000000000000006,2.354707450347711e-06,1.9550270726512662,1.9430342310140276,z vs boundary
compliance_boundary,allpairs_gs_hsd,false rejection of the component compliance gate (first crossing),8668,9000,115,50,-0.007222222222222241,2.0156903579135675e-06,1.9565258490764843,1.9430342310140276,z vs boundary
compliance_boundary,allpairs_gs_hsd,false rejection of the component compliance gate (first crossing),8682,5000,60,37,-0.0046000000000000485,3.841016203240604e-06,2.755311407094231,2.5490166468033753,z vs boundary
compliance_boundary,allpairs_gs_hsd,false rejection of the component compliance gate (first crossing),8685,4000,41,25,-0.0040000000000000036,4.089991247811945e-06,2.9668122329462694,2.693962877789667,z vs boundary
compliance_boundary,allpairs_gs_hsd,false rejection of the component compliance gate (first crossing),8686,10000,129,54,-0.007500000000000062,1.8106240624062545e-06,1.857915101793188,1.7788010803474505,z vs boundary
compliance_boundary,allpairs_gs_hsd,false rejection of the component compliance gate (first crossing),8732,6000,75,42,-0.005499999999999949,3.216327721286885e-06,2.50918317532029,2.402619291904278,z vs boundary
compliance_boundary,allpairs_gs_hsd,false rejection of the component compliance gate (first crossing),8784,6000,67,31,-0.006000000000000005,2.6974403141264164e-06,2.4354772064715884,2.402619291904278,z vs boundary
compliance_boundary,allpairs_gs_hsd,false rejection of the component compliance gate (first crossing),8829,3000,31,26,-0.0016666666666665941,6.274795302137727e-06,3.3267408617700864,2.838441342416281,z vs boundary
compliance_boundary,allpairs_gs_hsd,false rejection of the component compliance gate (first crossing),8840,8000,98,45,-0.006624999999999992,2.211938601700197e-06,2.269275598920133,2.1008439822677807,z vs boundary
compliance_boundary,allpairs_gs_hsd,false rejection of the component compliance gate (first crossing),8867,9000,110,46,-0.007111111111111179,1.906637088620289e-06,2.092169276136311,1.9430342310140276,z vs boundary
compliance_boundary,allpairs_gs_hsd,false rejection of the component compliance gate (first crossing),8881,3000,28,22,-0.0020000000000000018,5.510429402393322e-06,3.407981790812183,2.838441342416281,z vs boundary
compliance_boundary,allpairs_gs_hsd,false rejection of the component compliance gate (first crossing),8903,7000,84,39,-0.00642857142857145,2.485553329775973e-06,2.2653245196893734,2.2536225847741274,z vs boundary
compliance_boundary,allpairs_gs_hsd,false rejection of the component compliance gate (first crossing),8923,10000,144,70,-0.007399999999999962,2.1145754575457597e-06,1.7879762854623522,1.7788010803474505,z vs boundary
compliance_boundary,allpairs_gs_hsd,false rejection of the component compliance gate (first crossing),8925,10000,128,58,-0.007000000000000006,1.840436043604379e-06,2.2113673326870606,1.7788010803474505,z vs boundary
compliance_boundary,allpairs_gs_hsd,false rejection of the component compliance gate (first crossing),8964,8000,102,48,-0.006750000000000034,2.3192195899487463e-06,2.134088500392507,2.1008439822677807,z vs boundary
compliance_boundary,allpairs_gs_hsd,false rejection of the component compliance gate (first crossing),9011,6000,66,35,-0.005166666666666653,2.78018095608529e-06,2.8987463543030865,2.402619291904278,z vs boundary
compliance_boundary,allpairs_gs_hsd,false rejection of the component compliance gate (first crossing),9013,10000,115,50,-0.00649999999999995,1.6344384438443821e-06,2.737686787057167,1.7788010803474505,z vs boundary
compliance_boundary,allpairs_gs_hsd,false rejection of the component compliance gate (first crossing),9029,10000,127,51,-0.007600000000000051,1.7614461446144837e-06,1.808325293910772,1.7788010803474505,z vs boundary
compliance_boundary,allpairs_gs_hsd,false rejection of the component compliance gate (first crossing),9051,10000,133,58,-0.007499999999999951,1.8891359135913666e-06,1.8188982559195066,1.7788010803474505,z vs boundary
compliance_boundary,allpairs_gs_hsd,false rejection of the component compliance gate (first crossing),9061,10000,129,58,-0.007099999999999995,1.8501800180018358e-06,2.132018676394802,1.7788010803474505,z vs boundary
compliance_boundary,allpairs_gs_hsd,false rejection of the component compliance gate (first crossing),9082,9000,112,53,-0.006555555555555537,2.0162007026843997e-06,2.425784984775949,1.9430342310140276,z vs boundary
compliance_boundary,allpairs_gs_hsd,false rejection of the component compliance gate (first crossing),9087,10000,123,49,-0.007399999999999962,1.7026402640263965e-06,1.992562250606806,1.7788010803474505,z vs boundary
compliance_boundary,allpairs_gs_hsd,false rejection of the component compliance gate (first crossing),9090,7000,85,41,-0.006285714285714228,2.5458272464579384e-06,2.3278813603256534,2.2536225847741274,z vs boundary
compliance_boundary,allpairs_gs_hsd,false rejection of the component compliance gate (first crossing),9173,9000,116,58,-0.006444444444444364,2.1253115915485885e-06,2.438912184795006,1.9430342310140276,z vs boundary
compliance_boundary,allpairs_gs_hsd,false rejection of the component compliance gate (first crossing),9183,10000,135,62,-0.007299999999999973,1.9481258125812294e-06,1.9344399995644146,1.7788010803474505,z vs boundary
compliance_boundary,allpairs_gs_hsd,false rejection of the component compliance gate (first crossing),9200,4000,36,21,-0.003750000000000031,3.5362434358589497e-06,3.3236014532291414,2.693962877789667,z vs boundary
compliance_boundary,allpairs_gs_hsd,false rejection of the component compliance gate (first crossing),9219,10000,133,59,-0.007399999999999962,1.899019901990179e-06,1.8867249381514872,1.7788010803474505,z vs boundary
compliance_boundary,allpairs_gs_hsd,false rejection of the component compliance gate (first crossing),9247,7000,88,44,-0.006285714285714228,2.666036839081978e-06,2.274794842192613,2.2536225847741274,z vs boundary
compliance_boundary,allpairs_gs_hsd,false rejection of the component compliance gate (first crossing),9249,4000,48,32,-0.0040000000000000036,4.94923730932734e-06,2.6970072338430535,2.693962877789667,z vs boundary
compliance_boundary,allpairs_gs_hsd,false rejection of the component compliance gate (first crossing),9273,10000,126,51,-0.007499999999999951,1.751698169816979e-06,1.8889061063193033,1.7788010803474505,z vs boundary
compliance_boundary,allpairs_gs_hsd,false rejection of the component compliance gate (first crossing),9314,8000,101,48,-0.006624999999999992,2.303989170521306e-06,2.2234817053215328,2.1008439822677807,z vs boundary
compliance_boundary,allpairs_gs_hsd,false rejection of the component compliance gate (first crossing),9321,4000,46,30,-0.0040000000000000036,4.704051012753166e-06,2.7664016757154104,2.693962877789667,z vs boundary
compliance_boundary,allpairs_gs_hsd,false rejection of the component compliance gate (first crossing),9335,7000,87,43,-0.006285714285714339,2.6259786383477483e-06,2.292079693140369,2.2536225847741274,z vs boundary
compliance_boundary,allpairs_gs_hsd,false rejection of the component compliance gate (first crossing),9391,8000,99,48,-0.0063750000000000195,2.273516611451425e-06,2.4041355202526504,2.1008439822677807,z vs boundary
compliance_boundary,allpairs_gs_hsd,false rejection of the component compliance gate (first crossing),9413,10000,132,57,-0.007499999999999951,1.8695139513951332e-06,1.828418696176534,1.7788010803474505,z vs boundary
compliance_boundary,allpairs_gs_hsd,false rejection of the component compliance gate (first crossing),9415,10000,133,67,-0.006599999999999939,1.9780198019801947e-06,2.4174839506224006,1.7788010803474505,z vs boundary
compliance_boundary,allpairs_gs_hsd,false rejection of the component compliance gate (first crossing),9498,9000,110,44,-0.007333333333333303,1.882189927824673e-06,1.9437347979735564,1.9430342310140276,z vs boundary
compliance_boundary,allpairs_gs_hsd,false rejection of the component compliance gate (first crossing),9502,8000,99,44,-0.0068750000000000755,2.2117276378297125e-06,2.1012813174608955,2.1008439822677807,z vs boundary
compliance_boundary,allpairs_gs_hsd,false rejection of the component compliance gate (first crossing),9514,10000,118,48,-0.007000000000000006,1.64393639363939e-06,2.3398000704143485,1.7788010803474505,z vs boundary
compliance_boundary,allpairs_gs_hsd,false rejection of the component compliance gate (first crossing),9554,10000,132,58,-0.007399999999999962,1.8793999399940063e-06,1.8965475844672663,1.7788010803474505,z vs boundary
compliance_boundary,allpairs_gs_hsd,false rejection of the component compliance gate (first crossing),9570,10000,126,53,-0.007299999999999973,1.7714921492148983e-06,2.0285893828462034,1.7788010803474505,z vs boundary
compliance_boundary,allpairs_gs_hsd,false rejection of the component compliance gate (first crossing),9650,8000,98,45,-0.006624999999999992,2.211938601700197e-06,2.269275598920133,2.1008439822677807,z vs boundary
compliance_boundary,allpairs_gs_hsd,false rejection of the component compliance gate (first crossing),9669,10000,128,57,-0.007099999999999995,1.8305500550055062e-06,2.1434195791871393,1.7788010803474505,z vs boundary
compliance_boundary,allpairs_gs_hsd,false rejection of the component compliance gate (first crossing),9711,1000,7,11,0.0040000000000000036,1.784784784784789e-05,3.3138672587532993,3.1160181991165388,z vs boundary
compliance_boundary,allpairs_gs_hsd,false rejection of the component compliance gate (first crossing),9712,1000,5,5,0.0,9.959959959959777e-06,3.168627621703963,3.1160181991165388,z vs boundary
compliance_boundary,allpairs_gs_hsd,false rejection of the component compliance gate (first crossing),9729,5000,53,26,-0.005400000000000071,3.1327465493098936e-06,2.5989337056806776,2.5490166468033753,z vs boundary
compliance_boundary,allpairs_gs_hsd,false rejection of the component compliance gate (first crossing),9743,9000,114,49,-0.007222222222222241,1.9914462375106313e-06,1.9683993186847177,1.9430342310140276,z vs boundary
compliance_boundary,allpairs_gs_hsd,false rejection of the component compliance gate (first crossing),9745,6000,66,36,-0.0050000000000000044,2.807634605767628e-06,2.9840061300969936,2.402619291904278,z vs boundary
compliance_boundary,allpairs_gs_hsd,false rejection of the component compliance gate (first crossing),9763,10000,140,68,-0.007199999999999984,2.055981598159839e-06,1.9527579731963502,1.7788010803474505,z vs boundary
compliance_boundary,allpairs_gs_hsd,false rejection of the component compliance gate (first crossing),9780,10000,126,59,-0.006699999999999928,1.8308260826082428e-06,2.438879787357564,1.7788010803474505,z vs boundary
compliance_boundary,allpairs_gs_hsd,false rejection of the component compliance gate (first crossing),9809,9000,110,49,-0.0067777777777777715,1.943287251395587e-06,2.311463221816781,1.9430342310140276,z vs boundary
compliance_boundary,allpairs_gs_hsd,false rejection of the component compliance gate (first crossing),9817,7000,84,40,-0.006285714285714339,2.5057340553023585e-06,2.346431175546413,2.2536225847741274,z vs boundary
compliance_boundary,allpairs_gs_hsd,false rejection of the component compliance gate (first crossing),9822,7000,88,44,-0.006285714285714228,2.666036839081978e-06,2.274794842192613,2.2536225847741274,z vs boundary
compliance_boundary,allpairs_gs_hsd,false rejection of the component compliance gate (first crossing),9826,10000,124,49,-0.007499999999999951,1.7123942394239369e-06,1.9104607937825095,1.7788010803474505,z vs boundary
compliance_boundary,allpairs_gs_hsd,false rejection of the component compliance gate (first crossing),9857,6000,70,35,-0.005833333333333357,2.8887916504602957e-06,2.4514929475340366,2.402619291904278,z vs boundary
compliance_boundary,allpairs_gs_hsd,false rejection of the component compliance gate (first crossing),9872,2000,14,12,-0.0010000000000000009,6.460730365182573e-06,3.5408024838961563,2.9822531463270976,z vs boundary
compliance_boundary,allpairs_gs_hsd,false rejection of the component compliance gate (first crossing),9913,5000,52,25,-0.00539999999999996,3.0539787957591246e-06,2.632235990956305,2.5490166468033753,z vs boundary
compliance_boundary,allpairs_gs_hsd,false rejection of the component compliance gate (first crossing),9946,9000,107,49,-0.006444444444444364,1.9071392020238258e-06,2.5746385770565228,1.9430342310140276,z vs boundary
compliance_boundary,allpairs_gs_hsd,false rejection of the component compliance gate (first crossing),9947,7000,80,43,-0.005285714285714338,2.486509734626816e-06,2.9896532337210933,2.2536225847741274,z vs boundary
compliance_boundary,allpairs_gs_hsd,false rejection of the component compliance gate (first crossing),9962,1000,5,12,0.007000000000000006,1.6847847847847752e-05,4.141681570492704,3.1160181991165388,z vs boundary
compliance_boundary,allpairs_gs_obf,false rejection of the component compliance gate (first crossing),9,7000,78,36,-0.006000000000000005,2.3053439121040476e-06,2.634463160645405,2.1598142720958515,z vs boundary
compliance_boundary,allpairs_gs_obf,false rejection of the component compliance gate (first crossing),17,6000,75,42,-0.005499999999999949,3.216327721286885e-06,2.50918317532029,2.341741367771298,z vs boundary
compliance_boundary,allpairs_gs_obf,false rejection of the component compliance gate (first crossing),47,10000,131,60,-0.007099999999999995,1.8894279427942772e-06,2.1097589162308,1.794944269526594,z vs boundary
compliance_boundary,allpairs_gs_obf,false rejection of the component compliance gate (first crossing),58,7000,94,51,-0.006142857142857117,2.926257686958201e-06,2.2548073424644945,2.1598142720958515,z vs boundary
compliance_boundary,allpairs_gs_obf,false rejection of the component compliance gate (first crossing),73,8000,99,45,-0.006750000000000034,2.227180741342666e-06,2.1777380018886663,2.0146286151040447,z vs boundary
compliance_boundary,allpairs_gs_obf,false rejection of the component compliance gate (first crossing),95,8000,103,48,-0.0068749999999999645,2.3344461026378147e-06,2.0453050749440354,2.0146286151040447,z vs boundary
compliance_boundary,allpairs_gs_obf,false rejection of the component compliance gate (first crossing),114,10000,126,54,-0.007199999999999984,1.7813861386138491e-06,2.0978720506626747,1.794944269526594,z vs boundary
compliance_boundary,allpairs_gs_obf,false rejection of the component compliance gate (first crossing),126,9000,111,49,-0.006888888888888833,1.955331113607962e-06,2.2248737212287417,1.8952910023547518,z vs boundary
compliance_boundary,allpairs_gs_obf,false rejection of the component compliance gate (first crossing),132,8000,97,43,-0.006750000000000034,2.1657824415552197e-06,2.208390889031536,2.0146286151040447,z vs boundary
compliance_boundary,allpairs_gs_obf,false rejection of the component compliance gate (first crossing),168,6000,71,35,-0.006000000000000005,2.91592117204722e-06,2.3424595583790757,2.341741367771298,z vs boundary
compliance_boundary,allpairs_gs_obf,false rejection of the component compliance gate (first crossing),173,7000,83,40,-0.006142857142857228,2.4858099261993867e-06,2.446424206061807,2.1598142720958515,z vs boundary
compliance_boundary,allpairs_gs_obf,false rejection of the component compliance gate (first crossing),179,7000,82,42,-0.005714285714285672,2.5062239212015567e-06,2.70715597836374,2.1598142720958515,z vs boundary
compliance_boundary,allpairs_gs_obf,false rejection of the component compliance gate (first crossing),241,10000,127,52,-0.007500000000000062,1.7713441344134644e-06,1.8784019780335188,1.794944269526594,z vs boundary
compliance_boundary,allpairs_gs_obf,false rejection of the component compliance gate (first crossing),249,10000,127,52,-0.007500000000000062,1.7713441344134644e-06,1.8784019780335188,1.794944269526594,z vs boundary
compliance_boundary,allpairs_gs_obf,false rejection of the component compliance gate (first crossing),254,6000,69,34,-0.005833333333333246,2.834189957585551e-06,2.474994743271913,2.341741367771298,z vs boundary
compliance_boundary,allpairs_gs_obf,false rejection of the component compliance gate (first crossing),264,8000,91,34,-0.007125000000000048,1.9349352262782884e-06,2.0668294133639655,2.0146286151040447,z vs boundary
compliance_boundary,allpairs_gs_obf,false rejection of the component compliance gate (first crossing),269,8000,104,55,-0.006125000000000047,2.45764900300036e-06,2.47179117830896,2.0146286151040447,z vs boundary
compliance_boundary,allpairs_gs_obf,false rejection of the component compliance gate (first crossing),287,9000,106,44,-0.006888888888888833,1.8339870410841428e-06,2.297298296744332,1.8952910023547518,z vs boundary
compliance_boundary,allpairs_gs_obf,false rejection of the component compliance gate (first crossing),294,8000,98,43,-0.0068749999999999645,2.1810284879359897e-06,2.1160179748420753,2.0146286151040447,z vs boundary
compliance_boundary,allpairs_gs_obf,false rejection of the component compliance gate (first crossing),308,6000,71,37,-0.005666666666666709,2.9708192106091933e-06,2.5141083230288315,2.341741367771298,z vs boundary
compliance_boundary,allpairs_gs_obf,false rejection of the component compliance gate (first crossing),309,9000,114,50,-0.007111111111111179,2.0036574708575413e-06,2.0408876540297642,1.8952910023547518,z vs boundary
compliance_boundary,allpairs_gs_obf,false rejection of the component compliance gate (first crossing),317,3000,24,17,-0.0023333333333332984,4.525026860805495e-06,3.6040930957768227,3.396230702295522,z vs boundary
compliance_boundary,allpairs_gs_obf,false rejection of the component compliance gate (first crossing),319,6000,71,37,-0.005666666666666709,2.9708192106091933e-06,2.5141083230288315,2.341741367771298,z vs boundary
compliance_boundary,allpairs_gs_obf,false rejection of the component compliance gate (first crossing),374,6000,65,30,-0.005833333333333357,2.615597970032034e-06,2.5763405107022606,2.341741367771298,z vs boundary
compliance_boundary,allpairs_gs_obf,false rejection of the component compliance gate (first crossing),429,5000,56,33,-0.0045999999999999375,3.5269053810762414e-06,2.8753906452759437,2.5789649844578957,z vs boundary
compliance_boundary,allpairs_gs_obf,false rejection of the component compliance gate (first crossing),433,4000,35,26,-0.0022500000000000853,3.783742810702678e-06,3.9841978622640246,2.906130928702722,z vs boundary
compliance_boundary,allpairs_gs_obf,false rejection of the component compliance gate (first crossing),450,10000,132,59,-0.007299999999999973,1.8892839283928187e-06,1.9643331646273314,1.794944269526594,z vs boundary
compliance_boundary,allpairs_gs_obf,false rejection of the component compliance gate (first crossing),481,9000,121,58,-0.007000000000000006,2.185421151046975e-06,2.0293347103427424,1.8952910023547518,z vs boundary
compliance_boundary,allpairs_gs_obf,false rejection of the component compliance gate (first crossing),497,8000,100,51,-0.006124999999999936,2.3350555538192226e-06,2.535847299151215,2.0146286151040447,z vs boundary
compliance_boundary,allpairs_gs_obf,false rejection of the component compliance gate (first crossing),519,6000,73,38,-0.005833333333333357,3.0524855994517387e-06,2.3848548213984433,2.341741367771298,z vs boundary
compliance_boundary,allpairs_gs_obf,false rejection of the component compliance gate (first crossing),589,9000,111,48,-0.007000000000000006,1.943117136471931e-06,2.1521461663941546,1.8952910023547518,z vs boundary
compliance_boundary,allpairs_gs_obf,false rejection of the component compliance gate (first crossing),590,9000,115,55,-0.00666666666666671,2.076705367811775e-06,2.3130834568703866,1.8952910023547518,z vs boundary
compliance_boundary,allpairs_gs_obf,false rejection of the component compliance gate (first crossing),636,8000,96,43,-0.006624999999999992,2.150532488436064e-06,2.301445914906779,2.0146286151040447,z vs boundary
compliance_boundary,allpairs_gs_obf,false rejection of the component compliance gate (first crossing),656,9000,113,47,-0.007333333333333303,1.9549799086043693e-06,1.907205906407174,1.8952910023547518,z vs boundary
compliance_boundary,allpairs_gs_obf,false rejection of the component compliance gate (first crossing),665,6000,71,36,-0.005833333333333357,2.943374821729558e-06,2.428655822545434,2.341741367771298,z vs boundary
compliance_boundary,allpairs_gs_obf,false rejection of the component compliance gate (first crossing),713,10000,123,49,-0.007399999999999962,1.7026402640263965e-06,1.992562250606806,1.794944269526594,z vs boundary
compliance_boundary,allpairs_gs_obf,false rejection of the component compliance gate (first crossing),720,9000,117,56,-0.0067777777777777715,2.1129576811689852e-06,2.2167161683899215,1.8952910023547518,z vs boundary
compliance_boundary,allpairs_gs_obf,false rejection of the component compliance gate (first crossing),729,8000,101,47,-0.006750000000000034,2.288547787223396e-06,2.14834174931964,2.0146286151040447,z vs boundary
compliance_boundary,allpairs_gs_obf,false rejection of the component compliance gate (first crossing),735,5000,58,33,-0.0050000000000000044,3.6050970194039283e-06,2.6333678307890667,2.5789649844578957,z vs boundary
compliance_boundary,allpairs_gs_obf,false rejection of the component compliance gate (first crossing),790,8000,100,45,-0.0068749999999999645,2.242418974246764e-06,2.086851961582954,2.0146286151040447,z vs boundary
compliance_boundary,allpairs_gs_obf,false rejection of the component compliance gate (first crossing),791,6000,68,35,-0.005499999999999949,2.8345048248782117e-06,2.672845855556466,2.341741367771298,z vs boundary
compliance_boundary,allpairs_gs_obf,false rejection of the component compliance gate (first crossing),812,10000,126,50,-0.00759999999999994,1.7417981798179743e-06,1.8184958970528007,1.794944269526594,z vs boundary
compliance_boundary,allpairs_gs_obf,false rejection of the component compliance gate (first crossing),817,9000,113,47,-0.007333333333333303,1.9549799086043693e-06,1.907205906407174,1.8952910023547518,z vs boundary
compliance_boundary,allpairs_gs_obf,false rejection of the component compliance gate (first crossing),821,9000,106,48,-0.006444444444444475,1.882870387519026e-06,2.5911780511264513,1.8952910023547518,z vs boundary
compliance_boundary,allpairs_gs_obf,false rejection of the component compliance gate (first crossing),868,9000,118,54,-0.007111111111111068,2.1005900518438895e-06,1.9932427189086313,1.8952910023547518,z vs boundary
compliance_boundary,allpairs_gs_obf,false rejection of the component compliance gate (first crossing),876,4000,39,26,-0.003250000000000086,4.029179169792446e-06,3.3627569798908366,2.906130928702722,z vs boundary
compliance_boundary,allpairs_gs_obf,false rejection of the component compliance gate (first crossing),877,8000,97,43,-0.006750000000000034,2.1657824415552197e-06,2.208390889031536,2.0146286151040447,z vs boundary
compliance_boundary,allpairs_gs_obf,false rejection of the component compliance gate (first crossing),895,8000,102,47,-0.0068750000000000755,2.303778206650836e-06,2.0588736189172185,2.0146286151040447,z vs boundary
compliance_boundary,allpairs_gs_obf,false rejection of the component compliance gate (first crossing),911,7000,89,44,-0.006428571428571339,2.685931809500488e-06,2.179186889187458,2.1598142720958515,z vs boundary
compliance_boundary,allpairs_gs_obf,false rejection of the component compliance gate (first crossing),942,5000,50,23,-0.00539999999999996,2.896347269453916e-06,2.7029157914842696,2.5789649844578957,z vs boundary
compliance_boundary,allpairs_gs_obf,false rejection of the component compliance gate (first crossing),947,8000,99,47,-0.006500000000000061,2.2580752281535154e-06,2.329157415136014,2.0146286151040447,z vs boundary
compliance_boundary,allpairs_gs_obf,false rejection of the component compliance gate (first crossing),962,5000,51,24,-0.00539999999999996,2.975179035807193e-06,2.666866519057309,2.5789649844578957,z vs boundary
compliance_boundary,allpairs_gs_obf,false rejection of the component compliance gate (first crossing),977,8000,102,50,-0.006500000000000061,2.350090636329551e-06,2.2831042279865885,2.0146286151040447,z vs boundary
compliance_boundary,allpairs_gs_obf,false rejection of the component compliance gate (first crossing),1010,10000,134,62,-0.007199999999999984,1.9383938393839356e-06,2.0111155357339436,1.794944269526594,z vs boundary
compliance_boundary,allpairs_gs_obf,false rejection of the component compliance gate (first crossing),1013,6000,69,38,-0.005166666666666653,2.9439860347094723e-06,2.8169482895350453,2.341741367771298,z vs boundary
compliance_boundary,allpairs_gs_obf,false rejection of the component compliance gate (first crossing),1015,9000,118,59,-0.006555555555555537,2.1615501859603073e-06,2.3428070528433036,1.8952910023547518,z vs boundary
compliance_boundary,allpairs_gs_obf,false rejection of the component compliance gate (first crossing),1043,10000,135,60,-0.007499999999999951,1.9283678367836523e-06,1.8003007774426865,1.794944269526594,z vs boundary
compliance_boundary,allpairs_gs_obf,false rejection of the component compliance gate (first crossing),1053,7000,78,34,-0.006285714285714228,2.2649299754192242e-06,2.4680157006252146,2.1598142720958515,z vs boundary
compliance_boundary,allpairs_gs_obf,false rejection of the component compliance gate (first crossing),1072,9000,116,56,-0.006666666666666599,2.1009302816911112e-06,2.299709211975546,1.8952910023547518,z vs boundary
compliance_boundary,allpairs_gs_obf,false rejection of the component compliance gate (first crossing),1075,8000,100,50,-0.006249999999999978,2.3196258907363277e-06,2.462194143442005,2.0146286151040447,z vs boundary
compliance_boundary,allpairs_gs_obf,false rejection of the component compliance gate (first crossing),1095,6000,74,40,-0.005666666666666598,3.1344298123761577e-06,2.4476134041483055,2.341741367771298,z vs boundary
compliance_boundary,allpairs_gs_obf,false rejection of the component compliance gate (first crossing),1157,7000,85,39,-0.006571428571428561,2.5054716271420564e-06,2.1660498990460195,2.1598142720958515,z vs boundary
compliance_boundary,allpairs_gs_obf,false rejection of the component compliance gate (first crossing),1160,10000,140,67,-0.007299999999999973,2.046115611561171e-06,1.8875509345596078,1.794944269526594,z vs boundary
compliance_boundary,allpairs_gs_obf,false rejection of the component compliance gate (first crossing),1168,5000,50,23,-0.00539999999999996,2.896347269453916e-06,2.7029157914842696,2.5789649844578957,z vs boundary
compliance_boundary,allpairs_gs_obf,false rejection of the component compliance gate (first crossing),1180,10000,124,48,-0.00759999999999994,1.702490249024902e-06,1.8393692640251613,1.794944269526594,z vs boundary
compliance_boundary,allpairs_gs_obf,false rejection of the component compliance gate (first crossing),1207,5000,57,34,-0.0045999999999999375,3.6054810962192677e-06,2.8438857715232535,2.5789649844578957,z vs boundary
compliance_boundary,allpairs_gs_obf,false rejection of the component compliance gate (first crossing),1231,7000,83,37,-0.006571428571428561,2.425250254409565e-06,2.201582286340999,2.1598142720958515,z vs boundary
compliance_boundary,allpairs_gs_obf,false rejection of the component compliance gate (first crossing),1304,6000,67,31,-0.006000000000000005,2.6974403141264164e-06,2.4354772064715884,2.341741367771298,z vs boundary
compliance_boundary,allpairs_gs_obf,false rejection of the component compliance gate (first crossing),1315,8000,112,60,-0.006500000000000061,2.6563007875984494e-06,2.14748143890838,2.0146286151040447,z vs boundary
compliance_boundary,allpairs_gs_obf,false rejection of the component compliance gate (first crossing),1322,7000,86,41,-0.006428571428571339,2.565739712087133e-06,2.229644741195278,2.1598142720958515,z vs boundary
compliance_boundary,allpairs_gs_obf,false rejection of the component compliance gate (first crossing),1356,7000,83,41,-0.006000000000000005,2.5059848199888833e-06,2.526799448103933,2.1598142720958515,z vs boundary
compliance_boundary,allpairs_gs_obf,false rejection of the component compliance gate (first crossing),1377,6000,68,36,-0.005333333333333301,2.8619584745605493e-06,2.7585135203281035,2.341741367771298,z vs boundary
compliance_boundary,allpairs_gs_obf,false rejection of the component compliance gate (first crossing),1382,8000,107,53,-0.006750000000000034,2.472461401425189e-06,2.0668958858103914,2.0146286151040447,z vs boundary
compliance_boundary,allpairs_gs_obf,false rejection of the component compliance gate (first crossing),1404,8000,99,43,-0.007000000000000006,2.1962706275784586e-06,2.024316094371389,2.0146286151040447,z vs boundary
compliance_boundary,allpairs_gs_obf,false rejection of the component compliance gate (first crossing),1451,6000,75,41,-0.005666666666666598,3.188929636420891e-06,2.42660802356154,2.341741367771298,z vs boundary
compliance_boundary,allpairs_gs_obf,false rejection of the component compliance gate (first crossing),1453,7000,82,40,-0.006000000000000005,2.4658799653594707e-06,2.5472643955509353,2.1598142720958515,z vs boundary
compliance_boundary,allpairs_gs_obf,false rejection of the component compliance gate (first crossing),1490,7000,90,49,-0.005857142857142894,2.8065204650227125e-06,2.4729529360446882,2.1598142720958515,z vs boundary
compliance_boundary,allpairs_gs_obf,false rejection of the component compliance gate (first crossing),1509,6000,74,41,-0.005499999999999949,3.1618371580448545e-06,2.5307122323400604,2.341741367771298,z vs boundary
compliance_boundary,allpairs_gs_obf,false rejection of the component compliance gate (first crossing),1544,7000,84,40,-0.006285714285714339,2.5057340553023585e-06,2.346431175546413,2.1598142720958515,z vs boundary
compliance_boundary,allpairs_gs_obf,false rejection of the component compliance gate (first crossing),1571,9000,109,50,-0.006555555555555537,1.9434518787409783e-06,2.4707698239548104,1.8952910023547518,z vs boundary
compliance_boundary,allpairs_gs_obf,false rejection of the component compliance gate (first crossing),1582,10000,141,68,-0.007299999999999973,2.0657015701570255e-06,1.8785812110255637,1.794944269526594,z vs boundary
compliance_boundary,allpairs_gs_obf,false rejection of the component compliance gate (first crossing),1584,6000,74,40,-0.005666666666666598,3.1344298123761577e-06,2.4476134041483055,2.341741367771298,z vs boundary
compliance_boundary,allpairs_gs_obf,false rejection of the component compliance gate (first crossing),1606,4000,43,29,-0.0035000000000000586,4.459083520880241e-06,3.0781554839341885,2.906130928702722,z vs boundary
compliance_boundary,allpairs_gs_obf,false rejection of the component compliance gate (first crossing),1611,9000,113,53,-0.006666666666666599,2.0282390773186005e-06,2.3405567322204948,1.8952910023547518,z vs boundary
compliance_boundary,allpairs_gs_obf,false rejection of the component compliance gate (first crossing),1682,7000,78,36,-0.006000000000000005,2.3053439121040476e-06,2.634463160645405,2.1598142720958515,z vs boundary
compliance_boundary,allpairs_gs_obf,false rejection of the component compliance gate (first crossing),1684,6000,70,40,-0.0050000000000000044,3.0259672908448294e-06,2.874338352393401,2.341741367771298,z vs boundary
compliance_boundary,allpairs_gs_obf,false rejection of the component compliance gate (first crossing),1687,6000,71,35,-0.006000000000000005,2.91592117204722e-06,2.3424595583790757,2.341741367771298,z vs boundary
compliance_boundary,allpairs_gs_obf,false rejection of the component compliance gate (first crossing),1691,9000,119,60,-0.006555555555555537,2.1857558933159995e-06,2.329798468170106,1.8952910023547518,z vs boundary
compliance_boundary,allpairs_gs_obf,false rejection of the component compliance gate (first crossing),1704,10000,129,55,-0.007400000000000073,1.8205160516051632e-06,1.9269750507673018,1.794944269526594,z vs boundary
compliance_boundary,allpairs_gs_obf,false rejection of the component compliance gate (first crossing),1719,4000,42,26,-0.0040000000000000036,4.212928232057978e-06,2.9232046437982633,2.906130928702722,z vs boundary
compliance_boundary,allpairs_gs_obf,false rejection of the component compliance gate (first crossing),1737,9000,118,54,-0.007111111111111068,2.1005900518438895e-06,1.9932427189086313,1.8952910023547518,z vs boundary
compliance_boundary,allpairs_gs_obf,false rejection of the component compliance gate (first crossing),1764,9000,121,63,-0.006444444444444475,2.2463264093815803e-06,2.372307803217288,1.8952910023547518,z vs boundary
compliance_boundary,allpairs_gs_obf,false rejection of the component compliance gate (first crossing),1776,9000,113,50,-0.007000000000000006,1.9916218400123944e-06,2.1257775424362544,1.8952910023547518,z vs boundary
compliance_boundary,allpairs_gs_obf,false rejection of the component compliance gate (first crossing),1777,8000,88,32,-0.007000000000000006,1.8581072634079332e-06,2.2008267913594337,2.0146286151040447,z vs boundary
compliance_boundary,allpairs_gs_obf,false rejection of the component compliance gate (first crossing),1810,9000,127,68,-0.006555555555555537,2.379203999346965e-06,2.233075176211432,1.8952910023547518,z vs boundary
compliance_boundary,allpairs_gs_obf,false rejection of the component compliance gate (first crossing),1813,6000,77,44,-0.00550000000000006,3.3252532829545764e-06,2.467744248162037,2.341741367771298,z vs boundary
compliance_boundary,allpairs_gs_obf,false rejection of the component compliance gate (first crossing),1830,4000,41,25,-0.0040000000000000036,4.089991247811945e-06,2.9668122329462694,2.906130928702722,z vs boundary
compliance_boundary,allpairs_gs_obf,false rejection of the component compliance gate (first crossing),1836,8000,104,54,-0.006249999999999978,2.442234966870866e-06,2.3995927727533686,2.0146286151040447,z vs boundary
compliance_boundary,allpairs_gs_obf,false rejection of the component compliance gate (first crossing),1839,6000,73,38,-0.005833333333333357,3.0524855994517387e-06,2.3848548213984433,2.341741367771298,z vs boundary
compliance_boundary,allpairs_gs_obf,false rejection of the component compliance gate (first crossing),1859,10000,126,52,-0.007399999999999962,1.7615961596159598e-06,1.958935653000918,1.794944269526594,z vs boundary
compliance_boundary,allpairs_gs_obf,false rejection of the component compliance gate (first crossing),1860,6000,69,37,-0.005333333333333301,2.9165509066325906e-06,2.7325744315784304,2.341741367771298,z vs boundary
compliance_boundary,allpairs_gs_obf,false rejection of the component compliance gate (first crossing),1862,8000,99,49,-0.006249999999999978,2.2889540880110207e-06,2.4786358501848604,2.0146286151040447,z vs boundary
compliance_boundary,allpairs_gs_obf,false rejection of the component compliance gate (first crossing),1920,6000,66,29,-0.006166666666666654,2.6152645811339175e-06,2.3703843414206225,2.341741367771298,z vs boundary
compliance_boundary,allpairs_gs_obf,false rejection of the component compliance gate (first crossing),1944,8000,108,56,-0.00649999999999995,2.5339104888110814e-06,2.198732570187232,2.0146286151040447,z vs boundary
compliance_boundary,allpairs_gs_obf,false rejection of the component compliance gate (first crossing),1954,7000,86,44,-0.005999999999999894,2.6262294030342544e-06,2.4682756659881666,2.1598142720958515,z vs boundary
compliance_boundary,allpairs_gs_obf,false rejection of the component compliance gate (first crossing),1961,7000,80,36,-0.006285714285714339,2.3452446559421186e-06,2.4253880332306905,2.1598142720958515,z vs boundary
compliance_boundary,allpairs_gs_obf,false rejection of the component compliance gate (first crossing),1969,7000,89,45,-0.006285714285714228,2.706083376342375e-06,2.257900091972955,2.1598142720958515,z vs boundary
compliance_boundary,allpairs_gs_obf,false rejection of the component compliance gate (first crossing),1977,6000,70,35,-0.005833333333333357,2.8887916504602957e-06,2.4514929475340366,2.341741367771298,z vs boundary
compliance_boundary,allpairs_gs_obf,false rejection of the component compliance gate (first crossing),1987,8000,106,52,-0.006750000000000034,2.441828666083256e-06,2.07982008085426,2.0146286151040447,z vs boundary
compliance_boundary,allpairs_gs_obf,false rejection of the component compliance gate (first crossing),2002,8000,101,47,-0.006750000000000034,2.288547787223396e-06,2.14834174931964,2.0146286151040447,z vs boundary
compliance_boundary,allpairs_gs_obf,false rejection of the component compliance gate (first crossing),2003,10000,143,70,-0.007299999999999973,2.104861486148609e-06,1.8610241261936793,1.794944269526594,z vs boundary
compliance_boundary,allpairs_gs_obf,false rejection of the component compliance gate (first crossing),2005,8000,96,44,-0.006500000000000061,2.165989498687318e-06,2.3781534336737375,2.0146286151040447,z vs boundary
compliance_boundary,allpairs_gs_obf,false rejection of the component compliance gate (first crossing),2015,6000,69,37,-0.005333333333333301,2.9165509066325906e-06,2.7325744315784304,2.341741367771298,z vs boundary
compliance_boundary,allpairs_gs_obf,false rejection of the component compliance gate (first crossing),2019,5000,64,41,-0.0046000000000000485,4.154614922984575e-06,2.6492831144600855,2.5789649844578957,z vs boundary
compliance_boundary,allpairs_gs_obf,false rejection of the component compliance gate (first crossing),2040,9000,115,51,-0.007111111111111068,2.027898847471401e-06,2.0286526580057864,1.8952910023547518,z vs boundary
compliance_boundary,allpairs_gs_obf,false rejection of the component compliance gate (first crossing),2044,7000,83,42,-0.005857142857142894,2.526153882041473e-06,2.606573986658293,2.1598142720958515,z vs boundary
compliance_boundary,allpairs_gs_obf,false rejection of the component compliance gate (first crossing),2090,9000,115,53,-0.006888888888888833,2.0523075952197737e-06,2.171672319067858,1.8952910023547518,z vs boundary
compliance_boundary,allpairs_gs_obf,false rejection of the component compliance gate (first crossing),2109,4000,41,25,-0.0040000000000000036,4.089991247811945e-06,2.9668122329462694,2.906130928702722,z vs boundary
compliance_boundary,allpairs_gs_obf,false rejection of the component compliance gate (first crossing),2168,9000,121,61,-0.00666666666666671,2.2219725374149977e-06,2.2361936083320253,1.8952910023547518,z vs boundary
compliance_boundary,allpairs_gs_obf,false rejection of the component compliance gate (first crossing),2174,10000,135,60,-0.007499999999999951,1.9283678367836523e-06,1.8003007774426865,1.794944269526594,z vs boundary
compliance_boundary,allpairs_gs_obf,false rejection of the component compliance gate (first crossing),2225,7000,85,44,-0.005857142857142783,2.60631693740506e-06,2.566175443190996,2.1598142720958515,z vs boundary
compliance_boundary,allpairs_gs_obf,false rejection of the component compliance gate (first crossing),2255,9000,111,48,-0.007000000000000006,1.943117136471931e-06,2.1521461663941546,1.8952910023547518,z vs boundary
compliance_boundary,allpairs_gs_obf,false rejection of the component compliance gate (first crossing),2263,3000,25,17,-0.002666666666666595,4.634359601348623e-06,3.4064856301896045,3.396230702295522,z vs boundary
compliance_boundary,allpairs_gs_obf,false rejection of the component compliance gate (first crossing),2281,8000,103,51,-0.00649999999999995,2.3807468121015143e-06,2.268357170307672,2.0146286151040447,z vs boundary
compliance_boundary,allpairs_gs_obf,false rejection of the component compliance gate (first crossing),2282,10000,131,58,-0.007299999999999973,1.8696619661966404e-06,1.9746140254793036,1.794944269526594,z vs boundary
compliance_boundary,allpairs_gs_obf,false rejection of the component compliance gate (first crossing),2296,7000,91,49,-0.006000000000000005,2.8264037719674272e-06,2.379265401754633,2.1598142720958515,z vs boundary
compliance_boundary,allpairs_gs_obf,false rejection of the component compliance gate (first crossing),2332,10000,143,70,-0.007299999999999973,2.104861486148609e-06,1.8610241261936793,1.794944269526594,z vs boundary
compliance_boundary,allpairs_gs_obf,false rejection of the component compliance gate (first crossing),2340,7000,82,38,-0.006285714285714228,2.4255126825698113e-06,2.3849184483640977,2.1598142720958515,z vs boundary
compliance_boundary,allpairs_gs_obf,false rejection of the component compliance gate (first crossing),2348,8000,101,48,-0.006624999999999992,2.303989170521306e-06,2.2234817053215328,2.0146286151040447,z vs boundary
compliance_boundary,allpairs_gs_obf,false rejection of the component compliance gate (first crossing),2351,9000,113,49,-0.007111111111111068,1.9794106066654843e-06,2.053349571798455,1.8952910023547518,z vs boundary
compliance_boundary,allpairs_gs_obf,false rejection of the component compliance gate (first crossing),2360,9000,109,43,-0.007333333333333303,1.857915625741676e-06,1.9563913709555718,1.8952910023547518,z vs boundary
compliance_boundary,allpairs_gs_obf,false rejection of the component compliance gate (first crossing),2365,4000,43,29,-0.0035000000000000586,4.459083520880241e-06,3.0781554839341885,2.906130928702722,z vs boundary
compliance_boundary,allpairs_gs_obf,false rejection of the component compliance gate (first crossing),2382,5000,54,29,-0.0050000000000000044,3.2906021204241174e-06,2.7563370176795132,2.5789649844578957,z vs boundary
compliance_boundary,allpairs_gs_obf,false rejection of the component compliance gate (first crossing),2403,10000,130,58,-0.007199999999999984,1.85992199219925e-06,2.053102663982509,1.794944269526594,z vs boundary
compliance_boundary,allpairs_gs_obf,false rejection of the component compliance gate (first crossing),2408,4000,45,31,-0.0034999999999999476,4.704519879970009e-06,2.9967858029890135,2.906130928702722,z vs boundary
compliance_boundary,allpairs_gs_obf,false rejection of the component compliance gate (first crossing),2417,10000,126,51,-0.007499999999999951,1.751698169816979e-06,1.8889061063193033,1.794944269526594,z vs boundary
compliance_boundary,allpairs_gs_obf,false rejection of the component compliance gate (first crossing),2443,9000,120,55,-0.007222222222222241,2.1368286462556082e-06,1.9002583547191265,1.8952910023547518,z vs boundary
compliance_boundary,allpairs_gs_obf,false rejection of the component compliance gate (first crossing),2482,10000,129,55,-0.007400000000000073,1.8205160516051632e-06,1.9269750507673018,1.794944269526594,z vs boundary
compliance_boundary,allpairs_gs_obf,false rejection of the component compliance gate (first crossing),2510,9000,111,48,-0.007000000000000006,1.943117136471931e-06,2.1521461663941546,1.8952910023547518,z vs boundary
compliance_boundary,allpairs_gs_obf,false rejection of the component compliance gate (first crossing),2533,8000,102,48,-0.006750000000000034,2.3192195899487463e-06,2.134088500392507,2.0146286151040447,z vs boundary
compliance_boundary,allpairs_gs_obf,false rejection of the component compliance gate (first crossing),2542,10000,122,55,-0.006700000000000039,1.7522662266226446e-06,2.492951874417171,1.794944269526594,z vs boundary
compliance_boundary,allpairs_gs_obf,false rejection of the component compliance gate (first crossing),2570,9000,118,53,-0.00722222222222213,2.088389793653351e-06,1.9221696610692807,1.8952910023547518,z vs boundary
compliance_boundary,allpairs_gs_obf,false rejection of the component compliance gate (first crossing),2582,8000,104,52,-0.006500000000000061,2.4113951743967917e-06,2.253895884756433,2.0146286151040447,z vs boundary
compliance_boundary,allpairs_gs_obf,false rejection of the component compliance gate (first crossing),2612,7000,89,44,-0.006428571428571339,2.685931809500488e-06,2.179186889187458,2.1598142720958515,z vs boundary
compliance_boundary,allpairs_gs_obf,false rejection of the component compliance gate (first crossing),2624,7000,86,44,-0.005999999999999894,2.6262294030342544e-06,2.4682756659881666,2.1598142720958515,z vs boundary
compliance_boundary,allpairs_gs_obf,false rejection of the component compliance gate (first crossing),2655,7000,81,37,-0.006285714285714228,2.385384500992863e-06,2.404894955647545,2.1598142720958515,z vs boundary
compliance_boundary,allpairs_gs_obf,false rejection of the component compliance gate (first crossing),2660,7000,81,38,-0.006142857142857117,2.4055768899930257e-06,2.4868872896788283,2.1598142720958515,z vs boundary
compliance_boundary,allpairs_gs_obf,false rejection of the component compliance gate (first crossing),2661,8000,99,43,-0.007000000000000006,2.1962706275784586e-06,2.024316094371389,2.0146286151040447,z vs boundary
compliance_boundary,allpairs_gs_obf,false rejection of the component compliance gate (first crossing),2666,10000,120,48,-0.007199999999999984,1.6634623462346326e-06,2.1709586120337176,1.794944269526594,z vs boundary
compliance_boundary,allpairs_gs_obf,false rejection of the component compliance gate (first crossing),2670,6000,69,34,-0.005833333333333246,2.834189957585551e-06,2.474994743271913,2.341741367771298,z vs boundary
compliance_boundary,allpairs_gs_obf,false rejection of the component compliance gate (first crossing),2691,8000,99,46,-0.006624999999999992,2.2426299381172763e-06,2.253694108692555,2.0146286151040447,z vs boundary
compliance_boundary,allpairs_gs_obf,false rejection of the component compliance gate (first crossing),2707,8000,97,45,-0.006500000000000061,2.196692555319427e-06,2.361475288306571,2.0146286151040447,z vs boundary
compliance_boundary,allpairs_gs_obf,false rejection of the component compliance gate (first crossing),2709,6000,72,38,-0.005666666666666709,3.0253745994702453e-06,2.491337237809936,2.341741367771298,z vs boundary
compliance_boundary,allpairs_gs_obf,false rejection of the component compliance gate (first crossing),2719,6000,68,34,-0.005666666666666598,2.807041914393145e-06,2.5864116561093233,2.341741367771298,z vs boundary
compliance_boundary,allpairs_gs_obf,false rejection of the component compliance gate (first crossing),2725,9000,116,53,-0.006999999999999895,2.0643377384867235e-06,2.0880018479589633,1.8952910023547518,z vs boundary
compliance_boundary,allpairs_gs_obf,false rejection of the component compliance gate (first crossing),2753,8000,93,43,-0.006249999999999978,2.104759188648596e-06,2.584818543434672,2.0146286151040447,z vs boundary
compliance_boundary,allpairs_gs_obf,false rejection of the component compliance gate (first crossing),2778,6000,71,39,-0.005333333333333412,3.025680205960253e-06,2.68284306428591,2.341741367771298,z vs boundary
compliance_boundary,allpairs_gs_obf,false rejection of the component compliance gate (first crossing),2798,8000,99,45,-0.006750000000000034,2.227180741342666e-06,2.1777380018886663,2.0146286151040447,z vs boundary
compliance_boundary,allpairs_gs_obf,false rejection of the component compliance gate (first crossing),2799,8000,98,43,-0.0068749999999999645,2.1810284879359897e-06,2.1160179748420753,2.0146286151040447,z vs boundary
compliance_boundary,allpairs_gs_obf,false rejection of the component compliance gate (first crossing),2841,8000,104,52,-0.006500000000000061,2.4113951743967917e-06,2.253895884756433,2.0146286151040447,z vs boundary
compliance_boundary,allpairs_gs_obf,false rejection of the component compliance gate (first crossing),2853,9000,109,48,-0.0067777777777777715,1.9190266682580375e-06,2.326028241559613,1.8952910023547518,z vs boundary
compliance_boundary,allpairs_gs_obf,false rejection of the component compliance gate (first crossing),2894,7000,85,40,-0.00642857142857145,2.5256523526684417e-06,2.2472696318727508,2.1598142720958515,z vs boundary
compliance_boundary,allpairs_gs_obf,false rejection of the component compliance gate (first crossing),2905,10000,134,61,-0.007299999999999973,1.928515851585159e-06,1.9442502241307296,1.794944269526594,z vs boundary
compliance_boundary,allpairs_gs_obf,false rejection of the component compliance gate (first crossing),2907,7000,84,38,-0.006571428571428561,2.465366772512699e-06,2.1835967161014205,2.1598142720958515,z vs boundary
compliance_boundary,allpairs_gs_obf,false rejection of the component compliance gate (first crossing),2909,7000,79,40,-0.0055714285714285605,2.406055092418428e-06,2.855031275873882,2.1598142720958515,z vs boundary
compliance_boundary,allpairs_gs_obf,false rejection of the component compliance gate (first crossing),2910,5000,48,24,-0.0048000000000000265,2.857531506301296e-06,3.0761522741275114,2.5789649844578957,z vs boundary
compliance_boundary,allpairs_gs_obf,false rejection of the component compliance gate (first crossing),2943,6000,78,46,-0.005333333333333301,3.4070493230353425e-06,2.5282357644129423,2.341741367771298,z vs boundary
compliance_boundary,allpairs_gs_obf,false rejection of the component compliance gate (first crossing),2949,9000,122,60,-0.006888888888888833,2.2218051662804856e-06,2.0871926453112954,1.8952910023547518,z vs boundary
compliance_boundary,allpairs_gs_obf,false rejection of the component compliance gate (first crossing),2979,10000,130,58,-0.007199999999999984,1.85992199219925e-06,2.053102663982509,1.794944269526594,z vs boundary
compliance_boundary,allpairs_gs_obf,false rejection of the component compliance gate (first crossing),2991,10000,141,70,-0.007099999999999995,2.085427542754273e-06,2.0081698635222045,1.794944269526594,z vs boundary
compliance_boundary,allpairs_gs_obf,false rejection of the component compliance gate (first crossing),2999,6000,66,34,-0.005333333333333301,2.7527180456002237e-06,2.812716209491866,2.341741367771298,z vs boundary
compliance_boundary,allpairs_gs_obf,false rejection of the component compliance gate (first crossing),3017,5000,59,35,-0.0048000000000000265,3.7230966193238932e-06,2.6949529671242183,2.5789649844578957,z vs boundary
compliance_boundary,allpairs_gs_obf,false rejection of the component compliance gate (first crossing),3035,9000,112,51,-0.0067777777777777715,1.9917919549360273e-06,2.28314503993306,1.8952910023547518,z vs boundary
compliance_boundary,allpairs_gs_obf,false rejection of the component compliance gate (first crossing),3094,8000,101,50,-0.0063750000000000195,2.334860216902111e-06,2.3723434777703023,2.0146286151040447,z vs boundary
compliance_boundary,allpairs_gs_obf,false rejection of the component compliance gate (first crossing),3103,6000,68,35,-0.005499999999999949,2.8345048248782117e-06,2.672845855556466,2.341741367771298,z vs boundary
compliance_boundary,allpairs_gs_obf,false rejection of the component compliance gate (first crossing),3122,8000,107,53,-0.006750000000000034,2.472461401425189e-06,2.0668958858103914,2.0146286151040447,z vs boundary
compliance_boundary,allpairs_gs_obf,false rejection of the component compliance gate (first crossing),3210,8000,94,42,-0.006500000000000061,2.1045599449931268e-06,2.4126115029089545,2.0146286151040447,z vs boundary
compliance_boundary,allpairs_gs_obf,false rejection of the component compliance gate (first crossing),3221,9000,116,53,-0.006999999999999895,2.0643377384867235e-06,2.0880018479589633,1.8952910023547518,z vs boundary
compliance_boundary,allpairs_gs_obf,false rejection of the component compliance gate (first crossing),3227,6000,67,31,-0.006000000000000005,2.6974403141264164e-06,2.4354772064715884,2.341741367771298,z vs boundary
compliance_boundary,allpairs_gs_obf,false rejection of the component compliance gate (first crossing),3260,4000,41,25,-0.0040000000000000036,4.089991247811945e-06,2.9668122329462694,2.906130928702722,z vs boundary
compliance_boundary,allpairs_gs_obf,false rejection of the component compliance gate (first crossing),3281,7000,79,32,-0.006714285714285673,2.244445999574261e-06,2.19318474053715,2.1598142720958515,z vs boundary
compliance_boundary,allpairs_gs_obf,false rejection of the component compliance gate (first crossing),3288,4000,38,31,-0.0017499999999999183,4.27599087271817e-06,3.9896570348725224,2.906130928702722,z vs boundary
compliance_boundary,allpairs_gs_obf,false rejection of the component compliance gate (first crossing),3307,7000,75,29,-0.006571428571428561,2.1038982245276776e-06,2.3637461698671123,2.1598142720958515,z vs boundary
compliance_boundary,allpairs_gs_obf,false rejection of the component compliance gate (first crossing),3325,4000,34,15,-0.004749999999999921,3.041682295573903e-06,3.010248706448585,2.906130928702722,z vs boundary
compliance_boundary,allpairs_gs_obf,false rejection of the component compliance gate (first crossing),3350,10000,134,64,-0.007000000000000006,1.958143814381435e-06,2.143872542854777,1.794944269526594,z vs boundary
compliance_boundary,allpairs_gs_obf,false rejection of the component compliance gate (first crossing),3351,9000,111,47,-0.007111111111111068,1.930900415546847e-06,2.0789828201958347,1.8952910023547518,z vs boundary
compliance_boundary,allpairs_gs_obf,false rejection of the component compliance gate (first crossing),3353,5000,55,31,-0.0048000000000000265,3.408793758751715e-06,2.816456063210278,2.5789649844578957,z vs boundary
compliance_boundary,allpairs_gs_obf,false rejection of the component compliance gate (first crossing),3402,9000,116,55,-0.0067777777777777715,2.0887355110787247e-06,2.229532273219536,1.8952910023547518,z vs boundary
compliance_boundary,allpairs_gs_obf,false rejection of the component compliance gate (first crossing),3430,9000,113,48,-0.007222222222222241,1.9671966295294535e-06,1.9804943757047204,1.8952910023547518,z vs boundary
compliance_boundary,allpairs_gs_obf,false rejection of the component compliance gate (first crossing),3432,10000,120,49,-0.007099999999999995,1.6733663366336673e-06,2.241829005544621,1.794944269526594,z vs boundary
compliance_boundary,allpairs_gs_obf,false rejection of the component compliance gate (first crossing),3443,6000,73,38,-0.005833333333333357,3.0524855994517387e-06,2.3848548213984433,2.341741367771298,z vs boundary
compliance_boundary,allpairs_gs_obf,false rejection of the component compliance gate (first crossing),3460,9000,127,64,-0.007000000000000006,2.3305401560392625e-06,1.9651375738344417,1.8952910023547518,z vs boundary
compliance_boundary,allpairs_gs_obf,false rejection of the component compliance gate (first crossing),3473,10000,115,40,-0.007499999999999951,1.5353285328532846e-06,2.017619878739411,1.794944269526594,z vs boundary
compliance_boundary,allpairs_gs_obf,false rejection of the component compliance gate (first crossing),3491,6000,67,30,-0.006166666666666654,2.669940360430437e-06,2.3459881031056766,2.341741367771298,z vs boundary
compliance_boundary,allpairs_gs_obf,false rejection of the component compliance gate (first crossing),3492,10000,134,60,-0.007399999999999962,1.918635863586358e-06,1.8770553057168593,1.794944269526594,z vs boundary
compliance_boundary,allpairs_gs_obf,false rejection of the component compliance gate (first crossing),3503,8000,93,36,-0.007125000000000048,1.996450728216013e-06,2.0347382574024557,2.0146286151040447,z vs boundary
compliance_boundary,allpairs_gs_obf,false rejection of the component compliance gate (first crossing),3525,9000,116,51,-0.00722222222222213,2.039928990738351e-06,1.9448672992528742,1.8952910023547518,z vs boundary
compliance_boundary,allpairs_gs_obf,false rejection of the component compliance gate (first crossing),3530,6000,65,29,-0.006000000000000005,2.588088755533352e-06,2.486396629411666,2.341741367771298,z vs boundary
compliance_boundary,allpairs_gs_obf,false rejection of the component compliance gate (first crossing),3541,10000,129,57,-0.007199999999999984,1.8402940294029626e-06,2.064022478816857,1.794944269526594,z vs boundary
compliance_boundary,allpairs_gs_obf,false rejection of the component compliance gate (first crossing),3545,6000,77,43,-0.005666666666666709,3.2978737196940388e-06,2.386190358851362,2.341741367771298,z vs boundary
compliance_boundary,allpairs_gs_obf,false rejection of the component compliance gate (first crossing),3577,7000,93,53,-0.005714285714285672,2.9466075328545407e-06,2.496675314819624,2.1598142720958515,z vs boundary
compliance_boundary,allpairs_gs_obf,false rejection of the component compliance gate (first crossing),3578,10000,128,55,-0.007300000000000084,1.8107720772077066e-06,2.0064662993614313,1.794944269526594,z vs boundary
compliance_boundary,allpairs_gs_obf,false rejection of the component compliance gate (first crossing),3604,8000,98,43,-0.0068749999999999645,2.1810284879359897e-06,2.1160179748420753,2.0146286151040447,z vs boundary
compliance_boundary,allpairs_gs_obf,false rejection of the component compliance gate (first crossing),3608,10000,120,45,-0.007500000000000062,1.633738373837366e-06,1.9559094890112385,1.794944269526594,z vs boundary
compliance_boundary,allpairs_gs_obf,false rejection of the component compliance gate (first crossing),3611,5000,54,29,-0.0050000000000000044,3.2906021204241174e-06,2.7563370176795132,2.5789649844578957,z vs boundary
compliance_boundary,allpairs_gs_obf,false rejection of the component compliance gate (first crossing),3618,10000,127,51,-0.007600000000000051,1.7614461446144837e-06,1.808325293910772,1.794944269526594,z vs boundary
compliance_boundary,allpairs_gs_obf,false rejection of the component compliance gate (first crossing),3627,7000,87,42,-0.00642857142857145,2.605815408032047e-06,2.2124330873576605,2.1598142720958515,z vs boundary
compliance_boundary,allpairs_gs_obf,false rejection of the component compliance gate (first crossing),3632,8000,96,42,-0.006750000000000034,2.1350715714464245e-06,2.224216929377708,2.0146286151040447,z vs boundary
compliance_boundary,allpairs_gs_obf,false rejection of the component compliance gate (first crossing),3638,5000,53,28,-0.0050000000000000044,3.211898379675965e-06,2.789903014767543,2.5789649844578957,z vs boundary
compliance_boundary,allpairs_gs_obf,false rejection of the component compliance gate (first crossing),3691,8000,107,55,-0.006500000000000061,2.5032933804225487e-06,2.212137759436836,2.0146286151040447,z vs boundary
compliance_boundary,allpairs_gs_obf,false rejection of the component compliance gate (first crossing),3695,5000,50,25,-0.0050000000000000044,2.9755951190238047e-06,2.898565278248688,2.5789649844578957,z vs boundary
compliance_boundary,allpairs_gs_obf,false rejection of the component compliance gate (first crossing),3714,10000,137,65,-0.007200000000000095,1.9972057205720586e-06,1.9812835360497278,1.794944269526594,z vs boundary
compliance_boundary,allpairs_gs_obf,false rejection of the component compliance gate (first crossing),3718,9000,127,63,-0.007111111111111068,2.3183673357396413e-06,1.8973161956579874,1.8952910023547518,z vs boundary
compliance_boundary,allpairs_gs_obf,false rejection of the component compliance gate (first crossing),3721,6000,76,42,-0.005666666666666709,3.2434109388602185e-06,2.4061411972841764,2.341741367771298,z vs boundary
compliance_boundary,allpairs_gs_obf,false rejection of the component compliance gate (first crossing),3735,9000,117,54,-0.007000000000000006,2.0885653961551363e-06,2.075855961492774,1.8952910023547518,z vs boundary
compliance_boundary,allpairs_gs_obf,false rejection of the component compliance gate (first crossing),3740,10000,136,62,-0.007399999999999962,1.957855785578536e-06,1.8581595364191152,1.794944269526594,z vs boundary
compliance_boundary,allpairs_gs_obf,false rejection of the component compliance gate (first crossing),3745,10000,136,64,-0.007199999999999984,1.9776057605760354e-06,1.991077534044676,1.794944269526594,z vs boundary
compliance_boundary,allpairs_gs_obf,false rejection of the component compliance gate (first crossing),3772,8000,97,44,-0.006625000000000103,2.1812394518064737e-06,2.285188896015899,2.0146286151040447,z vs boundary
compliance_boundary,allpairs_gs_obf,false rejection of the component compliance gate (first crossing),3814,6000,69,38,-0.005166666666666653,2.9439860347094723e-06,2.8169482895350453,2.341741367771298,z vs boundary
compliance_boundary,allpairs_gs_obf,false rejection of the component compliance gate (first crossing),3831,10000,130,60,-0.007000000000000006,1.8796879687968869e-06,2.188156468593015,1.794944269526594,z vs boundary
compliance_boundary,allpairs_gs_obf,false rejection of the component compliance gate (first crossing),3836,8000,102,47,-0.0068750000000000755,2.303778206650836e-06,2.0588736189172185,2.0146286151040447,z vs boundary
compliance_boundary,allpairs_gs_obf,false rejection of the component compliance gate (first crossing),3846,6000,73,40,-0.005499999999999949,3.107328073197418e-06,2.552812745040646,2.341741367771298,z vs boundary
compliance_boundary,allpairs_gs_obf,false rejection of the component compliance gate (first crossing),3894,9000,115,52,-0.007000000000000006,2.0401045932401146e-06,2.1003662825863416,1.8952910023547518,z vs boundary
compliance_boundary,allpairs_gs_obf,false rejection of the component compliance gate (first crossing),3903,9000,116,52,-0.007111111111111068,2.0521347365070644e-06,2.016637796679194,1.8952910023547518,z vs boundary
compliance_boundary,allpairs_gs_obf,false rejection of the component compliance gate (first crossing),3918,7000,94,51,-0.006142857142857117,2.926257686958201e-06,2.2548073424644945,2.1598142720958515,z vs boundary
compliance_boundary,allpairs_gs_obf,false rejection of the component compliance gate (first crossing),3944,5000,58,37,-0.0042000000000000925,3.7628885777155344e-06,2.989973327955424,2.5789649844578957,z vs boundary
compliance_boundary,allpairs_gs_obf,false rejection of the component compliance gate (first crossing),3951,5000,49,27,-0.0044000000000000705,3.0155631126225527e-06,3.22480765366083,2.5789649844578957,z vs boundary
compliance_boundary,allpairs_gs_obf,false rejection of the component compliance gate (first crossing),3964,8000,99,46,-0.006624999999999992,2.2426299381172763e-06,2.253694108692555,2.0146286151040447,z vs boundary
compliance_boundary,allpairs_gs_obf,false rejection of the component compliance gate (first crossing),3974,7000,90,52,-0.005428571428571449,2.866870194284341e-06,2.6999015211737967,2.1598142720958515,z vs boundary
compliance_boundary,allpairs_gs_obf,false rejection of the component compliance gate (first crossing),3992,8000,88,37,-0.0063750000000000195,1.935568117889741e-06,2.605576213960684,2.0146286151040447,z vs boundary
compliance_boundary,allpairs_gs_obf,false rejection of the component compliance gate (first crossing),4002,9000,125,62,-0.006999999999999895,2.282189104687887e-06,1.9858454258272726,1.8952910023547518,z vs boundary
compliance_boundary,allpairs_gs_obf,false rejection of the component compliance gate (first crossing),4011,5000,48,21,-0.005400000000000071,2.7385877175435094e-06,2.779678088549749,2.5789649844578957,z vs boundary
compliance_boundary,allpairs_gs_obf,false rejection of the component compliance gate (first crossing),4059,6000,78,44,-0.005666666666666709,3.3523179789224026e-06,2.3667342433733936,2.341741367771298,z vs boundary
compliance_boundary,allpairs_gs_obf,false rejection of the component compliance gate (first crossing),4063,7000,79,38,-0.005857142857142783,2.365687809628769e-06,2.6935264332341218,2.1598142720958515,z vs boundary
compliance_boundary,allpairs_gs_obf,false rejection of the component compliance gate (first crossing),4087,8000,101,46,-0.0068749999999999645,2.2731024971871574e-06,2.0727193993299724,2.0146286151040447,z vs boundary
compliance_boundary,allpairs_gs_obf,false rejection of the component compliance gate (first crossing),4128,9000,117,55,-0.006888888888888944,2.1007629105565987e-06,2.146480766175945,1.8952910023547518,z vs boundary
compliance_boundary,allpairs_gs_obf,false rejection of the component compliance gate (first crossing),4203,8000,95,44,-0.0063750000000000195,2.1507356388298194e-06,2.4718066430381582,2.0146286151040447,z vs boundary
compliance_boundary,allpairs_gs_obf,false rejection of the component compliance gate (first crossing),4222,8000,93,37,-0.007000000000000006,2.011935085635711e-06,2.1150189972514175,2.0146286151040447,z vs boundary
compliance_boundary,allpairs_gs_obf,false rejection of the component compliance gate (first crossing),4235,10000,131,57,-0.007399999999999962,1.8597759775977672e-06,1.9065273118608077,1.794944269526594,z vs boundary
compliance_boundary,allpairs_gs_obf,false rejection of the component compliance gate (first crossing),4236,10000,128,57,-0.007099999999999995,1.8305500550055062e-06,2.1434195791871393,1.794944269526594,z vs boundary
compliance_boundary,allpairs_gs_obf,false rejection of the component compliance gate (first crossing),4253,10000,127,52,-0.007500000000000062,1.7713441344134644e-06,1.8784019780335188,1.794944269526594,z vs boundary
compliance_boundary,allpairs_gs_obf,false rejection of the component compliance gate (first crossing),4264,9000,120,55,-0.007222222222222241,2.1368286462556082e-06,1.9002583547191265,1.8952910023547518,z vs boundary
compliance_boundary,allpairs_gs_obf,false rejection of the component compliance gate (first crossing),4267,8000,104,49,-0.0068749999999999645,2.3651061851481638e-06,2.0320046608297178,2.0146286151040447,z vs boundary
compliance_boundary,allpairs_gs_obf,false rejection of the component compliance gate (first crossing),4275,7000,84,38,-0.006571428571428561,2.465366772512699e-06,2.1835967161014205,2.1598142720958515,z vs boundary
compliance_boundary,allpairs_gs_obf,false rejection of the component compliance gate (first crossing),4293,7000,89,48,-0.005857142857142783,2.7665030864467405e-06,2.4907743135385876,2.1598142720958515,z vs boundary
compliance_boundary,allpairs_gs_obf,false rejection of the component compliance gate (first crossing),4313,10000,122,48,-0.007399999999999962,1.6829802980298157e-06,2.0041666544873746,1.794944269526594,z vs boundary
compliance_boundary,allpairs_gs_obf,false rejection of the component compliance gate (first crossing),4330,10000,129,57,-0.007199999999999984,1.8402940294029626e-06,2.064022478816857,1.794944269526594,z vs boundary
compliance_boundary,allpairs_gs_obf,false rejection of the component compliance gate (first crossing),4387,10000,132,57,-0.007499999999999951,1.8695139513951332e-06,1.828418696176534,1.794944269526594,z vs boundary
compliance_boundary,allpairs_gs_obf,false rejection of the component compliance gate (first crossing),4423,9000,106,41,-0.007222222222222241,1.7972957214724578e-06,2.0719903528184296,1.8952910023547518,z vs boundary
compliance_boundary,allpairs_gs_obf,false rejection of the component compliance gate (first crossing),4443,10000,133,63,-0.007000000000000006,1.9385358535853333e-06,2.154687716512728,1.794944269526594,z vs boundary
compliance_boundary,allpairs_gs_obf,false rejection of the component compliance gate (first crossing),4468,7000,78,31,-0.006714285714285673,2.204265332365241e-06,2.213083808814787,2.1598142720958515,z vs boundary
compliance_boundary,allpairs_gs_obf,false rejection of the component compliance gate (first crossing),4474,8000,97,45,-0.006500000000000061,2.196692555319427e-06,2.361475288306571,2.0146286151040447,z vs boundary
compliance_boundary,allpairs_gs_obf,false rejection of the component compliance gate (first crossing),4538,10000,137,63,-0.007400000000000073,1.977459745974589e-06,1.8489259682711978,1.794944269526594,z vs boundary
compliance_boundary,allpairs_gs_obf,false rejection of the component compliance gate (first crossing),4544,9000,123,62,-0.0067777777777777715,2.258175462568571e-06,2.1442560615280986,1.8952910023547518,z vs boundary
compliance_boundary,allpairs_gs_obf,false rejection of the component compliance gate (first crossing),4547,9000,115,53,-0.006888888888888833,2.0523075952197737e-06,2.171672319067858,1.8952910023547518,z vs boundary
compliance_boundary,allpairs_gs_obf,false rejection of the component compliance gate (first crossing),4550,10000,124,50,-0.007399999999999962,1.7222962296229474e-06,1.9811594144303506,1.794944269526594,z vs boundary
compliance_boundary,allpairs_gs_obf,false rejection of the component compliance gate (first crossing),4559,10000,136,65,-0.007099999999999995,1.987477747774758e-06,2.057059531724717,1.794944269526594,z vs boundary
compliance_boundary,allpairs_gs_obf,false rejection of the component compliance gate (first crossing),4560,4000,42,30,-0.0030000000000000027,4.459489872468078e-06,3.314785641983586,2.906130928702722,z vs boundary
compliance_boundary,allpairs_gs_obf,false rejection of the component compliance gate (first crossing),4573,8000,104,50,-0.006750000000000034,2.3805397549693732e-06,2.1064232595345316,2.0146286151040447,z vs boundary
compliance_boundary,allpairs_gs_obf,false rejection of the component compliance gate (first crossing),4605,9000,104,37,-0.007444444444444476,1.7242176428382088e-06,1.9462081382033454,1.8952910023547518,z vs boundary
compliance_boundary,allpairs_gs_obf,false rejection of the component compliance gate (first crossing),4679,7000,85,39,-0.006571428571428561,2.5054716271420564e-06,2.1660498990460195,2.1598142720958515,z vs boundary
compliance_boundary,allpairs_gs_obf,false rejection of the component compliance gate (first crossing),4732,7000,88,49,-0.0055714285714285605,2.766736355922562e-06,2.6624396073088747,2.1598142720958515,z vs boundary
compliance_boundary,allpairs_gs_obf,false rejection of the component compliance gate (first crossing),4742,9000,114,49,-0.007222222222222241,1.9914462375106313e-06,1.9683993186847177,1.8952910023547518,z vs boundary
compliance_boundary,allpairs_gs_obf,false rejection of the component compliance gate (first crossing),4745,5000,55,31,-0.0048000000000000265,3.408793758751715e-06,2.816456063210278,2.5789649844578957,z vs boundary
compliance_boundary,allpairs_gs_obf,false rejection of the component compliance gate (first crossing),4759,7000,92,48,-0.006285714285714228,2.8261530072809206e-06,2.209415887322074,2.1598142720958515,z vs boundary
compliance_boundary,allpairs_gs_obf,false rejection of the component compliance gate (first crossing),4785,4000,36,18,-0.0045000000000000595,3.3505251312827804e-06,3.004735510554136,2.906130928702722,z vs boundary
compliance_boundary,allpairs_gs_obf,false rejection of the component compliance gate (first crossing),4793,10000,143,69,-0.007399999999999962,2.0949994999499884e-06,1.796310407597344,1.794944269526594,z vs boundary
compliance_boundary,allpairs_gs_obf,false rejection of the component compliance gate (first crossing),4800,7000,88,43,-0.00642857142857145,2.645879440503147e-06,2.1956188103432472,2.1598142720958515,z vs boundary
compliance_boundary,allpairs_gs_obf,false rejection of the component compliance gate (first crossing),4806,9000,116,53,-0.006999999999999895,2.0643377384867235e-06,2.0880018479589633,1.8952910023547518,z vs boundary
compliance_boundary,allpairs_gs_obf,false rejection of the component compliance gate (first crossing),4812,9000,112,46,-0.007333333333333414,1.9307220692559855e-06,1.919149697314657,1.8952910023547518,z vs boundary
compliance_boundary,allpairs_gs_obf,false rejection of the component compliance gate (first crossing),4825,7000,87,44,-0.006142857142857117,2.6461360369265793e-06,2.371153341164961,2.1598142720958515,z vs boundary
compliance_boundary,allpairs_gs_obf,false rejection of the component compliance gate (first crossing),4832,8000,97,43,-0.006750000000000034,2.1657824415552197e-06,2.208390889031536,2.0146286151040447,z vs boundary
compliance_boundary,allpairs_gs_obf,false rejection of the component compliance gate (first crossing),4843,10000,122,49,-0.007299999999999973,1.6928842884288503e-06,2.075153021224917,1.794944269526594,z vs boundary
compliance_boundary,allpairs_gs_obf,false rejection of the component compliance gate (first crossing),4847,5000,53,31,-0.0044000000000000705,3.3305061012202478e-06,3.0685479226660988,2.5789649844578957,z vs boundary
compliance_boundary,allpairs_gs_obf,false rejection of the component compliance gate (first crossing),4922,9000,122,59,-0.007000000000000006,2.2096213708244703e-06,2.018191273126947,1.8952910023547518,z vs boundary
compliance_boundary,allpairs_gs_obf,false rejection of the component compliance gate (first crossing),4931,9000,118,53,-0.00722222222222213,2.088389793653351e-06,1.9221696610692807,1.8952910023547518,z vs boundary
compliance_boundary,allpairs_gs_obf,false rejection of the component compliance gate (first crossing),4939,9000,119,55,-0.007111111111111179,2.1248094781450292e-06,1.9818502740202582,1.8952910023547518,z vs boundary
compliance_boundary,allpairs_gs_obf,false rejection of the component compliance gate (first crossing),4941,7000,81,36,-0.00642857142857145,2.3651862802557748e-06,2.3222517193676784,2.1598142720958515,z vs boundary
compliance_boundary,allpairs_gs_obf,false rejection of the component compliance gate (first crossing),4969,6000,69,34,-0.005833333333333246,2.834189957585551e-06,2.474994743271913,2.341741367771298,z vs boundary
compliance_boundary,allpairs_gs_obf,false rejection of the component compliance gate (first crossing),4979,9000,115,50,-0.007222222222222241,2.0156903579135675e-06,1.9565258490764843,1.8952910023547518,z vs boundary
compliance_boundary,allpairs_gs_obf,false rejection of the component compliance gate (first crossing),5004,6000,68,37,-0.005166666666666653,2.8894028634401845e-06,2.8434310272786725,2.341741367771298,z vs boundary
compliance_boundary,allpairs_gs_obf,false rejection of the component compliance gate (first crossing),5012,6000,72,44,-0.004666666666666708,3.1897908910744174e-06,2.9861912678587585,2.341741367771298,z vs boundary
compliance_boundary,allpairs_gs_obf,false rejection of the component compliance gate (first crossing),5030,5000,55,29,-0.005199999999999982,3.3297379475895326e-06,2.630487301255103,2.5789649844578957,z vs boundary
compliance_boundary,allpairs_gs_obf,false rejection of the component compliance gate (first crossing),5041,6000,66,29,-0.006166666666666654,2.6152645811339175e-06,2.3703843414206225,2.341741367771298,z vs boundary
compliance_boundary,allpairs_gs_obf,false rejection of the component compliance gate (first crossing),5057,9000,119,54,-0.007222222222222241,2.112611963743567e-06,1.9111185670047723,1.8952910023547518,z vs boundary
compliance_boundary,allpairs_gs_obf,false rejection of the component compliance gate (first crossing),5062,10000,125,49,-0.00759999999999994,1.7221462146214716e-06,1.8288421858016237,1.794944269526594,z vs boundary
compliance_boundary,allpairs_gs_obf,false rejection of the component compliance gate (first crossing),5102,7000,93,53,-0.005714285714285672,2.9466075328545407e-06,2.496675314819624,2.1598142720958515,z vs boundary
compliance_boundary,allpairs_gs_obf,false rejection of the component compliance gate (first crossing),5118,7000,82,39,-0.006142857142857117,2.4456992398330853e-06,2.466403908034226,2.1598142720958515,z vs boundary
compliance_boundary,allpairs_gs_obf,false rejection of the component compliance gate (first crossing),5119,10000,122,48,-0.007399999999999962,1.6829802980298157e-06,2.0041666544873746,1.794944269526594,z vs boundary
compliance_boundary,allpairs_gs_obf,false rejection of the component compliance gate (first crossing),5157,7000,80,36,-0.006285714285714339,2.3452446559421186e-06,2.4253880332306905,2.1598142720958515,z vs boundary
compliance_boundary,allpairs_gs_obf,false rejection of the component compliance gate (first crossing),5215,3000,28,23,-0.0016666666666665941,5.619910340483861e-06,3.5152325455876823,3.396230702295522,z vs boundary
compliance_boundary,allpairs_gs_obf,false rejection of the component compliance gate (first crossing),5238,10000,130,57,-0.007299999999999973,1.8500360036003769e-06,1.9850601637167768,1.794944269526594,z vs boundary
compliance_boundary,allpairs_gs_obf,false rejection of the component compliance gate (first crossing),5270,9000,106,45,-0.0067777777777777715,1.8462119933764778e-06,2.371453997883864,1.8952910023547518,z vs boundary
compliance_boundary,allpairs_gs_obf,false rejection of the component compliance gate (first crossing),5288,10000,125,51,-0.007399999999999962,1.741948194819487e-06,1.9699523910697432,1.794944269526594,z vs boundary
compliance_boundary,allpairs_gs_obf,false rejection of the component compliance gate (first crossing),5306,9000,127,63,-0.007111111111111068,2.3183673357396413e-06,1.8973161956579874,1.8952910023547518,z vs boundary
compliance_boundary,allpairs_gs_obf,false rejection of the component compliance gate (first crossing),5310,6000,67,36,-0.005166666666666653,2.834801170565465e-06,2.8706843772532964,2.341741367771298,z vs boundary
compliance_boundary,allpairs_gs_obf,false rejection of the component compliance gate (first crossing),5345,10000,126,55,-0.007099999999999995,1.7912781278127578e-06,2.1667883225487987,1.794944269526594,z vs boundary
compliance_boundary,allpairs_gs_obf,false rejection of the component compliance gate (first crossing),5351,10000,120,44,-0.007600000000000051,1.6238263826382533e-06,1.8833951387042058,1.794944269526594,z vs boundary
compliance_boundary,allpairs_gs_obf,false rejection of the component compliance gate (first crossing),5362,10000,131,62,-0.006900000000000017,1.9091859185918548e-06,2.2435594530287126,1.794944269526594,z vs boundary
compliance_boundary,allpairs_gs_obf,false rejection of the component compliance gate (first crossing),5406,7000,89,45,-0.006285714285714228,2.706083376342375e-06,2.257900091972955,2.1598142720958515,z vs boundary
compliance_boundary,allpairs_gs_obf,false rejection of the component compliance gate (first crossing),5433,6000,71,38,-0.00550000000000006,2.9982543386860746e-06,2.598832434918976,2.341741367771298,z vs boundary
compliance_boundary,allpairs_gs_obf,false rejection of the component compliance gate (first crossing),5437,7000,91,48,-0.006142857142857117,2.806275532073095e-06,2.3025049329359732,2.1598142720958515,z vs boundary
compliance_boundary,allpairs_gs_obf,false rejection of the component compliance gate (first crossing),5465,10000,140,70,-0.007000000000000006,2.0757075707570865e-06,2.0822754079343193,1.794944269526594,z vs boundary
compliance_boundary,allpairs_gs_obf,false rejection of the component compliance gate (first crossing),5477,5000,53,32,-0.0042000000000000925,3.3700100020004028e-06,3.1594566335210885,2.5789649844578957,z vs boundary
compliance_boundary,allpairs_gs_obf,false rejection of the component compliance gate (first crossing),5483,8000,93,38,-0.0068749999999999645,2.0274155363170524e-06,2.194717550442527,2.0146286151040447,z vs boundary
compliance_boundary,allpairs_gs_obf,false rejection of the component compliance gate (first crossing),5517,9000,114,49,-0.007222222222222241,1.9914462375106313e-06,1.9683993186847177,1.8952910023547518,z vs boundary
compliance_boundary,allpairs_gs_obf,false rejection of the component compliance gate (first crossing),5522,7000,83,48,-0.0050000000000000044,2.6470457878822572e-06,3.0731890528529235,2.1598142720958515,z vs boundary
compliance_boundary,allpairs_gs_obf,false rejection of the component compliance gate (first crossing),5554,6000,69,36,-0.005499999999999949,2.8891065177529554e-06,2.647468105295675,2.341741367771298,z vs boundary
compliance_boundary,allpairs_gs_obf,false rejection of the component compliance gate (first crossing),5560,9000,109,47,-0.006888888888888833,1.9068099473329533e-06,2.2530032462092318,1.8952910023547518,z vs boundary
compliance_boundary,allpairs_gs_obf,false rejection of the component compliance gate (first crossing),5588,7000,83,41,-0.006000000000000005,2.5059848199888833e-06,2.526799448103933,2.1598142720958515,z vs boundary
compliance_boundary,allpairs_gs_obf,false rejection of the component compliance gate (first crossing),5595,5000,55,32,-0.0046000000000000485,3.4482976595318704e-06,2.907979804812752,2.5789649844578957,z vs boundary
compliance_boundary,allpairs_gs_obf,false rejection of the component compliance gate (first crossing),5609,8000,98,42,-0.007000000000000006,2.16556757094635e-06,2.0386157964118827,2.0146286151040447,z vs boundary
compliance_boundary,allpairs_gs_obf,false rejection of the component compliance gate (first crossing),5613,8000,97,42,-0.0068750000000000755,2.15032152456558e-06,2.131072969753146,2.0146286151040447,z vs boundary
compliance_boundary,allpairs_gs_obf,false rejection of the component compliance gate (first crossing),5621,7000,83,37,-0.006571428571428561,2.425250254409565e-06,2.201582286340999,2.1598142720958515,z vs boundary
compliance_boundary,allpairs_gs_obf,false rejection of the component compliance gate (first crossing),5632,9000,108,43,-0.007222222222222241,1.8458662759511042e-06,2.0445483324066793,1.8952910023547518,z vs boundary
compliance_boundary,allpairs_gs_obf,false rejection of the component compliance gate (first crossing),5638,7000,89,45,-0.006285714285714228,2.706083376342375e-06,2.257900091972955,2.1598142720958515,z vs boundary
compliance_boundary,allpairs_gs_obf,false rejection of the component compliance gate (first crossing),5649,9000,125,64,-0.0067777777777777715,2.3065374890762505e-06,2.121657268839496,1.8952910023547518,z vs boundary
compliance_boundary,allpairs_gs_obf,false rejection of the component compliance gate (first crossing),5657,6000,77,43,-0.005666666666666709,3.2978737196940388e-06,2.386190358851362,2.341741367771298,z vs boundary
compliance_boundary,allpairs_gs_obf,false rejection of the component compliance gate (first crossing),5666,6000,70,38,-0.005333333333333412,2.9711248170991502e-06,2.7073620221360457,2.341741367771298,z vs boundary
compliance_boundary,allpairs_gs_obf,false rejection of the component compliance gate (first crossing),5688,10000,137,66,-0.007099999999999995,2.007075707570775e-06,2.0469918834201306,1.794944269526594,z vs boundary
compliance_boundary,allpairs_gs_obf,false rejection of the component compliance gate (first crossing),5724,8000,86,37,-0.006125000000000047,1.9049939836229682e-06,2.8075332128922037,2.0146286151040447,z vs boundary
compliance_boundary,allpairs_gs_obf,false rejection of the component compliance gate (first crossing),5736,10000,127,53,-0.007400000000000073,1.781240124012403e-06,1.9481038886446784,1.794944269526594,z vs boundary
compliance_boundary,allpairs_gs_obf,false rejection of the component compliance gate (first crossing),5745,8000,102,47,-0.0068750000000000755,2.303778206650836e-06,2.0588736189172185,2.0146286151040447,z vs boundary
compliance_boundary,allpairs_gs_obf,false rejection of the component compliance gate (first crossing),5751,9000,109,45,-0.007111111111111068,1.882368274115489e-06,2.105612941835018,1.8952910023547518,z vs boundary
compliance_boundary,allpairs_gs_obf,false rejection of the component compliance gate (first crossing),5766,8000,100,47,-0.006624999999999992,2.273313461057613e-06,2.2384330805642314,2.0146286151040447,z vs boundary
compliance_boundary,allpairs_gs_obf,false rejection of the component compliance gate (first crossing),5784,8000,103,49,-0.006749999999999923,2.34988357919741e-06,2.1201187542288475,2.0146286151040447,z vs boundary
compliance_boundary,allpairs_gs_obf,false rejection of the component compliance gate (first crossing),5789,6000,74,41,-0.005499999999999949,3.1618371580448545e-06,2.5307122323400604,2.341741367771298,z vs boundary
compliance_boundary,allpairs_gs_obf,false rejection of the component compliance gate (first crossing),5792,8000,103,48,-0.0068749999999999645,2.3344461026378147e-06,2.0453050749440354,2.0146286151040447,z vs boundary
compliance_boundary,allpairs_gs_obf,false rejection of the component compliance gate (first crossing),5797,10000,121,45,-0.007600000000000051,1.6434983498349605e-06,1.8720894917237776,1.794944269526594,z vs boundary
compliance_boundary,allpairs_gs_obf,false rejection of the component compliance gate (first crossing),5814,3000,27,21,-0.0020000000000000018,5.291763921307116e-06,3.477681111103053,3.396230702295522,z vs boundary
compliance_boundary,allpairs_gs_obf,false rejection of the component compliance gate (first crossing),5827,5000,59,34,-0.0050000000000000044,3.683640728145682e-06,2.605141824018754,2.5789649844578957,z vs boundary
compliance_boundary,allpairs_gs_obf,false rejection of the component compliance gate (first crossing),5851,8000,103,49,-0.006749999999999923,2.34988357919741e-06,2.1201187542288475,2.0146286151040447,z vs boundary
compliance_boundary,allpairs_gs_obf,false rejection of the component compliance gate (first crossing),5853,7000,83,40,-0.006142857142857228,2.4858099261993867e-06,2.446424206061807,2.1598142720958515,z vs boundary
compliance_boundary,allpairs_gs_obf,false rejection of the component compliance gate (first crossing),5917,9000,116,56,-0.006666666666666599,2.1009302816911112e-06,2.299709211975546,1.8952910023547518,z vs boundary
compliance_boundary,allpairs_gs_obf,false rejection of the component compliance gate (first crossing),5920,8000,102,47,-0.0068750000000000755,2.303778206650836e-06,2.0588736189172185,2.0146286151040447,z vs boundary
compliance_boundary,allpairs_gs_obf,false rejection of the component compliance gate (first crossing),5945,7000,80,34,-0.006571428571428561,2.3048307192572952e-06,2.2583626617168613,2.1598142720958515,z vs boundary
compliance_boundary,allpairs_gs_obf,false rejection of the component compliance gate (first crossing),5974,8000,94,45,-0.006125000000000047,2.1509309757469736e-06,2.6421560847472727,2.0146286151040447,z vs boundary
compliance_boundary,allpairs_gs_obf,false rejection of the component compliance gate (first crossing),5985,7000,79,35,-0.006285714285714228,2.3050931474175415e-06,2.4464202793796166,2.1598142720958515,z vs boundary
compliance_boundary,allpairs_gs_obf,false rejection of the component compliance gate (first crossing),5995,4000,33,19,-0.0034999999999999476,3.2281507876969126e-06,3.6177324915667355,2.906130928702722,z vs boundary
compliance_boundary,allpairs_gs_obf,false rejection of the component compliance gate (first crossing),5997,8000,94,42,-0.006500000000000061,2.1045599449931268e-06,2.4126115029089545,2.0146286151040447,z vs boundary
compliance_boundary,allpairs_gs_obf,false rejection of the component compliance gate (first crossing),6003,9000,115,55,-0.00666666666666671,2.076705367811775e-06,2.3130834568703866,1.8952910023547518,z vs boundary
compliance_boundary,allpairs_gs_obf,false rejection of the component compliance gate (first crossing),6025,6000,64,30,-0.005666666666666709,2.588412883628765e-06,2.693427693521893,2.341741367771298,z vs boundary
compliance_boundary,allpairs_gs_obf,false rejection of the component compliance gate (first crossing),6032,10000,129,55,-0.007400000000000073,1.8205160516051632e-06,1.9269750507673018,1.794944269526594,z vs boundary
compliance_boundary,allpairs_gs_obf,false rejection of the component compliance gate (first crossing),6039,6000,75,41,-0.005666666666666598,3.188929636420891e-06,2.42660802356154,2.341741367771298,z vs boundary
compliance_boundary,allpairs_gs_obf,false rejection of the component compliance gate (first crossing),6045,9000,117,54,-0.007000000000000006,2.0885653961551363e-06,2.075855961492774,1.8952910023547518,z vs boundary
compliance_boundary,allpairs_gs_obf,false rejection of the component compliance gate (first crossing),6046,7000,92,48,-0.006285714285714228,2.8261530072809206e-06,2.209415887322074,2.1598142720958515,z vs boundary
compliance_boundary,allpairs_gs_obf,false rejection of the component compliance gate (first crossing),6068,9000,121,58,-0.007000000000000006,2.185421151046975e-06,2.0293347103427424,1.8952910023547518,z vs boundary
compliance_boundary,allpairs_gs_obf,false rejection of the component compliance gate (first crossing),6192,7000,83,37,-0.006571428571428561,2.425250254409565e-06,2.201582286340999,2.1598142720958515,z vs boundary
compliance_boundary,allpairs_gs_obf,false rejection of the component compliance gate (first crossing),6200,6000,72,40,-0.005333333333333301,3.0802170732159245e-06,2.658986418598808,2.341741367771298,z vs boundary
compliance_boundary,allpairs_gs_obf,false rejection of the component compliance gate (first crossing),6201,10000,125,57,-0.006799999999999917,1.801306130613065e-06,2.3842742846373395,1.794944269526594,z vs boundary
compliance_boundary,allpairs_gs_obf,false rejection of the component compliance gate (first crossing),6224,8000,112,59,-0.006624999999999992,2.6409062851606566e-06,2.076812466561482,2.0146286151040447,z vs boundary
compliance_boundary,allpairs_gs_obf,false rejection of the component compliance gate (first crossing),6233,7000,83,37,-0.006571428571428561,2.425250254409565e-06,2.201582286340999,2.1598142720958515,z vs boundary
compliance_boundary,allpairs_gs_obf,false rejection of the component compliance gate (first crossing),6246,9000,126,62,-0.007111111111111068,2.294191810063965e-06,1.907286680946592,1.8952910023547518,z vs boundary
compliance_boundary,allpairs_gs_obf,false rejection of the component compliance gate (first crossing),6277,5000,55,33,-0.0043999999999999595,3.487785557111426e-06,2.998562735660929,2.5789649844578957,z vs boundary
compliance_boundary,allpairs_gs_obf,false rejection of the component compliance gate (first crossing),6281,9000,113,49,-0.007111111111111068,1.9794106066654843e-06,2.053349571798455,1.8952910023547518,z vs boundary
compliance_boundary,allpairs_gs_obf,false rejection of the component compliance gate (first crossing),6302,7000,77,40,-0.005285714285714338,2.3661426851066176e-06,3.0647526887510055,2.1598142720958515,z vs boundary
compliance_boundary,allpairs_gs_obf,false rejection of the component compliance gate (first crossing),6308,3000,28,26,-0.0006666666666665932,5.9479085621132455e-06,3.826966273805533,3.396230702295522,z vs boundary
compliance_boundary,allpairs_gs_obf,false rejection of the component compliance gate (first crossing),6324,7000,86,45,-0.005857142857142783,2.646380969876141e-06,2.546676468764768,2.1598142720958515,z vs boundary
compliance_boundary,allpairs_gs_obf,false rejection of the component compliance gate (first crossing),6350,9000,108,42,-0.007333333333333303,1.83363583608055e-06,1.9693013935302468,1.8952910023547518,z vs boundary
compliance_boundary,allpairs_gs_obf,false rejection of the component compliance gate (first crossing),6356,9000,119,56,-0.007000000000000006,2.137004248757416e-06,2.0521947011457864,1.8952910023547518,z vs boundary
compliance_boundary,allpairs_gs_obf,false rejection of the component compliance gate (first crossing),6359,7000,93,50,-0.006142857142857117,2.886275298803597e-06,2.2703710890440782,2.1598142720958515,z vs boundary
compliance_boundary,allpairs_gs_obf,false rejection of the component compliance gate (first crossing),6379,9000,109,45,-0.007111111111111068,1.882368274115489e-06,2.105612941835018,1.8952910023547518,z vs boundary
compliance_boundary,allpairs_gs_obf,false rejection of the component compliance gate (first crossing),6380,9000,118,55,-0.007000000000000006,2.112787566245352e-06,2.063922276465381,1.8952910023547518,z vs boundary
compliance_boundary,allpairs_gs_obf,false rejection of the component compliance gate (first crossing),6387,9000,116,52,-0.007111111111111068,2.0521347365070644e-06,2.016637796679194,1.8952910023547518,z vs boundary
compliance_boundary,allpairs_gs_obf,false rejection of the component compliance gate (first crossing),6424,9000,117,55,-0.006888888888888944,2.1007629105565987e-06,2.146480766175945,1.8952910023547518,z vs boundary
compliance_boundary,allpairs_gs_obf,false rejection of the component compliance gate (first crossing),6438,9000,108,43,-0.007222222222222241,1.8458662759511042e-06,2.0445483324066793,1.8952910023547518,z vs boundary
compliance_boundary,allpairs_gs_obf,false rejection of the component compliance gate (first crossing),6455,5000,59,36,-0.0046000000000000485,3.762536507301467e-06,2.7838985100593585,2.5789649844578957,z vs boundary
compliance_boundary,allpairs_gs_obf,false rejection of the component compliance gate (first crossing),6463,9000,119,56,-0.007000000000000006,2.137004248757416e-06,2.0521947011457864,1.8952910023547518,z vs boundary
compliance_boundary,allpairs_gs_obf,false rejection of the component compliance gate (first crossing),6466,9000,111,47,-0.007111111111111068,1.930900415546847e-06,2.0789828201958347,1.8952910023547518,z vs boundary
compliance_boundary,allpairs_gs_obf,false rejection of the component compliance gate (first crossing),6468,8000,105,59,-0.005750000000000033,2.53448477934743e-06,2.669587046380786,2.0146286151040447,z vs boundary
compliance_boundary,allpairs_gs_obf,false rejection of the component compliance gate (first crossing),6479,4000,34,18,-0.0040000000000000036,3.2276819204800704e-06,3.339687919256014,2.906130928702722,z vs boundary
compliance_boundary,allpairs_gs_obf,false rejection of the component compliance gate (first crossing),6480,5000,52,28,-0.0047999999999999154,3.172730546109205e-06,2.919353919987226,2.5789649844578957,z vs boundary
compliance_boundary,allpairs_gs_obf,false rejection of the component compliance gate (first crossing),6496,5000,58,34,-0.0048000000000000265,3.644568913782811e-06,2.7238316401530764,2.5789649844578957,z vs boundary
compliance_boundary,allpairs_gs_obf,false rejection of the component compliance gate (first crossing),6511,9000,111,45,-0.007333333333333303,1.9064587423293827e-06,1.9313235078102207,1.8952910023547518,z vs boundary
compliance_boundary,allpairs_gs_obf,false rejection of the component compliance gate (first crossing),6516,5000,52,30,-0.0043999999999999595,3.2518183636726964e-06,3.105452475424017,2.5789649844578957,z vs boundary
compliance_boundary,allpairs_gs_obf,false rejection of the component compliance gate (first crossing),6560,9000,113,49,-0.007111111111111068,1.9794106066654843e-06,2.053349571798455,1.8952910023547518,z vs boundary
compliance_boundary,allpairs_gs_obf,false rejection of the component compliance gate (first crossing),6623,8000,100,49,-0.0063749999999999085,2.3041923209151183e-06,2.388078773757589,2.0146286151040447,z vs boundary
compliance_boundary,allpairs_gs_obf,false rejection of the component compliance gate (first crossing),6668,9000,112,48,-0.007111111111111179,1.9551582548952527e-06,2.0660454948734395,1.8952910023547518,z vs boundary
compliance_boundary,allpairs_gs_obf,false rejection of the component compliance gate (first crossing),6678,8000,99,45,-0.006750000000000034,2.227180741342666e-06,2.1777380018886663,2.0146286151040447,z vs boundary
compliance_boundary,allpairs_gs_obf,false rejection of the component compliance gate (first crossing),6681,5000,56,32,-0.0048000000000000265,3.4874174834966856e-06,2.784526615572927,2.5789649844578957,z vs boundary
compliance_boundary,allpairs_gs_obf,false rejection of the component compliance gate (first crossing),6697,7000,87,42,-0.00642857142857145,2.605815408032047e-06,2.2124330873576605,2.1598142720958515,z vs boundary
compliance_boundary,allpairs_gs_obf,false rejection of the component compliance gate (first crossing),6727,4000,45,33,-0.0030000000000000027,4.827550637659394e-06,3.1859182012211367,2.906130928702722,z vs boundary
compliance_boundary,allpairs_gs_obf,false rejection of the component compliance gate (first crossing),6729,7000,84,43,-0.005857142857142894,2.5662412414601457e-06,2.5861351540851376,2.1598142720958515,z vs boundary
compliance_boundary,allpairs_gs_obf,false rejection of the component compliance gate (first crossing),6734,5000,58,35,-0.0046000000000000485,3.684024804961022e-06,2.8134065030792685,2.5789649844578957,z vs boundary
compliance_boundary,allpairs_gs_obf,false rejection of the component compliance gate (first crossing),6753,9000,113,53,-0.006666666666666599,2.0282390773186005e-06,2.3405567322204948,1.8952910023547518,z vs boundary
compliance_boundary,allpairs_gs_obf,false rejection of the component compliance gate (first crossing),6763,7000,88,43,-0.00642857142857145,2.645879440503147e-06,2.1956188103432472,2.1598142720958515,z vs boundary
compliance_boundary,allpairs_gs_obf,false rejection of the component compliance gate (first crossing),6768,7000,91,48,-0.006142857142857117,2.806275532073095e-06,2.3025049329359732,2.1598142720958515,z vs boundary
compliance_boundary,allpairs_gs_obf,false rejection of the component compliance gate (first crossing),6785,8000,112,59,-0.006624999999999992,2.6409062851606566e-06,2.076812466561482,2.0146286151040447,z vs boundary
compliance_boundary,allpairs_gs_obf,false rejection of the component compliance gate (first crossing),6822,5000,59,34,-0.0050000000000000044,3.683640728145682e-06,2.605141824018754,2.5789649844578957,z vs boundary
compliance_boundary,allpairs_gs_obf,false rejection of the component compliance gate (first crossing),6843,6000,64,30,-0.005666666666666709,2.588412883628765e-06,2.693427693521893,2.341741367771298,z vs boundary
compliance_boundary,allpairs_gs_obf,false rejection of the component compliance gate (first crossing),6846,6000,78,47,-0.005166666666666653,3.434401103887695e-06,2.6080819890356466,2.341741367771298,z vs boundary
compliance_boundary,allpairs_gs_obf,false rejection of the component compliance gate (first crossing),6864,10000,132,57,-0.007499999999999951,1.8695139513951332e-06,1.828418696176534,1.794944269526594,z vs boundary
compliance_boundary,allpairs_gs_obf,false rejection of the component compliance gate (first crossing),6881,9000,115,52,-0.007000000000000006,2.0401045932401146e-06,2.1003662825863416,1.8952910023547518,z vs boundary
compliance_boundary,allpairs_gs_obf,false rejection of the component compliance gate (first crossing),6904,8000,91,34,-0.007125000000000048,1.9349352262782884e-06,2.0668294133639655,2.0146286151040447,z vs boundary
compliance_boundary,allpairs_gs_obf,false rejection of the component compliance gate (first crossing),6920,7000,89,44,-0.006428571428571339,2.685931809500488e-06,2.179186889187458,2.1598142720958515,z vs boundary
compliance_boundary,allpairs_gs_obf,false rejection of the component compliance gate (first crossing),6935,7000,81,38,-0.006142857142857117,2.4055768899930257e-06,2.4868872896788283,2.1598142720958515,z vs boundary
compliance_boundary,allpairs_gs_obf,false rejection of the component compliance gate (first crossing),6937,6000,61,27,-0.005666666666666709,2.42424663369818e-06,2.7831313090631697,2.341741367771298,z vs boundary
compliance_boundary,allpairs_gs_obf,false rejection of the component compliance gate (first crossing),6943,7000,89,47,-0.006000000000000005,2.746369014815501e-06,2.413684747238706,2.1598142720958515,z vs boundary
compliance_boundary,allpairs_gs_obf,false rejection of the component compliance gate (first crossing),6952,7000,80,39,-0.005857142857142894,2.405821822942643e-06,2.6709651892156683,2.1598142720958515,z vs boundary
compliance_boundary,allpairs_gs_obf,false rejection of the component compliance gate (first crossing),6961,8000,102,48,-0.006750000000000034,2.3192195899487463e-06,2.134088500392507,2.0146286151040447,z vs boundary
compliance_boundary,allpairs_gs_obf,false rejection of the component compliance gate (first crossing),6973,10000,131,56,-0.007499999999999951,1.8498879887988888e-06,1.8380922011890801,1.794944269526594,z vs boundary
compliance_boundary,allpairs_gs_obf,false rejection of the component compliance gate (first crossing),6990,10000,123,51,-0.007199999999999984,1.722442244224412e-06,2.1334658577985515,1.794944269526594,z vs boundary
compliance_boundary,allpairs_gs_obf,false rejection of the component compliance gate (first crossing),7005,7000,84,39,-0.00642857142857145,2.485553329775973e-06,2.2653245196893734,2.1598142720958515,z vs boundary
compliance_boundary,allpairs_gs_obf,false rejection of the component compliance gate (first crossing),7019,9000,122,60,-0.006888888888888833,2.2218051662804856e-06,2.0871926453112954,1.8952910023547518,z vs boundary
compliance_boundary,allpairs_gs_obf,false rejection of the component compliance gate (first crossing),7037,4000,38,24,-0.0034999999999999476,3.844398599649877e-06,3.3151192208442093,2.906130928702722,z vs boundary
compliance_boundary,allpairs_gs_obf,false rejection of the component compliance gate (first crossing),7041,7000,72,24,-0.006857142857142784,1.9426681945817326e-06,2.254889819477428,2.1598142720958515,z vs boundary
compliance_boundary,allpairs_gs_obf,false rejection of the component compliance gate (first crossing),7064,7000,85,39,-0.006571428571428561,2.5054716271420564e-06,2.1660498990460195,2.1598142720958515,z vs boundary
compliance_boundary,allpairs_gs_obf,false rejection of the component compliance gate (first crossing),7070,10000,127,52,-0.007500000000000062,1.7713441344134644e-06,1.8784019780335188,1.794944269526594,z vs boundary
compliance_boundary,allpairs_gs_obf,false rejection of the component compliance gate (first crossing),7079,8000,92,41,-0.0063749999999999085,2.0585678678585027e-06,2.5265355656139574,2.0146286151040447,z vs boundary
compliance_boundary,allpairs_gs_obf,false rejection of the component compliance gate (first crossing),7108,8000,96,42,-0.006750000000000034,2.1350715714464245e-06,2.224216929377708,2.0146286151040447,z vs boundary
compliance_boundary,allpairs_gs_obf,false rejection of the component compliance gate (first crossing),7147,5000,58,38,-0.0040000000000000036,3.8022964592919095e-06,3.077005431196001,2.5789649844578957,z vs boundary
compliance_boundary,allpairs_gs_obf,false rejection of the component compliance gate (first crossing),7152,9000,117,53,-0.007111111111111068,2.076365137964598e-06,2.0048365637497114,1.8952910023547518,z vs boundary
compliance_boundary,allpairs_gs_obf,false rejection of the component compliance gate (first crossing),7202,4000,42,26,-0.0040000000000000036,4.212928232057978e-06,2.9232046437982633,2.906130928702722,z vs boundary
compliance_boundary,allpairs_gs_obf,false rejection of the component compliance gate (first crossing),7229,10000,128,53,-0.007500000000000062,1.790986098609847e-06,1.8680732484153895,1.794944269526594,z vs boundary
compliance_boundary,allpairs_gs_obf,false rejection of the component compliance gate (first crossing),7250,4000,35,20,-0.003750000000000031,3.4129626156539135e-06,3.383095455313,2.906130928702722,z vs boundary
compliance_boundary,allpairs_gs_obf,false rejection of the component compliance gate (first crossing),7256,9000,106,43,-0.007000000000000006,1.8217593450026646e-06,2.222673909966595,1.8952910023547518,z vs boundary
compliance_boundary,allpairs_gs_obf,false rejection of the component compliance gate (first crossing),7258,9000,117,52,-0.007222222222222241,2.0641621359849384e-06,1.9334172790439752,1.8952910023547518,z vs boundary
compliance_boundary,allpairs_gs_obf,false rejection of the component compliance gate (first crossing),7270,10000,134,59,-0.007499999999999951,1.9087538753875336e-06,1.8095268964531157,1.794944269526594,z vs boundary
compliance_boundary,allpairs_gs_obf,false rejection of the component compliance gate (first crossing),7300,9000,111,50,-0.0067777777777777715,1.967542346954872e-06,2.297171630877105,1.8952910023547518,z vs boundary
compliance_boundary,allpairs_gs_obf,false rejection of the component compliance gate (first crossing),7341,10000,127,51,-0.007600000000000051,1.7614461446144837e-06,1.808325293910772,1.794944269526594,z vs boundary
compliance_boundary,allpairs_gs_obf,false rejection of the component compliance gate (first crossing),7369,9000,106,42,-0.007111111111111068,1.8095289051321104e-06,2.147573696619299,1.8952910023547518,z vs boundary
compliance_boundary,allpairs_gs_obf,false rejection of the component compliance gate (first crossing),7406,7000,87,43,-0.006285714285714339,2.6259786383477483e-06,2.292079693140369,2.1598142720958515,z vs boundary
compliance_boundary,allpairs_gs_obf,false rejection of the component compliance gate (first crossing),7439,9000,118,54,-0.007111111111111068,2.1005900518438895e-06,1.9932427189086313,1.8952910023547518,z vs boundary
compliance_boundary,allpairs_gs_obf,false rejection of the component compliance gate (first crossing),7469,7000,86,48,-0.005428571428571338,2.7068006799805064e-06,2.7785857228059894,2.1598142720958515,z vs boundary
compliance_boundary,allpairs_gs_obf,false rejection of the component compliance gate (first crossing),7520,6000,68,37,-0.005166666666666653,2.8894028634401845e-06,2.8434310272786725,2.341741367771298,z vs boundary
compliance_boundary,allpairs_gs_obf,false rejection of the component compliance gate (first crossing),7527,6000,69,38,-0.005166666666666653,2.9439860347094723e-06,2.8169482895350453,2.341741367771298,z vs boundary
compliance_boundary,allpairs_gs_obf,false rejection of the component compliance gate (first crossing),7552,4000,46,35,-0.002749999999999919,5.0115497624406326e-06,3.238560264784023,2.906130928702722,z vs boundary
compliance_boundary,allpairs_gs_obf,false rejection of the component compliance gate (first crossing),7611,10000,139,65,-0.007400000000000073,2.016655665566551e-06,1.8308698483583232,1.794944269526594,z vs boundary
compliance_boundary,allpairs_gs_obf,false rejection of the component compliance gate (first crossing),7614,9000,107,44,-0.006999999999999895,1.8460418784529118e-06,2.2080071745000125,1.8952910023547518,z vs boundary
compliance_boundary,allpairs_gs_obf,false rejection of the component compliance gate (first crossing),7673,7000,87,46,-0.005857142857142894,2.686433338873501e-06,2.5276208180591246,2.1598142720958515,z vs boundary
compliance_boundary,allpairs_gs_obf,false rejection of the component compliance gate (first crossing),7692,6000,68,32,-0.006000000000000005,2.752088311014752e-06,2.411175424144166,2.341741367771298,z vs boundary
compliance_boundary,allpairs_gs_obf,false rejection of the component compliance gate (first crossing),7720,10000,126,55,-0.007099999999999995,1.7912781278127578e-06,2.1667883225487987,1.794944269526594,z vs boundary
compliance_boundary,allpairs_gs_obf,false rejection of the component compliance gate (first crossing),7724,10000,137,63,-0.007400000000000073,1.977459745974589e-06,1.8489259682711978,1.794944269526594,z vs boundary
compliance_boundary,allpairs_gs_obf,false rejection of the component compliance gate (first crossing),7740,9000,102,39,-0.007000000000000006,1.7245743354199536e-06,2.2844428371984917,1.8952910023547518,z vs boundary
compliance_boundary,allpairs_gs_obf,false rejection of the component compliance gate (first crossing),7763,10000,133,61,-0.007199999999999984,1.9187818781878044e-06,2.0213672604486703,1.794944269526594,z vs boundary
compliance_boundary,allpairs_gs_obf,false rejection of the component compliance gate (first crossing),7779,7000,81,35,-0.006571428571428561,2.344982227781798e-06,2.2389449932076078,2.1598142720958515,z vs boundary
compliance_boundary,allpairs_gs_obf,false rejection of the component compliance gate (first crossing),7780,6000,67,32,-0.005833333333333357,2.7249310070196676e-06,2.524125840504466,2.341741367771298,z vs boundary
compliance_boundary,allpairs_gs_obf,false rejection of the component compliance gate (first crossing),7790,10000,140,70,-0.007000000000000006,2.0757075707570865e-06,2.0822754079343193,1.794944269526594,z vs boundary
compliance_boundary,allpairs_gs_obf,false rejection of the component compliance gate (first crossing),7820,6000,65,29,-0.006000000000000005,2.588088755533352e-06,2.486396629411666,2.341741367771298,z vs boundary
compliance_boundary,allpairs_gs_obf,false rejection of the component compliance gate (first crossing),7828,8000,95,39,-0.007000000000000006,2.0734115201900054e-06,2.0834280220489427,2.0146286151040447,z vs boundary
compliance_boundary,allpairs_gs_obf,false rejection of the component compliance gate (first crossing),7848,9000,114,49,-0.007222222222222241,1.9914462375106313e-06,1.9683993186847177,1.8952910023547518,z vs boundary
compliance_boundary,allpairs_gs_obf,false rejection of the component compliance gate (first crossing),7849,10000,121,52,-0.006900000000000017,1.712826282628258e-06,2.3686725908433903,1.794944269526594,z vs boundary
compliance_boundary,allpairs_gs_obf,false rejection of the component compliance gate (first crossing),7851,10000,117,49,-0.006800000000000028,1.6440744074407583e-06,2.495681983668459,1.794944269526594,z vs boundary
compliance_boundary,allpairs_gs_obf,false rejection of the component compliance gate (first crossing),7858,10000,140,67,-0.007299999999999973,2.046115611561171e-06,1.8875509345596078,1.794944269526594,z vs boundary
compliance_boundary,allpairs_gs_obf,false rejection of the component compliance gate (first crossing),7928,5000,57,33,-0.0047999999999999154,3.5660092018403846e-06,2.7536713995010156,2.5789649844578957,z vs boundary
compliance_boundary,allpairs_gs_obf,false rejection of the component compliance gate (first crossing),7931,10000,131,57,-0.007399999999999962,1.8597759775977672e-06,1.9065273118608077,1.794944269526594,z vs boundary
compliance_boundary,allpairs_gs_obf,false rejection of the component compliance gate (first crossing),7940,9000,113,51,-0.006888888888888833,2.003830329570228e-06,2.1977842109093078,1.8952910023547518,z vs boundary
compliance_boundary,allpairs_gs_obf,false rejection of the component compliance gate (first crossing),7941,9000,111,45,-0.007333333333333303,1.9064587423293827e-06,1.9313235078102207,1.8952910023547518,z vs boundary
compliance_boundary,allpairs_gs_obf,false rejection of the component compliance gate (first crossing),7947,7000,78,39,-0.0055714285714285605,2.3659210791045726e-06,2.8791449308568473,2.1598142720958515,z vs boundary
compliance_boundary,allpairs_gs_obf,false rejection of the component compliance gate (first crossing),7966,9000,118,53,-0.00722222222222213,2.088389793653351e-06,1.9221696610692807,1.8952910023547518,z vs boundary
compliance_boundary,allpairs_gs_obf,false rejection of the component compliance gate (first crossing),7968,5000,57,35,-0.0043999999999999595,3.644936987397478e-06,2.93320903882242,2.5789649844578957,z vs boundary
compliance_boundary,allpairs_gs_obf,false rejection of the component compliance gate (first crossing),7993,7000,87,43,-0.006285714285714339,2.6259786383477483e-06,2.292079693140369,2.1598142720958515,z vs boundary
compliance_boundary,allpairs_gs_obf,false rejection of the component compliance gate (first crossing),7995,10000,122,49,-0.007299999999999973,1.6928842884288503e-06,2.075153021224917,1.794944269526594,z vs boundary
compliance_boundary,allpairs_gs_obf,false rejection of the component compliance gate (first crossing),7999,8000,98,43,-0.0068749999999999645,2.1810284879359897e-06,2.1160179748420753,2.0146286151040447,z vs boundary
compliance_boundary,allpairs_gs_obf,false rejection of the component compliance gate (first crossing),8008,6000,66,32,-0.005666666666666709,2.6977644422218305e-06,2.6382751357420164,2.341741367771298,z vs boundary
compliance_boundary,allpairs_gs_obf,false rejection of the component compliance gate (first crossing),8051,7000,85,42,-0.006142857142857117,2.5659963085105278e-06,2.407895918169728,2.1598142720958515,z vs boundary
compliance_boundary,allpairs_gs_obf,false rejection of the component compliance gate (first crossing),8061,6000,73,42,-0.005166666666666653,3.1621335037321082e-06,2.7180450252236312,2.341741367771298,z vs boundary
compliance_boundary,allpairs_gs_obf,false rejection of the component compliance gate (first crossing),8112,7000,89,44,-0.006428571428571339,2.685931809500488e-06,2.179186889187458,2.1598142720958515,z vs boundary
compliance_boundary,allpairs_gs_obf,false rejection of the component compliance gate (first crossing),8127,6000,67,31,-0.006000000000000005,2.6974403141264164e-06,2.4354772064715884,2.341741367771298,z vs boundary
compliance_boundary,allpairs_gs_obf,false rejection of the component compliance gate (first crossing),8139,9000,112,50,-0.006888888888888944,1.9795834653781936e-06,2.2112029905850834,1.8952910023547518,z vs boundary
compliance_boundary,allpairs_gs_obf,false rejection of the component compliance gate (first crossing),8147,8000,104,49,-0.0068749999999999645,2.3651061851481638e-06,2.0320046608297178,2.0146286151040447,z vs boundary
compliance_boundary,allpairs_gs_obf,false rejection of the component compliance gate (first crossing),8179,8000,105,50,-0.0068750000000000755,2.395758454181784e-06,2.01896368321592,2.0146286151040447,z vs boundary
compliance_boundary,allpairs_gs_obf,false rejection of the component compliance gate (first crossing),8185,8000,101,53,-0.006000000000000005,2.381137485935738e-06,2.5921955173768136,2.0146286151040447,z vs boundary
compliance_boundary,allpairs_gs_obf,false rejection of the component compliance gate (first crossing),8190,5000,54,31,-0.0046000000000000485,3.3696579315862993e-06,2.941716739563134,2.5789649844578957,z vs boundary
compliance_boundary,allpairs_gs_obf,false rejection of the component compliance gate (first crossing),8194,7000,78,36,-0.006000000000000005,2.3053439121040476e-06,2.634463160645405,2.1598142720958515,z vs boundary
compliance_boundary,allpairs_gs_obf,false rejection of the component compliance gate (first crossing),8216,8000,107,53,-0.006750000000000034,2.472461401425189e-06,2.0668958858103914,2.0146286151040447,z vs boundary
compliance_boundary,allpairs_gs_obf,false rejection of the component compliance gate (first crossing),8255,9000,119,54,-0.007222222222222241,2.112611963743567e-06,1.9111185670047723,1.8952910023547518,z vs boundary
compliance_boundary,allpairs_gs_obf,false rejection of the component compliance gate (first crossing),8268,4000,46,34,-0.0030000000000000027,4.95011252813202e-06,3.1462302634746857,2.906130928702722,z vs boundary
compliance_boundary,allpairs_gs_obf,false rejection of the component compliance gate (first crossing),8273,9000,129,67,-0.006888888888888833,2.3910338460103336e-06,2.0119753704934467,1.8952910023547518,z vs boundary
compliance_boundary,allpairs_gs_obf,false rejection of the component compliance gate (first crossing),8293,9000,111,52,-0.006555555555555537,1.9919565822814186e-06,2.440502463352047,1.8952910023547518,z vs boundary
compliance_boundary,allpairs_gs_obf,false rejection of the component compliance gate (first crossing),8313,10000,116,39,-0.00770000000000004,1.5351765176517844e-06,1.856302188359469,1.794944269526594,z vs boundary
compliance_boundary,allpairs_gs_obf,false rejection of the component compliance gate (first crossing),8315,6000,74,39,-0.005833333333333357,3.107013205904657e-06,2.3638352720768796,2.341741367771298,z vs boundary
compliance_boundary,allpairs_gs_obf,false rejection of the component compliance gate (first crossing),8321,5000,51,32,-0.0038000000000000256,3.2916583316663184e-06,3.4173095051554943,2.5789649844578957,z vs boundary
compliance_boundary,allpairs_gs_obf,false rejection of the component compliance gate (first crossing),8325,9000,114,54,-0.00666666666666671,2.052474966354286e-06,2.3266968982085867,1.8952910023547518,z vs boundary
compliance_boundary,allpairs_gs_obf,false rejection of the component compliance gate (first crossing),8333,5000,53,26,-0.005400000000000071,3.1327465493098936e-06,2.5989337056806776,2.5789649844578957,z vs boundary
compliance_boundary,allpairs_gs_obf,false rejection of the component compliance gate (first crossing),8356,10000,135,62,-0.007299999999999973,1.9481258125812294e-06,1.9344399995644146,1.794944269526594,z vs boundary
compliance_boundary,allpairs_gs_obf,false rejection of the component compliance gate (first crossing),8359,10000,126,50,-0.00759999999999994,1.7417981798179743e-06,1.8184958970528007,1.794944269526594,z vs boundary
compliance_boundary,allpairs_gs_obf,false rejection of the component compliance gate (first crossing),8363,7000,89,46,-0.006142857142857117,2.72622911144741e-06,2.3360629881352506,2.1598142720958515,z vs boundary
compliance_boundary,allpairs_gs_obf,false rejection of the component compliance gate (first crossing),8399,5000,52,27,-0.0050000000000000044,3.133162632526469e-06,2.824740359866227,2.5789649844578957,z vs boundary
compliance_boundary,allpairs_gs_obf,false rejection of the component compliance gate (first crossing),8432,8000,98,44,-0.006750000000000034,2.196485498187243e-06,2.1929018343465874,2.0146286151040447,z vs boundary
compliance_boundary,allpairs_gs_obf,false rejection of the component compliance gate (first crossing),8445,7000,80,34,-0.006571428571428561,2.3048307192572952e-06,2.2583626617168613,2.1598142720958515,z vs boundary
compliance_boundary,allpairs_gs_obf,false rejection of the component compliance gate (first crossing),8468,10000,132,58,-0.007399999999999962,1.8793999399940063e-06,1.8965475844672663,1.794944269526594,z vs boundary
compliance_boundary,allpairs_gs_obf,false rejection of the component compliance gate (first crossing),8544,10000,135,62,-0.007299999999999973,1.9481258125812294e-06,1.9344399995644146,1.794944269526594,z vs boundary
compliance_boundary,allpairs_gs_obf,false rejection of the component compliance gate (first crossing),8546,10000,125,51,-0.007399999999999962,1.741948194819487e-06,1.9699523910697432,1.794944269526594,z vs boundary
compliance_boundary,allpairs_gs_obf,false rejection of the component compliance gate (first crossing),8552,5000,60,37,-0.0046000000000000485,3.841016203240604e-06,2.755311407094231,2.5789649844578957,z vs boundary
compliance_boundary,allpairs_gs_obf,false rejection of the component compliance gate (first crossing),8571,8000,115,66,-0.006125000000000047,2.794136376422042e-06,2.3181840167188446,2.0146286151040447,z vs boundary
compliance_boundary,allpairs_gs_obf,false rejection of the component compliance gate (first crossing),8593,9000,114,48,-0.007333333333333414,1.9792322603746005e-06,1.895484998927748,1.8952910023547518,z vs boundary
compliance_boundary,allpairs_gs_obf,false rejection of the component compliance gate (first crossing),8643,10000,126,53,-0.007299999999999973,1.7714921492148983e-06,2.0285893828462034,1.794944269526594,z vs boundary
compliance_boundary,allpairs_gs_obf,false rejection of the component compliance gate (first crossing),8656,4000,42,31,-0.002749999999999919,4.5210521380345035e-06,3.4097163244959408,2.906130928702722,z vs boundary
compliance_boundary,allpairs_gs_obf,false rejection of the component compliance gate (first crossing),8666,9000,128,65,-0.007000000000000006,2.354707450347711e-06,1.9550270726512662,1.8952910023547518,z vs boundary
compliance_boundary,allpairs_gs_obf,false rejection of the component compliance gate (first crossing),8668,9000,115,50,-0.007222222222222241,2.0156903579135675e-06,1.9565258490764843,1.8952910023547518,z vs boundary
compliance_boundary,allpairs_gs_obf,false rejection of the component compliance gate (first crossing),8682,5000,60,37,-0.0046000000000000485,3.841016203240604e-06,2.755311407094231,2.5789649844578957,z vs boundary
compliance_boundary,allpairs_gs_obf,false rejection of the component compliance gate (first crossing),8685,4000,41,25,-0.0040000000000000036,4.089991247811945e-06,2.9668122329462694,2.906130928702722,z vs boundary
compliance_boundary,allpairs_gs_obf,false rejection of the component compliance gate (first crossing),8686,10000,129,54,-0.007500000000000062,1.8106240624062545e-06,1.857915101793188,1.794944269526594,z vs boundary
compliance_boundary,allpairs_gs_obf,false rejection of the component compliance gate (first crossing),8732,6000,75,42,-0.005499999999999949,3.216327721286885e-06,2.50918317532029,2.341741367771298,z vs boundary
compliance_boundary,allpairs_gs_obf,false rejection of the component compliance gate (first crossing),8784,6000,67,31,-0.006000000000000005,2.6974403141264164e-06,2.4354772064715884,2.341741367771298,z vs boundary
compliance_boundary,allpairs_gs_obf,false rejection of the component compliance gate (first crossing),8827,8000,111,58,-0.006624999999999992,2.610316523940483e-06,2.08894589139995,2.0146286151040447,z vs boundary
compliance_boundary,allpairs_gs_obf,false rejection of the component compliance gate (first crossing),8840,8000,98,45,-0.006624999999999992,2.211938601700197e-06,2.269275598920133,2.0146286151040447,z vs boundary
compliance_boundary,allpairs_gs_obf,false rejection of the component compliance gate (first crossing),8867,9000,110,46,-0.007111111111111179,1.906637088620289e-06,2.092169276136311,1.8952910023547518,z vs boundary
compliance_boundary,allpairs_gs_obf,false rejection of the component compliance gate (first crossing),8881,3000,28,22,-0.0020000000000000018,5.510429402393322e-06,3.407981790812183,3.396230702295522,z vs boundary
compliance_boundary,allpairs_gs_obf,false rejection of the component compliance gate (first crossing),8903,7000,84,39,-0.00642857142857145,2.485553329775973e-06,2.2653245196893734,2.1598142720958515,z vs boundary
compliance_boundary,allpairs_gs_obf,false rejection of the component compliance gate (first crossing),8925,10000,128,58,-0.007000000000000006,1.840436043604379e-06,2.2113673326870606,1.794944269526594,z vs boundary
compliance_boundary,allpairs_gs_obf,false rejection of the component compliance gate (first crossing),8964,8000,102,48,-0.006750000000000034,2.3192195899487463e-06,2.134088500392507,2.0146286151040447,z vs boundary
compliance_boundary,allpairs_gs_obf,false rejection of the component compliance gate (first crossing),9011,6000,66,35,-0.005166666666666653,2.78018095608529e-06,2.8987463543030865,2.341741367771298,z vs boundary
compliance_boundary,allpairs_gs_obf,false rejection of the component compliance gate (first crossing),9013,9000,111,45,-0.007333333333333303,1.9064587423293827e-06,1.9313235078102207,1.8952910023547518,z vs boundary
compliance_boundary,allpairs_gs_obf,false rejection of the component compliance gate (first crossing),9029,10000,127,51,-0.007600000000000051,1.7614461446144837e-06,1.808325293910772,1.794944269526594,z vs boundary
compliance_boundary,allpairs_gs_obf,false rejection of the component compliance gate (first crossing),9051,10000,133,58,-0.007499999999999951,1.8891359135913666e-06,1.8188982559195066,1.794944269526594,z vs boundary
compliance_boundary,allpairs_gs_obf,false rejection of the component compliance gate (first crossing),9061,10000,129,58,-0.007099999999999995,1.8501800180018358e-06,2.132018676394802,1.794944269526594,z vs boundary
compliance_boundary,allpairs_gs_obf,false rejection of the component compliance gate (first crossing),9082,9000,112,53,-0.006555555555555537,2.0162007026843997e-06,2.425784984775949,1.8952910023547518,z vs boundary
compliance_boundary,allpairs_gs_obf,false rejection of the component compliance gate (first crossing),9087,10000,123,49,-0.007399999999999962,1.7026402640263965e-06,1.992562250606806,1.794944269526594,z vs boundary
compliance_boundary,allpairs_gs_obf,false rejection of the component compliance gate (first crossing),9090,7000,85,41,-0.006285714285714228,2.5458272464579384e-06,2.3278813603256534,2.1598142720958515,z vs boundary
compliance_boundary,allpairs_gs_obf,false rejection of the component compliance gate (first crossing),9173,8000,106,52,-0.006750000000000034,2.441828666083256e-06,2.07982008085426,2.0146286151040447,z vs boundary
compliance_boundary,allpairs_gs_obf,false rejection of the component compliance gate (first crossing),9183,10000,135,62,-0.007299999999999973,1.9481258125812294e-06,1.9344399995644146,1.794944269526594,z vs boundary
compliance_boundary,allpairs_gs_obf,false rejection of the component compliance gate (first crossing),9200,4000,36,21,-0.003750000000000031,3.5362434358589497e-06,3.3236014532291414,2.906130928702722,z vs boundary
compliance_boundary,allpairs_gs_obf,false rejection of the component compliance gate (first crossing),9219,10000,133,59,-0.007399999999999962,1.899019901990179e-06,1.8867249381514872,1.794944269526594,z vs boundary
compliance_boundary,allpairs_gs_obf,false rejection of the component compliance gate (first crossing),9247,7000,88,44,-0.006285714285714228,2.666036839081978e-06,2.274794842192613,2.1598142720958515,z vs boundary
compliance_boundary,allpairs_gs_obf,false rejection of the component compliance gate (first crossing),9249,10000,130,60,-0.007000000000000006,1.8796879687968869e-06,2.188156468593015,1.794944269526594,z vs boundary
compliance_boundary,allpairs_gs_obf,false rejection of the component compliance gate (first crossing),9273,10000,126,51,-0.007499999999999951,1.751698169816979e-06,1.8889061063193033,1.794944269526594,z vs boundary
compliance_boundary,allpairs_gs_obf,false rejection of the component compliance gate (first crossing),9314,8000,101,48,-0.006624999999999992,2.303989170521306e-06,2.2234817053215328,2.0146286151040447,z vs boundary
compliance_boundary,allpairs_gs_obf,false rejection of the component compliance gate (first crossing),9335,7000,87,43,-0.006285714285714339,2.6259786383477483e-06,2.292079693140369,2.1598142720958515,z vs boundary
compliance_boundary,allpairs_gs_obf,false rejection of the component compliance gate (first crossing),9391,8000,99,48,-0.0063750000000000195,2.273516611451425e-06,2.4041355202526504,2.0146286151040447,z vs boundary
compliance_boundary,allpairs_gs_obf,false rejection of the component compliance gate (first crossing),9413,10000,132,57,-0.007499999999999951,1.8695139513951332e-06,1.828418696176534,1.794944269526594,z vs boundary
compliance_boundary,allpairs_gs_obf,false rejection of the component compliance gate (first crossing),9415,10000,133,67,-0.006599999999999939,1.9780198019801947e-06,2.4174839506224006,1.794944269526594,z vs boundary
compliance_boundary,allpairs_gs_obf,false rejection of the component compliance gate (first crossing),9498,9000,110,44,-0.007333333333333303,1.882189927824673e-06,1.9437347979735564,1.8952910023547518,z vs boundary
compliance_boundary,allpairs_gs_obf,false rejection of the component compliance gate (first crossing),9502,8000,99,44,-0.0068750000000000755,2.2117276378297125e-06,2.1012813174608955,2.0146286151040447,z vs boundary
compliance_boundary,allpairs_gs_obf,false rejection of the component compliance gate (first crossing),9509,9000,112,46,-0.007333333333333414,1.9307220692559855e-06,1.919149697314657,1.8952910023547518,z vs boundary
compliance_boundary,allpairs_gs_obf,false rejection of the component compliance gate (first crossing),9514,10000,118,48,-0.007000000000000006,1.64393639363939e-06,2.3398000704143485,1.794944269526594,z vs boundary
compliance_boundary,allpairs_gs_obf,false rejection of the component compliance gate (first crossing),9554,10000,132,58,-0.007399999999999962,1.8793999399940063e-06,1.8965475844672663,1.794944269526594,z vs boundary
compliance_boundary,allpairs_gs_obf,false rejection of the component compliance gate (first crossing),9570,10000,126,53,-0.007299999999999973,1.7714921492148983e-06,2.0285893828462034,1.794944269526594,z vs boundary
compliance_boundary,allpairs_gs_obf,false rejection of the component compliance gate (first crossing),9650,8000,98,45,-0.006624999999999992,2.211938601700197e-06,2.269275598920133,2.0146286151040447,z vs boundary
compliance_boundary,allpairs_gs_obf,false rejection of the component compliance gate (first crossing),9669,10000,128,57,-0.007099999999999995,1.8305500550055062e-06,2.1434195791871393,1.794944269526594,z vs boundary
compliance_boundary,allpairs_gs_obf,false rejection of the component compliance gate (first crossing),9679,7000,85,40,-0.00642857142857145,2.5256523526684417e-06,2.2472696318727508,2.1598142720958515,z vs boundary
compliance_boundary,allpairs_gs_obf,false rejection of the component compliance gate (first crossing),9729,5000,53,26,-0.005400000000000071,3.1327465493098936e-06,2.5989337056806776,2.5789649844578957,z vs boundary
compliance_boundary,allpairs_gs_obf,false rejection of the component compliance gate (first crossing),9743,9000,114,49,-0.007222222222222241,1.9914462375106313e-06,1.9683993186847177,1.8952910023547518,z vs boundary
compliance_boundary,allpairs_gs_obf,false rejection of the component compliance gate (first crossing),9745,6000,66,36,-0.0050000000000000044,2.807634605767628e-06,2.9840061300969936,2.341741367771298,z vs boundary
compliance_boundary,allpairs_gs_obf,false rejection of the component compliance gate (first crossing),9747,9000,111,45,-0.007333333333333303,1.9064587423293827e-06,1.9313235078102207,1.8952910023547518,z vs boundary
compliance_boundary,allpairs_gs_obf,false rejection of the component compliance gate (first crossing),9763,9000,125,61,-0.007111111111111068,2.2700107968100465e-06,1.9174183402709009,1.8952910023547518,z vs boundary
compliance_boundary,allpairs_gs_obf,false rejection of the component compliance gate (first crossing),9780,10000,126,59,-0.006699999999999928,1.8308260826082428e-06,2.438879787357564,1.794944269526594,z vs boundary
compliance_boundary,allpairs_gs_obf,false rejection of the component compliance gate (first crossing),9809,7000,83,37,-0.006571428571428561,2.425250254409565e-06,2.201582286340999,2.1598142720958515,z vs boundary
compliance_boundary,allpairs_gs_obf,false rejection of the component compliance gate (first crossing),9817,7000,84,40,-0.006285714285714339,2.5057340553023585e-06,2.346431175546413,2.1598142720958515,z vs boundary
compliance_boundary,allpairs_gs_obf,false rejection of the component compliance gate (first crossing),9822,7000,88,44,-0.006285714285714228,2.666036839081978e-06,2.274794842192613,2.1598142720958515,z vs boundary
compliance_boundary,allpairs_gs_obf,false rejection of the component compliance gate (first crossing),9826,10000,124,49,-0.007499999999999951,1.7123942394239369e-06,1.9104607937825095,1.794944269526594,z vs boundary
compliance_boundary,allpairs_gs_obf,false rejection of the component compliance gate (first crossing),9857,6000,70,35,-0.005833333333333357,2.8887916504602957e-06,2.4514929475340366,2.341741367771298,z vs boundary
compliance_boundary,allpairs_gs_obf,false rejection of the component compliance gate (first crossing),9913,5000,52,25,-0.00539999999999996,3.0539787957591246e-06,2.632235990956305,2.5789649844578957,z vs boundary
compliance_boundary,allpairs_gs_obf,false rejection of the component compliance gate (first crossing),9946,9000,107,49,-0.006444444444444364,1.9071392020238258e-06,2.5746385770565228,1.8952910023547518,z vs boundary
compliance_boundary,allpairs_gs_obf,false rejection of the component compliance gate (first crossing),9947,6000,73,38,-0.005833333333333357,3.0524855994517387e-06,2.3848548213984433,2.341741367771298,z vs boundary
compliance_boundary,allpairs_gs_pocock,false rejection of the component compliance gate (first crossing),9,7000,78,36,-0.006000000000000005,2.3053439121040476e-06,2.634463160645405,2.2043984518219175,z vs boundary
compliance_boundary,allpairs_gs_pocock,false rejection of the component compliance gate (first crossing),17,4000,44,25,-0.004750000000000032,4.2735527631908025e-06,2.5395967828774237,2.27966933762555,z vs boundary
compliance_boundary,allpairs_gs_pocock,false rejection of the component compliance gate (first crossing),34,1000,5,7,0.0020000000000000018,1.1937937937937869e-05,3.4730943991900265,2.412201675481822,z vs boundary
compliance_boundary,allpairs_gs_pocock,false rejection of the component compliance gate (first crossing),43,2000,20,15,-0.0025000000000000577,8.67621310655322e-06,2.546221365718854,2.362561269455541,z vs boundary
compliance_boundary,allpairs_gs_pocock,false rejection of the component compliance gate (first crossing),55,4000,48,30,-0.0045000000000000595,4.826144036008978e-06,2.5035862048835837,2.27966933762555,z vs boundary
compliance_boundary,allpairs_gs_pocock,false rejection of the component compliance gate (first crossing),58,7000,94,51,-0.006142857142857117,2.926257686958201e-06,2.2548073424644945,2.2043984518219175,z vs boundary
compliance_boundary,allpairs_gs_pocock,false rejection of the component compliance gate (first crossing),70,1000,5,3,-0.0020000000000000018,7.973973973973868e-06,2.8330391758021154,2.412201675481822,z vs boundary
compliance_boundary,allpairs_gs_pocock,false rejection of the component compliance gate (first crossing),82,4000,50,31,-0.004749999999999921,5.0096742935733756e-06,2.345603267500544,2.27966933762555,z vs boundary
compliance_boundary,allpairs_gs_pocock,false rejection of the component compliance gate (first crossing),95,9000,116,55,-0.0067777777777777715,2.0887355110787247e-06,2.229532273219536,2.171334570077069,z vs boundary
compliance_boundary,allpairs_gs_pocock,false rejection of the component compliance gate (first crossing),114,2000,17,13,-0.0020000000000000018,7.446473236618241e-06,2.931667216454269,2.362561269455541,z vs boundary
compliance_boundary,allpairs_gs_pocock,false rejection of the component compliance gate (first crossing),126,9000,111,49,-0.006888888888888833,1.955331113607962e-06,2.2248737212287417,2.171334570077069,z vs boundary
compliance_boundary,allpairs_gs_pocock,false rejection of the component compliance gate (first crossing),132,8000,97,43,-0.006750000000000034,2.1657824415552197e-06,2.208390889031536,2.1866853049598176,z vs boundary
compliance_boundary,allpairs_gs_pocock,false rejection of the component compliance gate (first crossing),168,5000,59,32,-0.005400000000000071,3.604680936187244e-06,2.4228382246144937,2.2497804226445255,z vs boundary
compliance_boundary,allpairs_gs_pocock,false rejection of the component compliance gate (first crossing),173,7000,83,40,-0.006142857142857228,2.4858099261993867e-06,2.446424206061807,2.2043984518219175,z vs boundary
compliance_boundary,allpairs_gs_pocock,false rejection of the component compliance gate (first crossing),179,7000,82,42,-0.005714285714285672,2.5062239212015567e-06,2.70715597836374,2.2043984518219175,z vs boundary
compliance_boundary,allpairs_gs_pocock,false rejection of the component compliance gate (first crossing),195,1000,7,6,-0.0010000000000000009,1.2927927927927893e-05,2.5030991243817837,2.412201675481822,z vs boundary
compliance_boundary,allpairs_gs_pocock,false rejection of the component compliance gate (first crossing),254,5000,58,30,-0.005600000000000049,3.4865853170634265e-06,2.3564190662365503,2.2497804226445255,z vs boundary
compliance_boundary,allpairs_gs_pocock,false rejection of the component compliance gate (first crossing),264,2000,18,11,-0.0035000000000000586,7.1979739869934195e-06,2.4227478689612534,2.362561269455541,z vs boundary
compliance_boundary,allpairs_gs_pocock,false rejection of the component compliance gate (first crossing),269,3000,32,21,-0.003666666666666707,5.836575154681253e-06,2.6215207836471577,2.316614868579364,z vs boundary
compliance_boundary,allpairs_gs_pocock,false rejection of the component compliance gate (first crossing),287,9000,106,44,-0.006888888888888833,1.8339870410841428e-06,2.297298296744332,2.171334570077069,z vs boundary
compliance_boundary,allpairs_gs_pocock,false rejection of the component compliance gate (first crossing),308,6000,71,37,-0.005666666666666709,2.9708192106091933e-06,2.5141083230288315,2.225125228345559,z vs boundary
compliance_boundary,allpairs_gs_pocock,false rejection of the component compliance gate (first crossing),317,2000,15,10,-0.0024999999999999467,6.212481240620219e-06,3.0090452466566595,2.362561269455541,z vs boundary
compliance_boundary,allpairs_gs_pocock,false rejection of the component compliance gate (first crossing),319,6000,71,37,-0.005666666666666709,2.9708192106091933e-06,2.5141083230288315,2.225125228345559,z vs boundary
compliance_boundary,allpairs_gs_pocock,false rejection of the component compliance gate (first crossing),337,1000,8,9,0.0010000000000000009,1.6871871871871888e-05,2.678002948532073,2.412201675481822,z vs boundary
compliance_boundary,allpairs_gs_pocock,false rejection of the component compliance gate (first crossing),374,6000,65,30,-0.005833333333333357,2.615597970032034e-06,2.5763405107022606,2.225125228345559,z vs boundary
compliance_boundary,allpairs_gs_pocock,false rejection of the component compliance gate (first crossing),417,2000,19,16,-0.0014999999999999458,8.67721360680338e-06,2.8855511784888277,2.362561269455541,z vs boundary
compliance_boundary,allpairs_gs_pocock,false rejection of the component compliance gate (first crossing),429,3000,33,21,-0.0040000000000000036,5.945315105035038e-06,2.4607291369807562,2.316614868579364,z vs boundary
compliance_boundary,allpairs_gs_pocock,false rejection of the component compliance gate (first crossing),433,1000,4,6,0.0020000000000000018,9.957957957957937e-06,3.802735349709162,2.412201675481822,z vs boundary
compliance_boundary,allpairs_gs_pocock,false rejection of the component compliance gate (first crossing),445,3000,35,25,-0.0033333333333334103,6.6003482642362645e-06,2.594928017757861,2.316614868579364,z vs boundary
compliance_boundary,allpairs_gs_pocock,false rejection of the component compliance gate (first crossing),475,1000,8,9,0.0010000000000000009,1.6871871871871888e-05,2.678002948532073,2.412201675481822,z vs boundary
compliance_boundary,allpairs_gs_pocock,false rejection of the component compliance gate (first crossing),486,3000,33,22,-0.003666666666666707,6.054870141899157e-06,2.5738304205542253,2.316614868579364,z vs boundary
compliance_boundary,allpairs_gs_pocock,false rejection of the component compliance gate (first crossing),497,1000,10,13,0.0030000000000000027,2.2753753753753746e-05,2.7253157459769506,2.412201675481822,z vs boundary
compliance_boundary,allpairs_gs_pocock,false rejection of the component compliance gate (first crossing),519,6000,73,38,-0.005833333333333357,3.0524855994517387e-06,2.3848548213984433,2.225125228345559,z vs boundary
compliance_boundary,allpairs_gs_pocock,false rejection of the component compliance gate (first crossing),544,1000,7,7,0.0,1.391591591591596e-05,2.680674616681012,2.412201675481822,z vs boundary
compliance_boundary,allpairs_gs_pocock,false rejection of the component compliance gate (first crossing),572,3000,28,16,-0.0040000000000000036,4.851987699603455e-06,2.723901537245089,2.316614868579364,z vs boundary
compliance_boundary,allpairs_gs_pocock,false rejection of the component compliance gate (first crossing),590,9000,115,55,-0.00666666666666671,2.076705367811775e-06,2.3130834568703866,2.171334570077069,z vs boundary
compliance_boundary,allpairs_gs_pocock,false rejection of the component compliance gate (first crossing),593,3000,36,24,-0.0040000000000000036,6.59953317772588e-06,2.3355794324680637,2.316614868579364,z vs boundary
compliance_boundary,allpairs_gs_pocock,false rejection of the component compliance gate (first crossing),604,1000,7,6,-0.0010000000000000009,1.2927927927927893e-05,2.5030991243817837,2.412201675481822,z vs boundary
compliance_boundary,allpairs_gs_pocock,false rejection of the component compliance gate (first crossing),626,3000,30,16,-0.004666666666666708,5.06998629172684e-06,2.3686196911238593,2.316614868579364,z vs boundary
compliance_boundary,allpairs_gs_pocock,false rejection of the component compliance gate (first crossing),636,8000,96,43,-0.006624999999999992,2.150532488436064e-06,2.301445914906779,2.1866853049598176,z vs boundary
compliance_boundary,allpairs_gs_pocock,false rejection of the component compliance gate (first crossing),665,5000,57,31,-0.005199999999999982,3.4870174034806738e-06,2.570479708757302,2.2497804226445255,z vs boundary
compliance_boundary,allpairs_gs_pocock,false rejection of the component compliance gate (first crossing),709,6000,82,48,-0.005666666666666709,3.569909799781469e-06,2.2934721779174474,2.225125228345559,z vs boundary
compliance_boundary,allpairs_gs_pocock,false rejection of the component compliance gate (first crossing),720,9000,117,56,-0.0067777777777777715,2.1129576811689852e-06,2.2167161683899215,2.171334570077069,z vs boundary
compliance_boundary,allpairs_gs_pocock,false rejection of the component compliance gate (first crossing),729,9000,110,56,-0.006000000000000005,2.0287082652530904e-06,2.8083432736152365,2.171334570077069,z vs boundary
compliance_boundary,allpairs_gs_pocock,false rejection of the component compliance gate (first crossing),735,5000,58,33,-0.0050000000000000044,3.6050970194039283e-06,2.6333678307890667,2.2497804226445255,z vs boundary
compliance_boundary,allpairs_gs_pocock,false rejection of the component compliance gate (first crossing),743,3000,30,20,-0.0033333333333332993,5.50924382201484e-06,2.8402903893138687,2.316614868579364,z vs boundary
compliance_boundary,allpairs_gs_pocock,false rejection of the component compliance gate (first crossing),772,1000,4,5,0.0010000000000000009,8.967967967967913e-06,3.67320917958302,2.412201675481822,z vs boundary
compliance_boundary,allpairs_gs_pocock,false rejection of the component compliance gate (first crossing),790,9000,110,50,-0.00666666666666671,1.955498484742497e-06,2.3836912561172343,2.171334570077069,z vs boundary
compliance_boundary,allpairs_gs_pocock,false rejection of the component compliance gate (first crossing),791,5000,56,27,-0.005800000000000027,3.289737947589512e-06,2.31562717802886,2.2497804226445255,z vs boundary
compliance_boundary,allpairs_gs_pocock,false rejection of the component compliance gate (first crossing),813,2000,18,15,-0.0015000000000000568,8.18546773386688e-06,2.970962535319764,2.362561269455541,z vs boundary
compliance_boundary,allpairs_gs_pocock,false rejection of the component compliance gate (first crossing),821,9000,106,48,-0.006444444444444475,1.882870387519026e-06,2.5911780511264513,2.171334570077069,z vs boundary
compliance_boundary,allpairs_gs_pocock,false rejection of the component compliance gate (first crossing),837,1000,5,6,0.0010000000000000009,1.09499499499498e-05,3.324195965779543,2.412201675481822,z vs boundary
compliance_boundary,allpairs_gs_pocock,false rejection of the component compliance gate (first crossing),876,3000,29,19,-0.0033333333333334103,5.2905783409284315e-06,2.898392292399777,2.316614868579364,z vs boundary
compliance_boundary,allpairs_gs_pocock,false rejection of the component compliance gate (first crossing),877,8000,97,43,-0.006750000000000034,2.1657824415552197e-06,2.208390889031536,2.1866853049598176,z vs boundary
compliance_boundary,allpairs_gs_pocock,false rejection of the component compliance gate (first crossing),895,9000,112,53,-0.006555555555555537,2.0162007026843997e-06,2.425784984775949,2.171334570077069,z vs boundary
compliance_boundary,allpairs_gs_pocock,false rejection of the component compliance gate (first crossing),911,6000,74,38,-0.006000000000000005,3.0795873386304785e-06,2.2793642300162493,2.225125228345559,z vs boundary
compliance_boundary,allpairs_gs_pocock,false rejection of the component compliance gate (first crossing),942,5000,50,23,-0.00539999999999996,2.896347269453916e-06,2.7029157914842696,2.2497804226445255,z vs boundary
compliance_boundary,allpairs_gs_pocock,false rejection of the component compliance gate (first crossing),947,8000,99,47,-0.006500000000000061,2.2580752281535154e-06,2.329157415136014,2.1866853049598176,z vs boundary
compliance_boundary,allpairs_gs_pocock,false rejection of the component compliance gate (first crossing),956,1000,8,8,0.0,1.5887887887887957e-05,2.5088050587043664,2.412201675481822,z vs boundary
compliance_boundary,allpairs_gs_pocock,false rejection of the component compliance gate (first crossing),962,2000,17,11,-0.0030000000000000027,6.952226113056432e-06,2.6548262046037157,2.362561269455541,z vs boundary
compliance_boundary,allpairs_gs_pocock,false rejection of the component compliance gate (first crossing),970,2000,16,8,-0.0040000000000000036,5.962981490745409e-06,2.457081260794524,2.362561269455541,z vs boundary
compliance_boundary,allpairs_gs_pocock,false rejection of the component compliance gate (first crossing),977,8000,102,50,-0.006500000000000061,2.350090636329551e-06,2.2831042279865885,2.1866853049598176,z vs boundary
compliance_boundary,allpairs_gs_pocock,false rejection of the component compliance gate (first crossing),1006,2000,18,11,-0.0035000000000000586,7.1979739869934195e-06,2.4227478689612534,2.362561269455541,z vs boundary
compliance_boundary,allpairs_gs_pocock,false rejection of the component compliance gate (first crossing),1013,1000,7,6,-0.0010000000000000009,1.2927927927927893e-05,2.5030991243817837,2.412201675481822,z vs boundary
compliance_boundary,allpairs_gs_pocock,false rejection of the component compliance gate (first crossing),1015,9000,118,59,-0.006555555555555537,2.1615501859603073e-06,2.3428070528433036,2.171334570077069,z vs boundary
compliance_boundary,allpairs_gs_pocock,false rejection of the component compliance gate (first crossing),1053,7000,78,34,-0.006285714285714228,2.2649299754192242e-06,2.4680157006252146,2.2043984518219175,z vs boundary
compliance_boundary,allpairs_gs_pocock,false rejection of the component compliance gate (first crossing),1072,9000,116,56,-0.006666666666666599,2.1009302816911112e-06,2.299709211975546,2.171334570077069,z vs boundary
compliance_boundary,allpairs_gs_pocock,false rejection of the component compliance gate (first crossing),1075,8000,100,50,-0.006249999999999978,2.3196258907363277e-06,2.462194143442005,2.1866853049598176,z vs boundary
compliance_boundary,allpairs_gs_pocock,false rejection of the component compliance gate (first crossing),1090,1000,4,8,0.0040000000000000036,1.1931931931932003e-05,4.052963121854677,2.412201675481822,z vs boundary
compliance_boundary,allpairs_gs_pocock,false rejection of the component compliance gate (first crossing),1093,1000,7,7,0.0,1.391591591591596e-05,2.680674616681012,2.412201675481822,z vs boundary
compliance_boundary,allpairs_gs_pocock,false rejection of the component compliance gate (first crossing),1095,5000,63,37,-0.005199999999999982,3.958087617523456e-06,2.412673396964144,2.2497804226445255,z vs boundary
compliance_boundary,allpairs_gs_pocock,false rejection of the component compliance gate (first crossing),1106,5000,56,28,-0.005599999999999938,3.329305861172248e-06,2.4114364923312737,2.2497804226445255,z vs boundary
compliance_boundary,allpairs_gs_pocock,false rejection of the component compliance gate (first crossing),1142,1000,9,12,0.0030000000000000027,2.0795795795795773e-05,2.8507266791605943,2.412201675481822,z vs boundary
compliance_boundary,allpairs_gs_pocock,false rejection of the component compliance gate (first crossing),1157,10000,125,54,-0.007099999999999995,1.771636163616357e-06,2.178766702854836,2.157872091494009,z vs boundary
compliance_boundary,allpairs_gs_pocock,false rejection of the component compliance gate (first crossing),1161,1000,6,4,-0.0020000000000000018,9.957957957957937e-06,2.5351568998061067,2.412201675481822,z vs boundary
compliance_boundary,allpairs_gs_pocock,false rejection of the component compliance gate (first crossing),1168,3000,28,15,-0.0043333333333333,4.741988070097355e-06,2.6022405383726563,2.316614868579364,z vs boundary
compliance_boundary,allpairs_gs_pocock,false rejection of the component compliance gate (first crossing),1187,2000,18,13,-0.0025000000000000577,7.69222111055523e-06,2.704178675255159,2.362561269455541,z vs boundary
compliance_boundary,allpairs_gs_pocock,false rejection of the component compliance gate (first crossing),1194,2000,21,18,-0.0014999999999999458,9.659204602301109e-06,2.734942770336234,2.362561269455541,z vs boundary
compliance_boundary,allpairs_gs_pocock,false rejection of the component compliance gate (first crossing),1205,3000,30,17,-0.0043333333333333,5.179911822459411e-06,2.48981158433168,2.316614868579364,z vs boundary
compliance_boundary,allpairs_gs_pocock,false rejection of the component compliance gate (first crossing),1207,2000,16,9,-0.0035000000000000586,6.2109804902450675e-06,2.608154258977844,2.362561269455541,z vs boundary
compliance_boundary,allpairs_gs_pocock,false rejection of the component compliance gate (first crossing),1261,1000,7,6,-0.0010000000000000009,1.2927927927927893e-05,2.5030991243817837,2.412201675481822,z vs boundary
compliance_boundary,allpairs_gs_pocock,false rejection of the component compliance gate (first crossing),1304,6000,67,31,-0.006000000000000005,2.6974403141264164e-06,2.4354772064715884,2.225125228345559,z vs boundary
compliance_boundary,allpairs_gs_pocock,false rejection of the component compliance gate (first crossing),1315,9000,120,62,-0.006444444444444364,2.2221344209713352e-06,2.3851862964918706,2.171334570077069,z vs boundary
compliance_boundary,allpairs_gs_pocock,false rejection of the component compliance gate (first crossing),1322,3000,30,20,-0.0033333333333332993,5.50924382201484e-06,2.8402903893138687,2.316614868579364,z vs boundary
compliance_boundary,allpairs_gs_pocock,false rejection of the component compliance gate (first crossing),1330,1000,3,3,0.0,5.987987987987959e-06,4.086575620357806,2.412201675481822,z vs boundary
compliance_boundary,allpairs_gs_pocock,false rejection of the component compliance gate (first crossing),1338,1000,7,8,0.0010000000000000009,1.490190190190196e-05,2.8495208239120626,2.412201675481822,z vs boundary
compliance_boundary,allpairs_gs_pocock,false rejection of the component compliance gate (first crossing),1344,3000,33,20,-0.0043333333333333,5.83568596939729e-06,2.3457499183755446,2.316614868579364,z vs boundary
compliance_boundary,allpairs_gs_pocock,false rejection of the component compliance gate (first crossing),1347,4000,43,23,-0.0050000000000000044,4.088865966491671e-06,2.4726837062023774,2.27966933762555,z vs boundary
compliance_boundary,allpairs_gs_pocock,false rejection of the component compliance gate (first crossing),1356,7000,83,41,-0.006000000000000005,2.5059848199888833e-06,2.526799448103933,2.2043984518219175,z vs boundary
compliance_boundary,allpairs_gs_pocock,false rejection of the component compliance gate (first crossing),1377,1000,10,12,0.0020000000000000018,2.177777777777775e-05,2.5714285714285734,2.412201675481822,z vs boundary
compliance_boundary,allpairs_gs_pocock,false rejection of the component compliance gate (first crossing),1381,2000,16,8,-0.0040000000000000036,5.962981490745409e-06,2.457081260794524,2.362561269455541,z vs boundary
compliance_boundary,allpairs_gs_pocock,false rejection of the component compliance gate (first crossing),1404,1000,6,6,0.0,1.1939939939939825e-05,2.8940026795174894,2.412201675481822,z vs boundary
compliance_boundary,allpairs_gs_pocock,false rejection of the component compliance gate (first crossing),1414,1000,7,6,-0.0010000000000000009,1.2927927927927893e-05,2.5030991243817837,2.412201675481822,z vs boundary
compliance_boundary,allpairs_gs_pocock,false rejection of the component compliance gate (first crossing),1451,3000,36,24,-0.0040000000000000036,6.59953317772588e-06,2.3355794324680637,2.316614868579364,z vs boundary
compliance_boundary,allpairs_gs_pocock,false rejection of the component compliance gate (first crossing),1452,2000,20,14,-0.0030000000000000027,8.429714857428715e-06,2.410968841657805,2.362561269455541,z vs boundary
compliance_boundary,allpairs_gs_pocock,false rejection of the component compliance gate (first crossing),1453,1000,4,5,0.0010000000000000009,8.967967967967913e-06,3.67320917958302,2.412201675481822,z vs boundary
compliance_boundary,allpairs_gs_pocock,false rejection of the component compliance gate (first crossing),1490,2000,21,18,-0.0014999999999999458,9.659204602301109e-06,2.734942770336234,2.362561269455541,z vs boundary
compliance_boundary,allpairs_gs_pocock,false rejection of the component compliance gate (first crossing),1509,6000,74,41,-0.005499999999999949,3.1618371580448545e-06,2.5307122323400604,2.225125228345559,z vs boundary
compliance_boundary,allpairs_gs_pocock,false rejection of the component compliance gate (first crossing),1544,7000,84,40,-0.006285714285714339,2.5057340553023585e-06,2.346431175546413,2.2043984518219175,z vs boundary
compliance_boundary,allpairs_gs_pocock,false rejection of the component compliance gate (first crossing),1551,1000,9,10,0.0010000000000000009,1.8837837837837797e-05,2.5344116610603753,2.412201675481822,z vs boundary
compliance_boundary,allpairs_gs_pocock,false rejection of the component compliance gate (first crossing),1568,1000,7,6,-0.0010000000000000009,1.2927927927927893e-05,2.5030991243817837,2.412201675481822,z vs boundary
compliance_boundary,allpairs_gs_pocock,false rejection of the component compliance gate (first crossing),1571,9000,109,50,-0.006555555555555537,1.9434518787409783e-06,2.4707698239548104,2.171334570077069,z vs boundary
compliance_boundary,allpairs_gs_pocock,false rejection of the component compliance gate (first crossing),1584,2000,17,13,-0.0020000000000000018,7.446473236618241e-06,2.931667216454269,2.362561269455541,z vs boundary
compliance_boundary,allpairs_gs_pocock,false rejection of the component compliance gate (first crossing),1606,2000,21,17,-0.0020000000000000018,9.413456728364123e-06,2.6074465926443824,2.362561269455541,z vs boundary
compliance_boundary,allpairs_gs_pocock,false rejection of the component compliance gate (first crossing),1611,9000,113,53,-0.006666666666666599,2.0282390773186005e-06,2.3405567322204948,2.171334570077069,z vs boundary
compliance_boundary,allpairs_gs_pocock,false rejection of the component compliance gate (first crossing),1676,3000,32,20,-0.0040000000000000036,5.726946019043503e-06,2.507204193978453,2.316614868579364,z vs boundary
compliance_boundary,allpairs_gs_pocock,false rejection of the component compliance gate (first crossing),1682,7000,78,36,-0.006000000000000005,2.3053439121040476e-06,2.634463160645405,2.2043984518219175,z vs boundary
compliance_boundary,allpairs_gs_pocock,false rejection of the component compliance gate (first crossing),1683,1000,8,12,0.0040000000000000036,1.9811811811811842e-05,3.1453279823272267,2.412201675481822,z vs boundary
compliance_boundary,allpairs_gs_pocock,false rejection of the component compliance gate (first crossing),1684,6000,70,40,-0.0050000000000000044,3.0259672908448294e-06,2.874338352393401,2.225125228345559,z vs boundary
compliance_boundary,allpairs_gs_pocock,false rejection of the component compliance gate (first crossing),1687,2000,17,11,-0.0030000000000000027,6.952226113056432e-06,2.6548262046037157,2.362561269455541,z vs boundary
compliance_boundary,allpairs_gs_pocock,false rejection of the component compliance gate (first crossing),1689,1000,10,15,0.0050000000000000044,2.4699699699699654e-05,3.0181819846393023,2.412201675481822,z vs boundary
compliance_boundary,allpairs_gs_pocock,false rejection of the component compliance gate (first crossing),1691,9000,119,60,-0.006555555555555537,2.1857558933159995e-06,2.329798468170106,2.171334570077069,z vs boundary
compliance_boundary,allpairs_gs_pocock,false rejection of the component compliance gate (first crossing),1719,4000,42,26,-0.0040000000000000036,4.212928232057978e-06,2.9232046437982633,2.27966933762555,z vs boundary
compliance_boundary,allpairs_gs_pocock,false rejection of the component compliance gate (first crossing),1764,9000,121,63,-0.006444444444444475,2.2463264093815803e-06,2.372307803217288,2.171334570077069,z vs boundary
compliance_boundary,allpairs_gs_pocock,false rejection of the component compliance gate (first crossing),1777,8000,88,32,-0.007000000000000006,1.8581072634079332e-06,2.2008267913594337,2.1866853049598176,z vs boundary
compliance_boundary,allpairs_gs_pocock,false rejection of the component compliance gate (first crossing),1796,3000,26,13,-0.004333333333333411,4.30347152754621e-06,2.7316068912847427,2.316614868579364,z vs boundary
compliance_boundary,allpairs_gs_pocock,false rejection of the component compliance gate (first crossing),1810,9000,127,68,-0.006555555555555537,2.379203999346965e-06,2.233075176211432,2.171334570077069,z vs boundary
compliance_boundary,allpairs_gs_pocock,false rejection of the component compliance gate (first crossing),1813,6000,77,44,-0.00550000000000006,3.3252532829545764e-06,2.467744248162037,2.225125228345559,z vs boundary
compliance_boundary,allpairs_gs_pocock,false rejection of the component compliance gate (first crossing),1830,2000,17,10,-0.0034999999999999476,6.704727363681768e-06,2.5102836375562085,2.362561269455541,z vs boundary
compliance_boundary,allpairs_gs_pocock,false rejection of the component compliance gate (first crossing),1836,1000,6,5,-0.0010000000000000009,1.09499499499498e-05,2.719796699274171,2.412201675481822,z vs boundary
compliance_boundary,allpairs_gs_pocock,false rejection of the component compliance gate (first crossing),1839,3000,31,21,-0.0033333333333332993,5.7277611055536845e-06,2.785584215932943,2.316614868579364,z vs boundary
compliance_boundary,allpairs_gs_pocock,false rejection of the component compliance gate (first crossing),1843,1000,4,7,0.0030000000000000027,1.0945945945946005e-05,3.9293137025235625,2.412201675481822,z vs boundary
compliance_boundary,allpairs_gs_pocock,false rejection of the component compliance gate (first crossing),1860,6000,69,37,-0.005333333333333301,2.9165509066325906e-06,2.7325744315784304,2.225125228345559,z vs boundary
compliance_boundary,allpairs_gs_pocock,false rejection of the component compliance gate (first crossing),1862,8000,99,49,-0.006249999999999978,2.2889540880110207e-06,2.4786358501848604,2.1866853049598176,z vs boundary
compliance_boundary,allpairs_gs_pocock,false rejection of the component compliance gate (first crossing),1865,6000,62,23,-0.00649999999999995,2.341255950065745e-06,2.287407797854045,2.225125228345559,z vs boundary
compliance_boundary,allpairs_gs_pocock,false rejection of the component compliance gate (first crossing),1877,1000,5,6,0.0010000000000000009,1.09499499499498e-05,3.324195965779543,2.412201675481822,z vs boundary
compliance_boundary,allpairs_gs_pocock,false rejection of the component compliance gate (first crossing),1890,2000,18,11,-0.0035000000000000586,7.1979739869934195e-06,2.4227478689612534,2.362561269455541,z vs boundary
compliance_boundary,allpairs_gs_pocock,false rejection of the component compliance gate (first crossing),1892,4000,42,20,-0.005499999999999949,3.842148037009214e-06,2.2957546186971105,2.27966933762555,z vs boundary
compliance_boundary,allpairs_gs_pocock,false rejection of the component compliance gate (first crossing),1898,1000,7,10,0.0030000000000000027,1.6867867867867865e-05,3.1652881882351163,2.412201675481822,z vs boundary
compliance_boundary,allpairs_gs_pocock,false rejection of the component compliance gate (first crossing),1907,6000,70,33,-0.006166666666666765,2.8338565686873843e-06,2.2771290983555943,2.225125228345559,z vs boundary
compliance_boundary,allpairs_gs_pocock,false rejection of the component compliance gate (first crossing),1914,1000,7,7,0.0,1.391591591591596e-05,2.680674616681012,2.412201675481822,z vs boundary
compliance_boundary,allpairs_gs_pocock,false rejection of the component compliance gate (first crossing),1920,6000,66,29,-0.006166666666666654,2.6152645811339175e-06,2.3703843414206225,2.225125228345559,z vs boundary
compliance_boundary,allpairs_gs_pocock,false rejection of the component compliance gate (first crossing),1944,8000,108,56,-0.00649999999999995,2.5339104888110814e-06,2.198732570187232,2.1866853049598176,z vs boundary
compliance_boundary,allpairs_gs_pocock,false rejection of the component compliance gate (first crossing),1954,4000,46,26,-0.0050000000000000044,4.457489372343065e-06,2.368235277568645,2.27966933762555,z vs boundary
compliance_boundary,allpairs_gs_pocock,false rejection of the component compliance gate (first crossing),1961,7000,80,36,-0.006285714285714339,2.3452446559421186e-06,2.4253880332306905,2.2043984518219175,z vs boundary
compliance_boundary,allpairs_gs_pocock,false rejection of the component compliance gate (first crossing),1969,7000,89,45,-0.006285714285714228,2.706083376342375e-06,2.257900091972955,2.2043984518219175,z vs boundary
compliance_boundary,allpairs_gs_pocock,false rejection of the component compliance gate (first crossing),1977,4000,45,24,-0.005249999999999977,4.272927606901717e-06,2.2978985026904377,2.27966933762555,z vs boundary
compliance_boundary,allpairs_gs_pocock,false rejection of the component compliance gate (first crossing),2002,1000,8,9,0.0010000000000000009,1.6871871871871888e-05,2.678002948532073,2.412201675481822,z vs boundary
compliance_boundary,allpairs_gs_pocock,false rejection of the component compliance gate (first crossing),2005,8000,96,44,-0.006500000000000061,2.165989498687318e-06,2.3781534336737375,2.1866853049598176,z vs boundary
compliance_boundary,allpairs_gs_pocock,false rejection of the component compliance gate (first crossing),2015,6000,69,37,-0.005333333333333301,2.9165509066325906e-06,2.7325744315784304,2.225125228345559,z vs boundary
compliance_boundary,allpairs_gs_pocock,false rejection of the component compliance gate (first crossing),2016,1000,7,6,-0.0010000000000000009,1.2927927927927893e-05,2.5030991243817837,2.412201675481822,z vs boundary
compliance_boundary,allpairs_gs_pocock,false rejection of the component compliance gate (first crossing),2019,3000,38,28,-0.0033333333333334103,7.253232559001163e-06,2.4753860534142804,2.316614868579364,z vs boundary
compliance_boundary,allpairs_gs_pocock,false rejection of the component compliance gate (first crossing),2044,3000,29,18,-0.003666666666666707,5.1808010077433235e-06,2.782491782796242,2.316614868579364,z vs boundary
compliance_boundary,allpairs_gs_pocock,false rejection of the component compliance gate (first crossing),2046,1000,5,4,-0.0010000000000000009,8.967967967967913e-06,3.0053529651133797,2.412201675481822,z vs boundary
compliance_boundary,allpairs_gs_pocock,false rejection of the component compliance gate (first crossing),2090,9000,115,53,-0.006888888888888833,2.0523075952197737e-06,2.171672319067858,2.171334570077069,z vs boundary
compliance_boundary,allpairs_gs_pocock,false rejection of the component compliance gate (first crossing),2092,1000,8,8,0.0,1.5887887887887957e-05,2.5088050587043664,2.412201675481822,z vs boundary
compliance_boundary,allpairs_gs_pocock,false rejection of the component compliance gate (first crossing),2109,4000,41,25,-0.0040000000000000036,4.089991247811945e-06,2.9668122329462694,2.27966933762555,z vs boundary
compliance_boundary,allpairs_gs_pocock,false rejection of the component compliance gate (first crossing),2150,1000,7,9,0.0020000000000000018,1.588588588588589e-05,3.010755766174645,2.412201675481822,z vs boundary
compliance_boundary,allpairs_gs_pocock,false rejection of the component compliance gate (first crossing),2168,9000,121,61,-0.00666666666666671,2.2219725374149977e-06,2.2361936083320253,2.171334570077069,z vs boundary
compliance_boundary,allpairs_gs_pocock,false rejection of the component compliance gate (first crossing),2182,3000,29,15,-0.004666666666666708,4.851024415545913e-06,2.421486196369635,2.316614868579364,z vs boundary
compliance_boundary,allpairs_gs_pocock,false rejection of the component compliance gate (first crossing),2201,2000,16,10,-0.0030000000000000027,6.458729364682314e-06,2.7543840608180346,2.362561269455541,z vs boundary
compliance_boundary,allpairs_gs_pocock,false rejection of the component compliance gate (first crossing),2202,1000,8,9,0.0010000000000000009,1.6871871871871888e-05,2.678002948532073,2.412201675481822,z vs boundary
compliance_boundary,allpairs_gs_pocock,false rejection of the component compliance gate (first crossing),2225,7000,85,44,-0.005857142857142783,2.60631693740506e-06,2.566175443190996,2.2043984518219175,z vs boundary
compliance_boundary,allpairs_gs_pocock,false rejection of the component compliance gate (first crossing),2239,2000,18,12,-0.0030000000000000027,7.445222611305616e-06,2.5654242532454523,2.362561269455541,z vs boundary
compliance_boundary,allpairs_gs_pocock,false rejection of the component compliance gate (first crossing),2251,4000,48,28,-0.0050000000000000044,4.702925731432862e-06,2.30561051499717,2.27966933762555,z vs boundary
compliance_boundary,allpairs_gs_pocock,false rejection of the component compliance gate (first crossing),2263,1000,4,6,0.0020000000000000018,9.957957957957937e-06,3.802735349709162,2.412201675481822,z vs boundary
compliance_boundary,allpairs_gs_pocock,false rejection of the component compliance gate (first crossing),2265,1000,8,8,0.0,1.5887887887887957e-05,2.5088050587043664,2.412201675481822,z vs boundary
compliance_boundary,allpairs_gs_pocock,false rejection of the component compliance gate (first crossing),2271,2000,18,12,-0.0030000000000000027,7.445222611305616e-06,2.5654242532454523,2.362561269455541,z vs boundary
compliance_boundary,allpairs_gs_pocock,false rejection of the component compliance gate (first crossing),2275,3000,27,13,-0.004666666666666708,4.412656070542027e-06,2.5389180804482696,2.316614868579364,z vs boundary
compliance_boundary,allpairs_gs_pocock,false rejection of the component compliance gate (first crossing),2281,8000,103,51,-0.00649999999999995,2.3807468121015143e-06,2.268357170307672,2.1866853049598176,z vs boundary
compliance_boundary,allpairs_gs_pocock,false rejection of the component compliance gate (first crossing),2296,7000,91,49,-0.006000000000000005,2.8264037719674272e-06,2.379265401754633,2.2043984518219175,z vs boundary
compliance_boundary,allpairs_gs_pocock,false rejection of the component compliance gate (first crossing),2309,1000,5,6,0.0010000000000000009,1.09499499499498e-05,3.324195965779543,2.412201675481822,z vs boundary
compliance_boundary,allpairs_gs_pocock,false rejection of the component compliance gate (first crossing),2340,4000,44,23,-0.005249999999999977,4.150021880470144e-06,2.3316771481885916,2.27966933762555,z vs boundary
compliance_boundary,allpairs_gs_pocock,false rejection of the component compliance gate (first crossing),2348,3000,28,14,-0.004666666666666597,4.6319143418176256e-06,2.478097949010289,2.316614868579364,z vs boundary
compliance_boundary,allpairs_gs_pocock,false rejection of the component compliance gate (first crossing),2365,4000,43,29,-0.0035000000000000586,4.459083520880241e-06,3.0781554839341885,2.27966933762555,z vs boundary
compliance_boundary,allpairs_gs_pocock,false rejection of the component compliance gate (first crossing),2368,1000,7,9,0.0020000000000000018,1.588588588588589e-05,3.010755766174645,2.412201675481822,z vs boundary
compliance_boundary,allpairs_gs_pocock,false rejection of the component compliance gate (first crossing),2382,5000,54,29,-0.0050000000000000044,3.2906021204241174e-06,2.7563370176795132,2.2497804226445255,z vs boundary
compliance_boundary,allpairs_gs_pocock,false rejection of the component compliance gate (first crossing),2408,3000,32,24,-0.002666666666666706,6.1650179689526675e-06,2.953481485402476,2.316614868579364,z vs boundary
compliance_boundary,allpairs_gs_pocock,false rejection of the component compliance gate (first crossing),2415,1000,8,10,0.0020000000000000018,1.7853853853853866e-05,2.8399798476174594,2.412201675481822,z vs boundary
compliance_boundary,allpairs_gs_pocock,false rejection of the component compliance gate (first crossing),2449,1000,6,9,0.0030000000000000027,1.4897897897897823e-05,3.368068034021594,2.412201675481822,z vs boundary
compliance_boundary,allpairs_gs_pocock,false rejection of the component compliance gate (first crossing),2478,1000,9,12,0.0030000000000000027,2.0795795795795773e-05,2.8507266791605943,2.412201675481822,z vs boundary
compliance_boundary,allpairs_gs_pocock,false rejection of the component compliance gate (first crossing),2479,3000,29,16,-0.004333333333333411,4.961024045052013e-06,2.544145825874798,2.316614868579364,z vs boundary
compliance_boundary,allpairs_gs_pocock,false rejection of the component compliance gate (first crossing),2480,1000,8,8,0.0,1.5887887887887957e-05,2.5088050587043664,2.412201675481822,z vs boundary
compliance_boundary,allpairs_gs_pocock,false rejection of the component compliance gate (first crossing),2495,3000,27,15,-0.0040000000000000036,4.6328776258752686e-06,2.787570346767016,2.316614868579364,z vs boundary
compliance_boundary,allpairs_gs_pocock,false rejection of the component compliance gate (first crossing),2510,10000,119,54,-0.006500000000000061,1.7130943094309345e-06,2.6740985476452312,2.157872091494009,z vs boundary
compliance_boundary,allpairs_gs_pocock,false rejection of the component compliance gate (first crossing),2511,1000,6,5,-0.0010000000000000009,1.09499499499498e-05,2.719796699274171,2.412201675481822,z vs boundary
compliance_boundary,allpairs_gs_pocock,false rejection of the component compliance gate (first crossing),2533,9000,114,53,-0.0067777777777777715,2.0402747081637475e-06,2.255854919471205,2.171334570077069,z vs boundary
compliance_boundary,allpairs_gs_pocock,false rejection of the component compliance gate (first crossing),2542,10000,122,55,-0.006700000000000039,1.7522662266226446e-06,2.492951874417171,2.157872091494009,z vs boundary
compliance_boundary,allpairs_gs_pocock,false rejection of the component compliance gate (first crossing),2566,1000,7,9,0.0020000000000000018,1.588588588588589e-05,3.010755766174645,2.412201675481822,z vs boundary
compliance_boundary,allpairs_gs_pocock,false rejection of the component compliance gate (first crossing),2582,8000,104,52,-0.006500000000000061,2.4113951743967917e-06,2.253895884756433,2.1866853049598176,z vs boundary
compliance_boundary,allpairs_gs_pocock,false rejection of the component compliance gate (first crossing),2609,1000,5,4,-0.0010000000000000009,8.967967967967913e-06,3.0053529651133797,2.412201675481822,z vs boundary
compliance_boundary,allpairs_gs_pocock,false rejection of the component compliance gate (first crossing),2612,1000,9,12,0.0030000000000000027,2.0795795795795773e-05,2.8507266791605943,2.412201675481822,z vs boundary
compliance_boundary,allpairs_gs_pocock,false rejection of the component compliance gate (first crossing),2624,7000,86,44,-0.005999999999999894,2.6262294030342544e-06,2.4682756659881666,2.2043984518219175,z vs boundary
compliance_boundary,allpairs_gs_pocock,false rejection of the component compliance gate (first crossing),2629,1000,5,5,0.0,9.959959959959777e-06,3.168627621703963,2.412201675481822,z vs boundary
compliance_boundary,allpairs_gs_pocock,false rejection of the component compliance gate (first crossing),2650,1000,6,5,-0.0010000000000000009,1.09499499499498e-05,2.719796699274171,2.412201675481822,z vs boundary
compliance_boundary,allpairs_gs_pocock,false rejection of the component compliance gate (first crossing),2655,4000,41,22,-0.004750000000000032,3.90464803700921e-06,2.656858082512989,2.27966933762555,z vs boundary
compliance_boundary,allpairs_gs_pocock,false rejection of the component compliance gate (first crossing),2660,7000,81,38,-0.006142857142857117,2.4055768899930257e-06,2.4868872896788283,2.2043984518219175,z vs boundary
compliance_boundary,allpairs_gs_pocock,false rejection of the component compliance gate (first crossing),2666,10000,120,48,-0.007199999999999984,1.6634623462346326e-06,2.1709586120337176,2.157872091494009,z vs boundary
compliance_boundary,allpairs_gs_pocock,false rejection of the component compliance gate (first crossing),2670,6000,69,34,-0.005833333333333246,2.834189957585551e-06,2.474994743271913,2.225125228345559,z vs boundary
compliance_boundary,allpairs_gs_pocock,false rejection of the component compliance gate (first crossing),2691,8000,99,46,-0.006624999999999992,2.2426299381172763e-06,2.253694108692555,2.1866853049598176,z vs boundary
compliance_boundary,allpairs_gs_pocock,false rejection of the component compliance gate (first crossing),2706,4000,45,25,-0.0050000000000000044,4.334677419354845e-06,2.4015498871489425,2.27966933762555,z vs boundary
compliance_boundary,allpairs_gs_pocock,false rejection of the component compliance gate (first crossing),2707,2000,20,14,-0.0030000000000000027,8.429714857428715e-06,2.410968841657805,2.362561269455541,z vs boundary
compliance_boundary,allpairs_gs_pocock,false rejection of the component compliance gate (first crossing),2709,6000,72,38,-0.005666666666666709,3.0253745994702453e-06,2.491337237809936,2.225125228345559,z vs boundary
compliance_boundary,allpairs_gs_pocock,false rejection of the component compliance gate (first crossing),2718,3000,31,17,-0.004666666666666597,5.288799970360507e-06,2.319103637455875,2.316614868579364,z vs boundary
compliance_boundary,allpairs_gs_pocock,false rejection of the component compliance gate (first crossing),2719,6000,68,34,-0.005666666666666598,2.807041914393145e-06,2.5864116561093233,2.225125228345559,z vs boundary
compliance_boundary,allpairs_gs_pocock,false rejection of the component compliance gate (first crossing),2724,4000,48,28,-0.0050000000000000044,4.702925731432862e-06,2.30561051499717,2.27966933762555,z vs boundary
compliance_boundary,allpairs_gs_pocock,false rejection of the component compliance gate (first crossing),2725,10000,127,61,-0.00660000000000005,1.8603360336033729e-06,2.492775789072434,2.157872091494009,z vs boundary
compliance_boundary,allpairs_gs_pocock,false rejection of the component compliance gate (first crossing),2753,8000,93,43,-0.006249999999999978,2.104759188648596e-06,2.584818543434672,2.1866853049598176,z vs boundary
compliance_boundary,allpairs_gs_pocock,false rejection of the component compliance gate (first crossing),2778,1000,7,10,0.0030000000000000027,1.6867867867867865e-05,3.1652881882351163,2.412201675481822,z vs boundary
compliance_boundary,allpairs_gs_pocock,false rejection of the component compliance gate (first crossing),2798,9000,112,53,-0.006555555555555537,2.0162007026843997e-06,2.425784984775949,2.171334570077069,z vs boundary
compliance_boundary,allpairs_gs_pocock,false rejection of the component compliance gate (first crossing),2799,1000,7,10,0.0030000000000000027,1.6867867867867865e-05,3.1652881882351163,2.412201675481822,z vs boundary
compliance_boundary,allpairs_gs_pocock,false rejection of the component compliance gate (first crossing),2839,5000,58,29,-0.005800000000000027,3.447049409882035e-06,2.262171549334345,2.2497804226445255,z vs boundary
compliance_boundary,allpairs_gs_pocock,false rejection of the component compliance gate (first crossing),2841,8000,104,52,-0.006500000000000061,2.4113951743967917e-06,2.253895884756433,2.1866853049598176,z vs boundary
compliance_boundary,allpairs_gs_pocock,false rejection of the component compliance gate (first crossing),2842,3000,31,19,-0.0040000000000000036,5.508428735504356e-06,2.5564504693828836,2.316614868579364,z vs boundary
compliance_boundary,allpairs_gs_pocock,false rejection of the component compliance gate (first crossing),2853,6000,67,29,-0.006333333333333302,2.642431145931755e-06,2.2556389774970187,2.225125228345559,z vs boundary
compliance_boundary,allpairs_gs_pocock,false rejection of the component compliance gate (first crossing),2894,3000,34,23,-0.003666666666666596,6.273016931569801e-06,2.528681413350146,2.316614868579364,z vs boundary
compliance_boundary,allpairs_gs_pocock,false rejection of the component compliance gate (first crossing),2902,1000,7,6,-0.0010000000000000009,1.2927927927927893e-05,2.5030991243817837,2.412201675481822,z vs boundary
compliance_boundary,allpairs_gs_pocock,false rejection of the component compliance gate (first crossing),2909,4000,45,26,-0.004750000000000032,4.396395973993485e-06,2.503864960755328,2.27966933762555,z vs boundary
compliance_boundary,allpairs_gs_pocock,false rejection of the component compliance gate (first crossing),2910,3000,27,13,-0.004666666666666708,4.412656070542027e-06,2.5389180804482696,2.316614868579364,z vs boundary
compliance_boundary,allpairs_gs_pocock,false rejection of the component compliance gate (first crossing),2943,6000,78,46,-0.005333333333333301,3.4070493230353425e-06,2.5282357644129423,2.225125228345559,z vs boundary
compliance_boundary,allpairs_gs_pocock,false rejection of the component compliance gate (first crossing),2945,3000,34,22,-0.0040000000000000036,6.163535993479262e-06,2.4167753469577877,2.316614868579364,z vs boundary
compliance_boundary,allpairs_gs_pocock,false rejection of the component compliance gate (first crossing),2974,4000,42,20,-0.005499999999999949,3.842148037009214e-06,2.2957546186971105,2.27966933762555,z vs boundary
compliance_boundary,allpairs_gs_pocock,false rejection of the component compliance gate (first crossing),2999,4000,44,23,-0.005249999999999977,4.150021880470144e-06,2.3316771481885916,2.27966933762555,z vs boundary
compliance_boundary,allpairs_gs_pocock,false rejection of the component compliance gate (first crossing),3001,1000,8,8,0.0,1.5887887887887957e-05,2.5088050587043664,2.412201675481822,z vs boundary
compliance_boundary,allpairs_gs_pocock,false rejection of the component compliance gate (first crossing),3017,1000,8,10,0.0020000000000000018,1.7853853853853866e-05,2.8399798476174594,2.412201675481822,z vs boundary
compliance_boundary,allpairs_gs_pocock,false rejection of the component compliance gate (first crossing),3035,9000,112,51,-0.0067777777777777715,1.9917919549360273e-06,2.28314503993306,2.171334570077069,z vs boundary
compliance_boundary,allpairs_gs_pocock,false rejection of the component compliance gate (first crossing),3060,1000,4,3,-0.0010000000000000009,6.981981981982004e-06,3.4060666937951476,2.412201675481822,z vs boundary
compliance_boundary,allpairs_gs_pocock,false rejection of the component compliance gate (first crossing),3066,1000,7,6,-0.0010000000000000009,1.2927927927927893e-05,2.5030991243817837,2.412201675481822,z vs boundary
compliance_boundary,allpairs_gs_pocock,false rejection of the component compliance gate (first crossing),3067,3000,28,13,-0.0050000000000000044,4.521766514764114e-06,2.351342737783805,2.316614868579364,z vs boundary
compliance_boundary,allpairs_gs_pocock,false rejection of the component compliance gate (first crossing),3094,8000,101,50,-0.0063750000000000195,2.334860216902111e-06,2.3723434777703023,2.1866853049598176,z vs boundary
compliance_boundary,allpairs_gs_pocock,false rejection of the component compliance gate (first crossing),3103,5000,54,27,-0.005400000000000071,3.211482296459281e-06,2.566877041151503,2.2497804226445255,z vs boundary
compliance_boundary,allpairs_gs_pocock,false rejection of the component compliance gate (first crossing),3122,9000,113,60,-0.0058888888888888324,2.1135832650815715e-06,2.8278054933494063,2.171334570077069,z vs boundary
compliance_boundary,allpairs_gs_pocock,false rejection of the component compliance gate (first crossing),3156,1000,5,3,-0.0020000000000000018,7.973973973973868e-06,2.8330391758021154,2.412201675481822,z vs boundary
compliance_boundary,allpairs_gs_pocock,false rejection of the component compliance gate (first crossing),3166,1000,10,14,0.0040000000000000036,2.372772772772779e-05,2.8740873325762113,2.412201675481822,z vs boundary
compliance_boundary,allpairs_gs_pocock,false rejection of the component compliance gate (first crossing),3168,5000,64,37,-0.005400000000000071,3.997079415883147e-06,2.300840128023668,2.2497804226445255,z vs boundary
compliance_boundary,allpairs_gs_pocock,false rejection of the component compliance gate (first crossing),3179,2000,18,11,-0.0035000000000000586,7.1979739869934195e-06,2.4227478689612534,2.362561269455541,z vs boundary
compliance_boundary,allpairs_gs_pocock,false rejection of the component compliance gate (first crossing),3188,1000,5,4,-0.0010000000000000009,8.967967967967913e-06,3.0053529651133797,2.412201675481822,z vs boundary
compliance_boundary,allpairs_gs_pocock,false rejection of the component compliance gate (first crossing),3210,8000,94,42,-0.006500000000000061,2.1045599449931268e-06,2.4126115029089545,2.1866853049598176,z vs boundary
compliance_boundary,allpairs_gs_pocock,false rejection of the component compliance gate (first crossing),3227,2000,16,11,-0.0025000000000000577,6.706228114056978e-06,2.8961570082321986,2.362561269455541,z vs boundary
compliance_boundary,allpairs_gs_pocock,false rejection of the component compliance gate (first crossing),3247,3000,31,19,-0.0040000000000000036,5.508428735504356e-06,2.5564504693828836,2.316614868579364,z vs boundary
compliance_boundary,allpairs_gs_pocock,false rejection of the component compliance gate (first crossing),3260,4000,41,25,-0.0040000000000000036,4.089991247811945e-06,2.9668122329462694,2.27966933762555,z vs boundary
compliance_boundary,allpairs_gs_pocock,false rejection of the component compliance gate (first crossing),3288,1000,5,8,0.0030000000000000027,1.2923923923923867e-05,3.616147659368145,2.412201675481822,z vs boundary
compliance_boundary,allpairs_gs_pocock,false rejection of the component compliance gate (first crossing),3307,7000,75,29,-0.006571428571428561,2.1038982245276776e-06,2.3637461698671123,2.2043984518219175,z vs boundary
compliance_boundary,allpairs_gs_pocock,false rejection of the component compliance gate (first crossing),3325,3000,23,12,-0.003666666666666707,3.865251380089685e-06,3.221391246818497,2.316614868579364,z vs boundary
compliance_boundary,allpairs_gs_pocock,false rejection of the component compliance gate (first crossing),3343,2000,19,13,-0.0030000000000000027,7.937718859429633e-06,2.4845639733568765,2.362561269455541,z vs boundary
compliance_boundary,allpairs_gs_pocock,false rejection of the component compliance gate (first crossing),3345,2000,14,6,-0.0040000000000000036,4.97348674337169e-06,2.690424245205818,2.362561269455541,z vs boundary
compliance_boundary,allpairs_gs_pocock,false rejection of the component compliance gate (first crossing),3351,10000,125,54,-0.007099999999999995,1.771636163616357e-06,2.178766702854836,2.157872091494009,z vs boundary
compliance_boundary,allpairs_gs_pocock,false rejection of the component compliance gate (first crossing),3353,3000,28,19,-0.0030000000000000027,5.181541995479874e-06,3.075165748651803,2.316614868579364,z vs boundary
compliance_boundary,allpairs_gs_pocock,false rejection of the component compliance gate (first crossing),3358,1000,4,4,0.0,7.97597597597605e-06,3.5408545017282935,2.412201675481822,z vs boundary
compliance_boundary,allpairs_gs_pocock,false rejection of the component compliance gate (first crossing),3359,5000,58,30,-0.005600000000000049,3.4865853170634265e-06,2.3564190662365503,2.2497804226445255,z vs boundary
compliance_boundary,allpairs_gs_pocock,false rejection of the component compliance gate (first crossing),3383,1000,7,10,0.0030000000000000027,1.6867867867867865e-05,3.1652881882351163,2.412201675481822,z vs boundary
compliance_boundary,allpairs_gs_pocock,false rejection of the component compliance gate (first crossing),3402,9000,116,55,-0.0067777777777777715,2.0887355110787247e-06,2.229532273219536,2.171334570077069,z vs boundary
compliance_boundary,allpairs_gs_pocock,false rejection of the component compliance gate (first crossing),3412,2000,16,10,-0.0030000000000000027,6.458729364682314e-06,2.7543840608180346,2.362561269455541,z vs boundary
compliance_boundary,allpairs_gs_pocock,false rejection of the component compliance gate (first crossing),3423,1000,7,6,-0.0010000000000000009,1.2927927927927893e-05,2.5030991243817837,2.412201675481822,z vs boundary
compliance_boundary,allpairs_gs_pocock,false rejection of the component compliance gate (first crossing),3432,10000,120,49,-0.007099999999999995,1.6733663366336673e-06,2.241829005544621,2.157872091494009,z vs boundary
compliance_boundary,allpairs_gs_pocock,false rejection of the component compliance gate (first crossing),3443,6000,73,38,-0.005833333333333357,3.0524855994517387e-06,2.3848548213984433,2.225125228345559,z vs boundary
compliance_boundary,allpairs_gs_pocock,false rejection of the component compliance gate (first crossing),3458,4000,47,27,-0.0050000000000000044,4.580238809702452e-06,2.3362856592382326,2.27966933762555,z vs boundary
compliance_boundary,allpairs_gs_pocock,false rejection of the component compliance gate (first crossing),3460,10000,134,67,-0.006699999999999928,1.9877537753775492e-06,2.340629349327954,2.157872091494009,z vs boundary
compliance_boundary,allpairs_gs_pocock,false rejection of the component compliance gate (first crossing),3491,1000,6,4,-0.0020000000000000018,9.957957957957937e-06,2.5351568998061067,2.412201675481822,z vs boundary
compliance_boundary,allpairs_gs_pocock,false rejection of the component compliance gate (first crossing),3518,3000,28,17,-0.003666666666666596,4.961913230336026e-06,2.843202311346538,2.316614868579364,z vs boundary
compliance_boundary,allpairs_gs_pocock,false rejection of the component compliance gate (first crossing),3530,6000,65,29,-0.006000000000000005,2.588088755533352e-06,2.486396629411666,2.225125228345559,z vs boundary
compliance_boundary,allpairs_gs_pocock,false rejection of the component compliance gate (first crossing),3545,6000,77,43,-0.005666666666666709,3.2978737196940388e-06,2.386190358851362,2.225125228345559,z vs boundary
compliance_boundary,allpairs_gs_pocock,false rejection of the component compliance gate (first crossing),3550,1000,7,6,-0.0010000000000000009,1.2927927927927893e-05,2.5030991243817837,2.412201675481822,z vs boundary
compliance_boundary,allpairs_gs_pocock,false rejection of the component compliance gate (first crossing),3558,1000,7,8,0.0010000000000000009,1.490190190190196e-05,2.8495208239120626,2.412201675481822,z vs boundary
compliance_boundary,allpairs_gs_pocock,false rejection of the component compliance gate (first crossing),3560,2000,19,16,-0.0014999999999999458,8.67721360680338e-06,2.8855511784888277,2.362561269455541,z vs boundary
compliance_boundary,allpairs_gs_pocock,false rejection of the component compliance gate (first crossing),3577,6000,81,47,-0.005666666666666598,3.5155396269748557e-06,2.311139172997811,2.225125228345559,z vs boundary
compliance_boundary,allpairs_gs_pocock,false rejection of the component compliance gate (first crossing),3593,1000,5,9,0.0040000000000000036,1.39079079079078e-05,3.7540247582702726,2.412201675481822,z vs boundary
compliance_boundary,allpairs_gs_pocock,false rejection of the component compliance gate (first crossing),3604,9000,110,51,-0.006555555555555537,1.9677069743003307e-06,2.4554945352074196,2.171334570077069,z vs boundary
compliance_boundary,allpairs_gs_pocock,false rejection of the component compliance gate (first crossing),3611,4000,42,21,-0.005249999999999977,3.904022880720153e-06,2.4040164354509037,2.27966933762555,z vs boundary
compliance_boundary,allpairs_gs_pocock,false rejection of the component compliance gate (first crossing),3618,4000,43,22,-0.005250000000000088,4.027053638409594e-06,2.3670089633184817,2.27966933762555,z vs boundary
compliance_boundary,allpairs_gs_pocock,false rejection of the component compliance gate (first crossing),3627,7000,87,42,-0.00642857142857145,2.605815408032047e-06,2.2124330873576605,2.2043984518219175,z vs boundary
compliance_boundary,allpairs_gs_pocock,false rejection of the component compliance gate (first crossing),3629,4000,43,23,-0.0050000000000000044,4.088865966491671e-06,2.4726837062023774,2.27966933762555,z vs boundary
compliance_boundary,allpairs_gs_pocock,false rejection of the component compliance gate (first crossing),3632,8000,96,42,-0.006750000000000034,2.1350715714464245e-06,2.224216929377708,2.1866853049598176,z vs boundary
compliance_boundary,allpairs_gs_pocock,false rejection of the component compliance gate (first crossing),3638,3000,30,20,-0.0033333333333332993,5.50924382201484e-06,2.8402903893138687,2.316614868579364,z vs boundary
compliance_boundary,allpairs_gs_pocock,false rejection of the component compliance gate (first crossing),3666,1000,7,9,0.0020000000000000018,1.588588588588589e-05,3.010755766174645,2.412201675481822,z vs boundary
compliance_boundary,allpairs_gs_pocock,false rejection of the component compliance gate (first crossing),3691,8000,107,55,-0.006500000000000061,2.5032933804225487e-06,2.212137759436836,2.1866853049598176,z vs boundary
compliance_boundary,allpairs_gs_pocock,false rejection of the component compliance gate (first crossing),3693,4000,40,21,-0.004750000000000032,3.781554763690906e-06,2.6997534593733334,2.27966933762555,z vs boundary
compliance_boundary,allpairs_gs_pocock,false rejection of the component compliance gate (first crossing),3695,2000,16,8,-0.0040000000000000036,5.962981490745409e-06,2.457081260794524,2.362561269455541,z vs boundary
compliance_boundary,allpairs_gs_pocock,false rejection of the component compliance gate (first crossing),3696,1000,7,9,0.0020000000000000018,1.588588588588589e-05,3.010755766174645,2.412201675481822,z vs boundary
compliance_boundary,allpairs_gs_pocock,false rejection of the component compliance gate (first crossing),3704,1000,9,10,0.0010000000000000009,1.8837837837837797e-05,2.5344116610603753,2.412201675481822,z vs boundary
compliance_boundary,allpairs_gs_pocock,false rejection of the component compliance gate (first crossing),3721,5000,62,36,-0.005199999999999982,3.87965593118619e-06,2.436938849574379,2.2497804226445255,z vs boundary
compliance_boundary,allpairs_gs_pocock,false rejection of the component compliance gate (first crossing),3723,1000,7,8,0.0010000000000000009,1.490190190190196e-05,2.8495208239120626,2.412201675481822,z vs boundary
compliance_boundary,allpairs_gs_pocock,false rejection of the component compliance gate (first crossing),3772,8000,97,44,-0.006625000000000103,2.1812394518064737e-06,2.285188896015899,2.1866853049598176,z vs boundary
compliance_boundary,allpairs_gs_pocock,false rejection of the component compliance gate (first crossing),3790,1000,6,5,-0.0010000000000000009,1.09499499499498e-05,2.719796699274171,2.412201675481822,z vs boundary
compliance_boundary,allpairs_gs_pocock,false rejection of the component compliance gate (first crossing),3808,3000,33,20,-0.0043333333333333,5.83568596939729e-06,2.3457499183755446,2.316614868579364,z vs boundary
compliance_boundary,allpairs_gs_pocock,false rejection of the component compliance gate (first crossing),3814,5000,58,31,-0.005400000000000071,3.5261052210442174e-06,2.4496847455507216,2.2497804226445255,z vs boundary
compliance_boundary,allpairs_gs_pocock,false rejection of the component compliance gate (first crossing),3831,10000,130,60,-0.007000000000000006,1.8796879687968869e-06,2.188156468593015,2.157872091494009,z vs boundary
compliance_boundary,allpairs_gs_pocock,false rejection of the component compliance gate (first crossing),3836,1000,7,6,-0.0010000000000000009,1.2927927927927893e-05,2.5030991243817837,2.412201675481822,z vs boundary
compliance_boundary,allpairs_gs_pocock,false rejection of the component compliance gate (first crossing),3846,2000,20,17,-0.0015000000000000568,9.168459229614769e-06,2.807183138899474,2.362561269455541,z vs boundary
compliance_boundary,allpairs_gs_pocock,false rejection of the component compliance gate (first crossing),3847,1000,6,5,-0.0010000000000000009,1.09499499499498e-05,2.719796699274171,2.412201675481822,z vs boundary
compliance_boundary,allpairs_gs_pocock,false rejection of the component compliance gate (first crossing),3855,5000,55,27,-0.005600000000000049,3.2506181236246966e-06,2.4404487976467597,2.2497804226445255,z vs boundary
compliance_boundary,allpairs_gs_pocock,false rejection of the component compliance gate (first crossing),3894,10000,126,58,-0.006799999999999917,1.8209420942094304e-06,2.371384137977088,2.157872091494009,z vs boundary
compliance_boundary,allpairs_gs_pocock,false rejection of the component compliance gate (first crossing),3918,3000,33,21,-0.0040000000000000036,5.945315105035038e-06,2.4607291369807562,2.316614868579364,z vs boundary
compliance_boundary,allpairs_gs_pocock,false rejection of the component compliance gate (first crossing),3944,4000,50,31,-0.004749999999999921,5.0096742935733756e-06,2.345603267500544,2.27966933762555,z vs boundary
compliance_boundary,allpairs_gs_pocock,false rejection of the component compliance gate (first crossing),3951,4000,43,22,-0.005250000000000088,4.027053638409594e-06,2.3670089633184817,2.27966933762555,z vs boundary
compliance_boundary,allpairs_gs_pocock,false rejection of the component compliance gate (first crossing),3963,1000,7,6,-0.0010000000000000009,1.2927927927927893e-05,2.5030991243817837,2.412201675481822,z vs boundary
compliance_boundary,allpairs_gs_pocock,false rejection of the component compliance gate (first crossing),3964,8000,99,46,-0.006624999999999992,2.2426299381172763e-06,2.253694108692555,2.1866853049598176,z vs boundary
compliance_boundary,allpairs_gs_pocock,false rejection of the component compliance gate (first crossing),3974,6000,78,43,-0.005833333333333357,3.324938415661866e-06,2.285056566168894,2.225125228345559,z vs boundary
compliance_boundary,allpairs_gs_pocock,false rejection of the component compliance gate (first crossing),3985,4000,45,24,-0.005249999999999977,4.272927606901717e-06,2.2978985026904377,2.27966933762555,z vs boundary
compliance_boundary,allpairs_gs_pocock,false rejection of the component compliance gate (first crossing),3988,1000,8,8,0.0,1.5887887887887957e-05,2.5088050587043664,2.412201675481822,z vs boundary
compliance_boundary,allpairs_gs_pocock,false rejection of the component compliance gate (first crossing),3992,8000,88,37,-0.0063750000000000195,1.935568117889741e-06,2.605576213960684,2.1866853049598176,z vs boundary
compliance_boundary,allpairs_gs_pocock,false rejection of the component compliance gate (first crossing),4002,10000,138,69,-0.006900000000000017,2.0463996399640036e-06,2.1670377082599708,2.157872091494009,z vs boundary
compliance_boundary,allpairs_gs_pocock,false rejection of the component compliance gate (first crossing),4011,5000,48,21,-0.005400000000000071,2.7385877175435094e-06,2.779678088549749,2.2497804226445255,z vs boundary
compliance_boundary,allpairs_gs_pocock,false rejection of the component compliance gate (first crossing),4059,6000,78,44,-0.005666666666666709,3.3523179789224026e-06,2.3667342433733936,2.225125228345559,z vs boundary
compliance_boundary,allpairs_gs_pocock,false rejection of the component compliance gate (first crossing),4063,5000,57,28,-0.005799999999999916,3.368409681936391e-06,2.2884258078532067,2.2497804226445255,z vs boundary
compliance_boundary,allpairs_gs_pocock,false rejection of the component compliance gate (first crossing),4110,4000,45,24,-0.005249999999999977,4.272927606901717e-06,2.2978985026904377,2.27966933762555,z vs boundary
compliance_boundary,allpairs_gs_pocock,false rejection of the component compliance gate (first crossing),4121,3000,31,17,-0.004666666666666597,5.288799970360507e-06,2.319103637455875,2.316614868579364,z vs boundary
compliance_boundary,allpairs_gs_pocock,false rejection of the component compliance gate (first crossing),4128,10000,125,59,-0.006599999999999939,1.8210761076107506e-06,2.5195029360891197,2.157872091494009,z vs boundary
compliance_boundary,allpairs_gs_pocock,false rejection of the component compliance gate (first crossing),4136,2000,13,9,-0.0020000000000000018,5.471485742871322e-06,3.4200885535737164,2.362561269455541,z vs boundary
compliance_boundary,allpairs_gs_pocock,false rejection of the component compliance gate (first crossing),4203,8000,95,44,-0.0063750000000000195,2.1507356388298194e-06,2.4718066430381582,2.1866853049598176,z vs boundary
compliance_boundary,allpairs_gs_pocock,false rejection of the component compliance gate (first crossing),4222,10000,121,50,-0.007099999999999995,1.6930283028302724e-06,2.228773260495792,2.157872091494009,z vs boundary
compliance_boundary,allpairs_gs_pocock,false rejection of the component compliance gate (first crossing),4249,2000,23,19,-0.0020000000000000018,1.0393946973486702e-05,2.481416916232462,2.362561269455541,z vs boundary
compliance_boundary,allpairs_gs_pocock,false rejection of the component compliance gate (first crossing),4253,1000,7,6,-0.0010000000000000009,1.2927927927927893e-05,2.5030991243817837,2.412201675481822,z vs boundary
compliance_boundary,allpairs_gs_pocock,false rejection of the component compliance gate (first crossing),4264,10000,131,61,-0.007000000000000006,1.8993079307930782e-06,2.1768252374159287,2.157872091494009,z vs boundary
compliance_boundary,allpairs_gs_pocock,false rejection of the component compliance gate (first crossing),4267,1000,11,13,0.0020000000000000018,2.373373373373377e-05,2.4631917038440423,2.412201675481822,z vs boundary
compliance_boundary,allpairs_gs_pocock,false rejection of the component compliance gate (first crossing),4278,2000,18,11,-0.0035000000000000586,7.1979739869934195e-06,2.4227478689612534,2.362561269455541,z vs boundary
compliance_boundary,allpairs_gs_pocock,false rejection of the component compliance gate (first crossing),4293,7000,89,48,-0.005857142857142783,2.7665030864467405e-06,2.4907743135385876,2.2043984518219175,z vs boundary
compliance_boundary,allpairs_gs_pocock,false rejection of the component compliance gate (first crossing),4300,1000,7,9,0.0020000000000000018,1.588588588588589e-05,3.010755766174645,2.412201675481822,z vs boundary
compliance_boundary,allpairs_gs_pocock,false rejection of the component compliance gate (first crossing),4318,1000,6,5,-0.0010000000000000009,1.09499499499498e-05,2.719796699274171,2.412201675481822,z vs boundary
compliance_boundary,allpairs_gs_pocock,false rejection of the component compliance gate (first crossing),4329,2000,16,11,-0.0025000000000000577,6.706228114056978e-06,2.8961570082321986,2.362561269455541,z vs boundary
compliance_boundary,allpairs_gs_pocock,false rejection of the component compliance gate (first crossing),4330,2000,19,16,-0.0014999999999999458,8.67721360680338e-06,2.8855511784888277,2.362561269455541,z vs boundary
compliance_boundary,allpairs_gs_pocock,false rejection of the component compliance gate (first crossing),4369,5000,54,24,-0.006000000000000005,3.092682536507329e-06,2.2745334093447487,2.2497804226445255,z vs boundary
compliance_boundary,allpairs_gs_pocock,false rejection of the component compliance gate (first crossing),4423,1000,2,2,0.0,3.995995995995958e-06,5.0025043828267295,2.412201675481822,z vs boundary
compliance_boundary,allpairs_gs_pocock,false rejection of the component compliance gate (first crossing),4432,3000,33,21,-0.0040000000000000036,5.945315105035038e-06,2.4607291369807562,2.316614868579364,z vs boundary
compliance_boundary,allpairs_gs_pocock,false rejection of the component compliance gate (first crossing),4443,3000,33,21,-0.0040000000000000036,5.945315105035038e-06,2.4607291369807562,2.316614868579364,z vs boundary
compliance_boundary,allpairs_gs_pocock,false rejection of the component compliance gate (first crossing),4449,3000,29,18,-0.003666666666666707,5.1808010077433235e-06,2.782491782796242,2.316614868579364,z vs boundary
compliance_boundary,allpairs_gs_pocock,false rejection of the component compliance gate (first crossing),4468,7000,78,31,-0.006714285714285673,2.204265332365241e-06,2.213083808814787,2.2043984518219175,z vs boundary
compliance_boundary,allpairs_gs_pocock,false rejection of the component compliance gate (first crossing),4472,1000,4,5,0.0010000000000000009,8.967967967967913e-06,3.67320917958302,2.412201675481822,z vs boundary
compliance_boundary,allpairs_gs_pocock,false rejection of the component compliance gate (first crossing),4474,8000,97,45,-0.006500000000000061,2.196692555319427e-06,2.361475288306571,2.1866853049598176,z vs boundary
compliance_boundary,allpairs_gs_pocock,false rejection of the component compliance gate (first crossing),4511,2000,17,14,-0.0014999999999999458,7.693221610805386e-06,3.0645365416702406,2.362561269455541,z vs boundary
compliance_boundary,allpairs_gs_pocock,false rejection of the component compliance gate (first crossing),4512,2000,22,17,-0.0025000000000000577,9.658204102051007e-06,2.413309785885626,2.362561269455541,z vs boundary
compliance_boundary,allpairs_gs_pocock,false rejection of the component compliance gate (first crossing),4544,10000,134,70,-0.006399999999999961,2.017345734573465e-06,2.534616942603379,2.157872091494009,z vs boundary
compliance_boundary,allpairs_gs_pocock,false rejection of the component compliance gate (first crossing),4547,9000,115,53,-0.006888888888888833,2.0523075952197737e-06,2.171672319067858,2.171334570077069,z vs boundary
compliance_boundary,allpairs_gs_pocock,false rejection of the component compliance gate (first crossing),4560,1000,10,12,0.0020000000000000018,2.177777777777775e-05,2.5714285714285734,2.412201675481822,z vs boundary
compliance_boundary,allpairs_gs_pocock,false rejection of the component compliance gate (first crossing),4573,4000,48,28,-0.0050000000000000044,4.702925731432862e-06,2.30561051499717,2.27966933762555,z vs boundary
compliance_boundary,allpairs_gs_pocock,false rejection of the component compliance gate (first crossing),4605,10000,113,40,-0.007299999999999973,1.5157825782578197e-06,2.193033715715292,2.157872091494009,z vs boundary
compliance_boundary,allpairs_gs_pocock,false rejection of the component compliance gate (first crossing),4692,1000,4,3,-0.0010000000000000009,6.981981981982004e-06,3.4060666937951476,2.412201675481822,z vs boundary
compliance_boundary,allpairs_gs_pocock,false rejection of the component compliance gate (first crossing),4713,1000,8,13,0.0050000000000000044,2.078778778778784e-05,3.28993351627844,2.412201675481822,z vs boundary
compliance_boundary,allpairs_gs_pocock,false rejection of the component compliance gate (first crossing),4732,4000,47,32,-0.003750000000000031,4.888206426606677e-06,2.826866169869132,2.27966933762555,z vs boundary
compliance_boundary,allpairs_gs_pocock,false rejection of the component compliance gate (first crossing),4745,5000,55,31,-0.0048000000000000265,3.408793758751715e-06,2.816456063210278,2.2497804226445255,z vs boundary
compliance_boundary,allpairs_gs_pocock,false rejection of the component compliance gate (first crossing),4759,7000,92,48,-0.006285714285714228,2.8261530072809206e-06,2.209415887322074,2.2043984518219175,z vs boundary
compliance_boundary,allpairs_gs_pocock,false rejection of the component compliance gate (first crossing),4785,4000,36,18,-0.0045000000000000595,3.3505251312827804e-06,3.004735510554136,2.27966933762555,z vs boundary
compliance_boundary,allpairs_gs_pocock,false rejection of the component compliance gate (first crossing),4800,8000,103,50,-0.006624999999999992,2.3653171490186194e-06,2.1944671643136653,2.1866853049598176,z vs boundary
compliance_boundary,allpairs_gs_pocock,false rejection of the component compliance gate (first crossing),4812,1000,5,4,-0.0010000000000000009,8.967967967967913e-06,3.0053529651133797,2.412201675481822,z vs boundary
compliance_boundary,allpairs_gs_pocock,false rejection of the component compliance gate (first crossing),4815,4000,42,21,-0.005249999999999977,3.904022880720153e-06,2.4040164354509037,2.27966933762555,z vs boundary
compliance_boundary,allpairs_gs_pocock,false rejection of the component compliance gate (first crossing),4821,3000,31,18,-0.0043333333333333,5.398651402319246e-06,2.438849628383281,2.316614868579364,z vs boundary
compliance_boundary,allpairs_gs_pocock,false rejection of the component compliance gate (first crossing),4825,7000,87,44,-0.006142857142857117,2.6461360369265793e-06,2.371153341164961,2.2043984518219175,z vs boundary
compliance_boundary,allpairs_gs_pocock,false rejection of the component compliance gate (first crossing),4832,8000,97,43,-0.006750000000000034,2.1657824415552197e-06,2.208390889031536,2.1866853049598176,z vs boundary
compliance_boundary,allpairs_gs_pocock,false rejection of the component compliance gate (first crossing),4847,4000,41,23,-0.0044999999999999485,3.966460365091287e-06,2.7616022636382906,2.27966933762555,z vs boundary
compliance_boundary,allpairs_gs_pocock,false rejection of the component compliance gate (first crossing),4854,1000,5,9,0.0040000000000000036,1.39079079079078e-05,3.7540247582702726,2.412201675481822,z vs boundary
compliance_boundary,allpairs_gs_pocock,false rejection of the component compliance gate (first crossing),4941,7000,81,36,-0.00642857142857145,2.3651862802557748e-06,2.3222517193676784,2.2043984518219175,z vs boundary
compliance_boundary,allpairs_gs_pocock,false rejection of the component compliance gate (first crossing),4969,3000,30,17,-0.0043333333333333,5.179911822459411e-06,2.48981158433168,2.316614868579364,z vs boundary
compliance_boundary,allpairs_gs_pocock,false rejection of the component compliance gate (first crossing),4979,10000,130,61,-0.006900000000000017,1.8895679567956878e-06,2.255175974010594,2.157872091494009,z vs boundary
compliance_boundary,allpairs_gs_pocock,false rejection of the component compliance gate (first crossing),5004,6000,68,37,-0.005166666666666653,2.8894028634401845e-06,2.8434310272786725,2.225125228345559,z vs boundary
compliance_boundary,allpairs_gs_pocock,false rejection of the component compliance gate (first crossing),5012,6000,72,44,-0.004666666666666708,3.1897908910744174e-06,2.9861912678587585,2.225125228345559,z vs boundary
compliance_boundary,allpairs_gs_pocock,false rejection of the component compliance gate (first crossing),5030,5000,55,29,-0.005199999999999982,3.3297379475895326e-06,2.630487301255103,2.2497804226445255,z vs boundary
compliance_boundary,allpairs_gs_pocock,false rejection of the component compliance gate (first crossing),5041,6000,66,29,-0.006166666666666654,2.6152645811339175e-06,2.3703843414206225,2.225125228345559,z vs boundary
compliance_boundary,allpairs_gs_pocock,false rejection of the component compliance gate (first crossing),5102,5000,63,36,-0.00539999999999996,3.918663732746518e-06,2.3237469508916724,2.2497804226445255,z vs boundary
compliance_boundary,allpairs_gs_pocock,false rejection of the component compliance gate (first crossing),5114,2000,18,12,-0.0030000000000000027,7.445222611305616e-06,2.5654242532454523,2.362561269455541,z vs boundary
compliance_boundary,allpairs_gs_pocock,false rejection of the component compliance gate (first crossing),5118,7000,82,39,-0.006142857142857117,2.4456992398330853e-06,2.466403908034226,2.2043984518219175,z vs boundary
compliance_boundary,allpairs_gs_pocock,false rejection of the component compliance gate (first crossing),5152,1000,10,13,0.0030000000000000027,2.2753753753753746e-05,2.7253157459769506,2.412201675481822,z vs boundary
compliance_boundary,allpairs_gs_pocock,false rejection of the component compliance gate (first crossing),5157,7000,80,36,-0.006285714285714339,2.3452446559421186e-06,2.4253880332306905,2.2043984518219175,z vs boundary
compliance_boundary,allpairs_gs_pocock,false rejection of the component compliance gate (first crossing),5184,1000,6,7,0.0010000000000000009,1.2927927927927893e-05,3.059343374244403,2.412201675481822,z vs boundary
compliance_boundary,allpairs_gs_pocock,false rejection of the component compliance gate (first crossing),5215,3000,28,23,-0.0016666666666665941,5.619910340483861e-06,3.5152325455876823,2.316614868579364,z vs boundary
compliance_boundary,allpairs_gs_pocock,false rejection of the component compliance gate (first crossing),5220,3000,29,15,-0.004666666666666708,4.851024415545913e-06,2.421486196369635,2.316614868579364,z vs boundary
compliance_boundary,allpairs_gs_pocock,false rejection of the component compliance gate (first crossing),5225,3000,33,20,-0.0043333333333333,5.83568596939729e-06,2.3457499183755446,2.316614868579364,z vs boundary
compliance_boundary,allpairs_gs_pocock,false rejection of the component compliance gate (first crossing),5238,1000,7,7,0.0,1.391591591591596e-05,2.680674616681012,2.412201675481822,z vs boundary
compliance_boundary,allpairs_gs_pocock,false rejection of the component compliance gate (first crossing),5270,9000,106,45,-0.0067777777777777715,1.8462119933764778e-06,2.371453997883864,2.171334570077069,z vs boundary
compliance_boundary,allpairs_gs_pocock,false rejection of the component compliance gate (first crossing),5286,2000,15,13,-0.0010000000000000009,6.954227113556692e-06,3.4128568658055998,2.362561269455541,z vs boundary
compliance_boundary,allpairs_gs_pocock,false rejection of the component compliance gate (first crossing),5306,3000,31,23,-0.002666666666666595,5.9467970805083426e-06,3.0071830605242873,2.316614868579364,z vs boundary
compliance_boundary,allpairs_gs_pocock,false rejection of the component compliance gate (first crossing),5310,1000,7,6,-0.0010000000000000009,1.2927927927927893e-05,2.5030991243817837,2.412201675481822,z vs boundary
compliance_boundary,allpairs_gs_pocock,false rejection of the component compliance gate (first crossing),5331,3000,30,16,-0.004666666666666708,5.06998629172684e-06,2.3686196911238593,2.316614868579364,z vs boundary
compliance_boundary,allpairs_gs_pocock,false rejection of the component compliance gate (first crossing),5345,10000,126,55,-0.007099999999999995,1.7912781278127578e-06,2.1667883225487987,2.157872091494009,z vs boundary
compliance_boundary,allpairs_gs_pocock,false rejection of the component compliance gate (first crossing),5362,10000,131,62,-0.006900000000000017,1.9091859185918548e-06,2.2435594530287126,2.157872091494009,z vs boundary
compliance_boundary,allpairs_gs_pocock,false rejection of the component compliance gate (first crossing),5369,1000,7,6,-0.0010000000000000009,1.2927927927927893e-05,2.5030991243817837,2.412201675481822,z vs boundary
compliance_boundary,allpairs_gs_pocock,false rejection of the component compliance gate (first crossing),5406,7000,89,45,-0.006285714285714228,2.706083376342375e-06,2.257900091972955,2.2043984518219175,z vs boundary
compliance_boundary,allpairs_gs_pocock,false rejection of the component compliance gate (first crossing),5414,2000,18,11,-0.0035000000000000586,7.1979739869934195e-06,2.4227478689612534,2.362561269455541,z vs boundary
compliance_boundary,allpairs_gs_pocock,false rejection of the component compliance gate (first crossing),5424,2000,17,12,-0.0024999999999999467,7.199474737368628e-06,2.795186932570725,2.362561269455541,z vs boundary
compliance_boundary,allpairs_gs_pocock,false rejection of the component compliance gate (first crossing),5433,6000,71,38,-0.00550000000000006,2.9982543386860746e-06,2.598832434918976,2.225125228345559,z vs boundary
compliance_boundary,allpairs_gs_pocock,false rejection of the component compliance gate (first crossing),5437,7000,91,48,-0.006142857142857117,2.806275532073095e-06,2.3025049329359732,2.2043984518219175,z vs boundary
compliance_boundary,allpairs_gs_pocock,false rejection of the component compliance gate (first crossing),5451,1000,7,8,0.0010000000000000009,1.490190190190196e-05,2.8495208239120626,2.412201675481822,z vs boundary
compliance_boundary,allpairs_gs_pocock,false rejection of the component compliance gate (first crossing),5460,2000,21,17,-0.0020000000000000018,9.413456728364123e-06,2.6074465926443824,2.362561269455541,z vs boundary
compliance_boundary,allpairs_gs_pocock,false rejection of the component compliance gate (first crossing),5465,1000,9,12,0.0030000000000000027,2.0795795795795773e-05,2.8507266791605943,2.412201675481822,z vs boundary
compliance_boundary,allpairs_gs_pocock,false rejection of the component compliance gate (first crossing),5477,2000,24,23,-0.000500000000000056,1.1617683841920957e-05,2.787172372631371,2.362561269455541,z vs boundary
compliance_boundary,allpairs_gs_pocock,false rejection of the component compliance gate (first crossing),5483,8000,93,38,-0.0068749999999999645,2.0274155363170524e-06,2.194717550442527,2.1866853049598176,z vs boundary
compliance_boundary,allpairs_gs_pocock,false rejection of the component compliance gate (first crossing),5522,7000,83,48,-0.0050000000000000044,2.6470457878822572e-06,3.0731890528529235,2.2043984518219175,z vs boundary
compliance_boundary,allpairs_gs_pocock,false rejection of the component compliance gate (first crossing),5554,2000,20,15,-0.0025000000000000577,8.67621310655322e-06,2.546221365718854,2.362561269455541,z vs boundary
compliance_boundary,allpairs_gs_pocock,false rejection of the component compliance gate (first crossing),5560,9000,109,47,-0.006888888888888833,1.9068099473329533e-06,2.2530032462092318,2.171334570077069,z vs boundary
compliance_boundary,allpairs_gs_pocock,false rejection of the component compliance gate (first crossing),5588,7000,83,41,-0.006000000000000005,2.5059848199888833e-06,2.526799448103933,2.2043984518219175,z vs boundary
compliance_boundary,allpairs_gs_pocock,false rejection of the component compliance gate (first crossing),5595,2000,16,14,-0.0010000000000000009,7.447223611805932e-06,3.297959456320781,2.362561269455541,z vs boundary
compliance_boundary,allpairs_gs_pocock,false rejection of the component compliance gate (first crossing),5609,9000,106,49,-0.006333333333333302,1.8950843646550568e-06,2.6635273228030956,2.171334570077069,z vs boundary
compliance_boundary,allpairs_gs_pocock,false rejection of the component compliance gate (first crossing),5613,9000,112,51,-0.0067777777777777715,1.9917919549360273e-06,2.28314503993306,2.171334570077069,z vs boundary
compliance_boundary,allpairs_gs_pocock,false rejection of the component compliance gate (first crossing),5620,1000,8,10,0.0020000000000000018,1.7853853853853866e-05,2.8399798476174594,2.412201675481822,z vs boundary
compliance_boundary,allpairs_gs_pocock,false rejection of the component compliance gate (first crossing),5621,9000,105,48,-0.006333333333333413,1.8708128063612035e-06,2.6807496833834574,2.171334570077069,z vs boundary
compliance_boundary,allpairs_gs_pocock,false rejection of the component compliance gate (first crossing),5626,4000,44,23,-0.005249999999999977,4.150021880470144e-06,2.3316771481885916,2.27966933762555,z vs boundary
compliance_boundary,allpairs_gs_pocock,false rejection of the component compliance gate (first crossing),5629,3000,26,15,-0.003666666666666707,4.523693082879451e-06,2.977733180922032,2.316614868579364,z vs boundary
compliance_boundary,allpairs_gs_pocock,false rejection of the component compliance gate (first crossing),5632,4000,38,15,-0.005749999999999922,3.2872436859214825e-06,2.344082972315915,2.27966933762555,z vs boundary
compliance_boundary,allpairs_gs_pocock,false rejection of the component compliance gate (first crossing),5635,2000,17,13,-0.0020000000000000018,7.446473236618241e-06,2.931667216454269,2.362561269455541,z vs boundary
compliance_boundary,allpairs_gs_pocock,false rejection of the component compliance gate (first crossing),5638,7000,89,45,-0.006285714285714228,2.706083376342375e-06,2.257900091972955,2.2043984518219175,z vs boundary
compliance_boundary,allpairs_gs_pocock,false rejection of the component compliance gate (first crossing),5653,2000,24,20,-0.0020000000000000018,1.0883441720860416e-05,2.424972729256063,2.362561269455541,z vs boundary
compliance_boundary,allpairs_gs_pocock,false rejection of the component compliance gate (first crossing),5657,3000,35,24,-0.003666666666666707,6.491015523693136e-06,2.485856314843164,2.316614868579364,z vs boundary
compliance_boundary,allpairs_gs_pocock,false rejection of the component compliance gate (first crossing),5661,4000,41,20,-0.005249999999999977,3.78092960740182e-06,2.4428360121197237,2.27966933762555,z vs boundary
compliance_boundary,allpairs_gs_pocock,false rejection of the component compliance gate (first crossing),5666,6000,70,38,-0.005333333333333412,2.9711248170991502e-06,2.7073620221360457,2.225125228345559,z vs boundary
compliance_boundary,allpairs_gs_pocock,false rejection of the component compliance gate (first crossing),5724,8000,86,37,-0.006125000000000047,1.9049939836229682e-06,2.8075332128922037,2.1866853049598176,z vs boundary
compliance_boundary,allpairs_gs_pocock,false rejection of the component compliance gate (first crossing),5766,8000,100,47,-0.006624999999999992,2.273313461057613e-06,2.2384330805642314,2.1866853049598176,z vs boundary
compliance_boundary,allpairs_gs_pocock,false rejection of the component compliance gate (first crossing),5784,9000,118,61,-0.006333333333333302,2.1859150330832387e-06,2.480017766262479,2.171334570077069,z vs boundary
compliance_boundary,allpairs_gs_pocock,false rejection of the component compliance gate (first crossing),5787,1000,6,5,-0.0010000000000000009,1.09499499499498e-05,2.719796699274171,2.412201675481822,z vs boundary
compliance_boundary,allpairs_gs_pocock,false rejection of the component compliance gate (first crossing),5789,2000,20,15,-0.0025000000000000577,8.67621310655322e-06,2.546221365718854,2.362561269455541,z vs boundary
compliance_boundary,allpairs_gs_pocock,false rejection of the component compliance gate (first crossing),5814,2000,18,13,-0.0025000000000000577,7.69222111055523e-06,2.704178675255159,2.362561269455541,z vs boundary
compliance_boundary,allpairs_gs_pocock,false rejection of the component compliance gate (first crossing),5827,1000,8,8,0.0,1.5887887887887957e-05,2.5088050587043664,2.412201675481822,z vs boundary
compliance_boundary,allpairs_gs_pocock,false rejection of the component compliance gate (first crossing),5848,4000,43,22,-0.005250000000000088,4.027053638409594e-06,2.3670089633184817,2.27966933762555,z vs boundary
compliance_boundary,allpairs_gs_pocock,false rejection of the component compliance gate (first crossing),5851,10000,129,59,-0.007000000000000006,1.8600640064006481e-06,2.199668878095488,2.157872091494009,z vs boundary
compliance_boundary,allpairs_gs_pocock,false rejection of the component compliance gate (first crossing),5853,7000,83,40,-0.006142857142857228,2.4858099261993867e-06,2.446424206061807,2.2043984518219175,z vs boundary
compliance_boundary,allpairs_gs_pocock,false rejection of the component compliance gate (first crossing),5917,9000,116,56,-0.006666666666666599,2.1009302816911112e-06,2.299709211975546,2.171334570077069,z vs boundary
compliance_boundary,allpairs_gs_pocock,false rejection of the component compliance gate (first crossing),5920,9000,113,55,-0.006444444444444475,2.0526368499106013e-06,2.481712157431026,2.171334570077069,z vs boundary
compliance_boundary,allpairs_gs_pocock,false rejection of the component compliance gate (first crossing),5940,2000,21,16,-0.0024999999999999467,9.167458729364667e-06,2.477061456319798,2.362561269455541,z vs boundary
compliance_boundary,allpairs_gs_pocock,false rejection of the component compliance gate (first crossing),5945,7000,80,34,-0.006571428571428561,2.3048307192572952e-06,2.2583626617168613,2.2043984518219175,z vs boundary
compliance_boundary,allpairs_gs_pocock,false rejection of the component compliance gate (first crossing),5974,8000,94,45,-0.006125000000000047,2.1509309757469736e-06,2.6421560847472727,2.1866853049598176,z vs boundary
compliance_boundary,allpairs_gs_pocock,false rejection of the component compliance gate (first crossing),5985,7000,79,35,-0.006285714285714228,2.3050931474175415e-06,2.4464202793796166,2.2043984518219175,z vs boundary
compliance_boundary,allpairs_gs_pocock,false rejection of the component compliance gate (first crossing),5995,2000,15,7,-0.0040000000000000036,5.468484242120961e-06,2.5657702658516786,2.362561269455541,z vs boundary
compliance_boundary,allpairs_gs_pocock,false rejection of the component compliance gate (first crossing),5997,5000,58,29,-0.005800000000000027,3.447049409882035e-06,2.262171549334345,2.2497804226445255,z vs boundary
compliance_boundary,allpairs_gs_pocock,false rejection of the component compliance gate (first crossing),6003,9000,115,55,-0.00666666666666671,2.076705367811775e-06,2.3130834568703866,2.171334570077069,z vs boundary
compliance_boundary,allpairs_gs_pocock,false rejection of the component compliance gate (first crossing),6006,4000,47,27,-0.0050000000000000044,4.580238809702452e-06,2.3362856592382326,2.27966933762555,z vs boundary
compliance_boundary,allpairs_gs_pocock,false rejection of the component compliance gate (first crossing),6014,1000,10,12,0.0020000000000000018,2.177777777777775e-05,2.5714285714285734,2.412201675481822,z vs boundary
compliance_boundary,allpairs_gs_pocock,false rejection of the component compliance gate (first crossing),6025,1000,8,9,0.0010000000000000009,1.6871871871871888e-05,2.678002948532073,2.412201675481822,z vs boundary
compliance_boundary,allpairs_gs_pocock,false rejection of the component compliance gate (first crossing),6039,6000,75,41,-0.005666666666666598,3.188929636420891e-06,2.42660802356154,2.225125228345559,z vs boundary
compliance_boundary,allpairs_gs_pocock,false rejection of the component compliance gate (first crossing),6046,7000,92,48,-0.006285714285714228,2.8261530072809206e-06,2.209415887322074,2.2043984518219175,z vs boundary
compliance_boundary,allpairs_gs_pocock,false rejection of the component compliance gate (first crossing),6127,1000,6,6,0.0,1.1939939939939825e-05,2.8940026795174894,2.412201675481822,z vs boundary
compliance_boundary,allpairs_gs_pocock,false rejection of the component compliance gate (first crossing),6147,5000,57,28,-0.005799999999999916,3.368409681936391e-06,2.2884258078532067,2.2497804226445255,z vs boundary
compliance_boundary,allpairs_gs_pocock,false rejection of the component compliance gate (first crossing),6189,3000,31,18,-0.0043333333333333,5.398651402319246e-06,2.438849628383281,2.316614868579364,z vs boundary
compliance_boundary,allpairs_gs_pocock,false rejection of the component compliance gate (first crossing),6192,10000,121,51,-0.007000000000000006,1.7029282928292772e-06,2.298915848212342,2.157872091494009,z vs boundary
compliance_boundary,allpairs_gs_pocock,false rejection of the component compliance gate (first crossing),6200,6000,72,40,-0.005333333333333301,3.0802170732159245e-06,2.658986418598808,2.225125228345559,z vs boundary
compliance_boundary,allpairs_gs_pocock,false rejection of the component compliance gate (first crossing),6201,10000,125,57,-0.006799999999999917,1.801306130613065e-06,2.3842742846373395,2.157872091494009,z vs boundary
compliance_boundary,allpairs_gs_pocock,false rejection of the component compliance gate (first crossing),6233,2000,15,9,-0.0030000000000000027,5.964732366182972e-06,2.8661740461693355,2.362561269455541,z vs boundary
compliance_boundary,allpairs_gs_pocock,false rejection of the component compliance gate (first crossing),6262,2000,17,12,-0.0024999999999999467,7.199474737368628e-06,2.795186932570725,2.362561269455541,z vs boundary
compliance_boundary,allpairs_gs_pocock,false rejection of the component compliance gate (first crossing),6277,3000,30,21,-0.0030000000000000027,5.618872957652589e-06,2.953067905215827,2.316614868579364,z vs boundary
compliance_boundary,allpairs_gs_pocock,false rejection of the component compliance gate (first crossing),6302,7000,77,40,-0.005285714285714338,2.3661426851066176e-06,3.0647526887510055,2.2043984518219175,z vs boundary
compliance_boundary,allpairs_gs_pocock,false rejection of the component compliance gate (first crossing),6308,2000,18,19,0.0004999999999999449,9.168959479739821e-06,3.4676022201513153,2.362561269455541,z vs boundary
compliance_boundary,allpairs_gs_pocock,false rejection of the component compliance gate (first crossing),6324,7000,86,45,-0.005857142857142783,2.646380969876141e-06,2.546676468764768,2.2043984518219175,z vs boundary
compliance_boundary,allpairs_gs_pocock,false rejection of the component compliance gate (first crossing),6333,2000,20,15,-0.0025000000000000577,8.67621310655322e-06,2.546221365718854,2.362561269455541,z vs boundary
compliance_boundary,allpairs_gs_pocock,false rejection of the component compliance gate (first crossing),6356,3000,33,20,-0.0043333333333333,5.83568596939729e-06,2.3457499183755446,2.316614868579364,z vs boundary
compliance_boundary,allpairs_gs_pocock,false rejection of the component compliance gate (first crossing),6359,7000,93,50,-0.006142857142857117,2.886275298803597e-06,2.2703710890440782,2.2043984518219175,z vs boundary
compliance_boundary,allpairs_gs_pocock,false rejection of the component compliance gate (first crossing),6379,4000,38,15,-0.005749999999999922,3.2872436859214825e-06,2.344082972315915,2.27966933762555,z vs boundary
compliance_boundary,allpairs_gs_pocock,false rejection of the component compliance gate (first crossing),6387,10000,123,59,-0.006399999999999961,1.8015701570156755e-06,2.682112012167607,2.157872091494009,z vs boundary
compliance_boundary,allpairs_gs_pocock,false rejection of the component compliance gate (first crossing),6434,1000,6,8,0.0020000000000000018,1.391391391391389e-05,3.2170409568399396,2.412201675481822,z vs boundary
compliance_boundary,allpairs_gs_pocock,false rejection of the component compliance gate (first crossing),6438,10000,119,49,-0.007000000000000006,1.663604360436049e-06,2.325927801121841,2.157872091494009,z vs boundary
compliance_boundary,allpairs_gs_pocock,false rejection of the component compliance gate (first crossing),6455,3000,31,23,-0.002666666666666595,5.9467970805083426e-06,3.0071830605242873,2.316614868579364,z vs boundary
compliance_boundary,allpairs_gs_pocock,false rejection of the component compliance gate (first crossing),6466,10000,121,52,-0.006900000000000017,1.712826282628258e-06,2.3686725908433903,2.157872091494009,z vs boundary
compliance_boundary,allpairs_gs_pocock,false rejection of the component compliance gate (first crossing),6468,8000,105,59,-0.005750000000000033,2.53448477934743e-06,2.669587046380786,2.1866853049598176,z vs boundary
compliance_boundary,allpairs_gs_pocock,false rejection of the component compliance gate (first crossing),6479,4000,34,18,-0.0040000000000000036,3.2276819204800704e-06,3.339687919256014,2.27966933762555,z vs boundary
compliance_boundary,allpairs_gs_pocock,false rejection of the component compliance gate (first crossing),6480,4000,42,21,-0.005249999999999977,3.904022880720153e-06,2.4040164354509037,2.27966933762555,z vs boundary
compliance_boundary,allpairs_gs_pocock,false rejection of the component compliance gate (first crossing),6492,2000,17,19,0.0010000000000000009,8.923211605802832e-06,3.6824095581792227,2.362561269455541,z vs boundary
compliance_boundary,allpairs_gs_pocock,false rejection of the component compliance gate (first crossing),6496,4000,44,25,-0.004750000000000032,4.2735527631908025e-06,2.5395967828774237,2.27966933762555,z vs boundary
compliance_boundary,allpairs_gs_pocock,false rejection of the component compliance gate (first crossing),6511,2000,19,13,-0.0030000000000000027,7.937718859429633e-06,2.4845639733568765,2.362561269455541,z vs boundary
compliance_boundary,allpairs_gs_pocock,false rejection of the component compliance gate (first crossing),6514,1000,7,7,0.0,1.391591591591596e-05,2.680674616681012,2.412201675481822,z vs boundary
compliance_boundary,allpairs_gs_pocock,false rejection of the component compliance gate (first crossing),6516,2000,18,11,-0.0035000000000000586,7.1979739869934195e-06,2.4227478689612534,2.362561269455541,z vs boundary
compliance_boundary,allpairs_gs_pocock,false rejection of the component compliance gate (first crossing),6560,10000,124,53,-0.007099999999999995,1.7519901990198714e-06,2.190948462180268,2.157872091494009,z vs boundary
compliance_boundary,allpairs_gs_pocock,false rejection of the component compliance gate (first crossing),6575,4000,44,24,-0.0050000000000000044,4.211802950737675e-06,2.4363292657032316,2.27966933762555,z vs boundary
compliance_boundary,allpairs_gs_pocock,false rejection of the component compliance gate (first crossing),6606,1000,4,7,0.0030000000000000027,1.0945945945946005e-05,3.9293137025235625,2.412201675481822,z vs boundary
compliance_boundary,allpairs_gs_pocock,false rejection of the component compliance gate (first crossing),6623,8000,100,49,-0.0063749999999999085,2.3041923209151183e-06,2.388078773757589,2.1866853049598176,z vs boundary
compliance_boundary,allpairs_gs_pocock,false rejection of the component compliance gate (first crossing),6681,3000,36,25,-0.003666666666666707,6.708865918269008e-06,2.445162857233673,2.316614868579364,z vs boundary
compliance_boundary,allpairs_gs_pocock,false rejection of the component compliance gate (first crossing),6697,7000,87,42,-0.00642857142857145,2.605815408032047e-06,2.2124330873576605,2.2043984518219175,z vs boundary
compliance_boundary,allpairs_gs_pocock,false rejection of the component compliance gate (first crossing),6712,2000,15,8,-0.0034999999999999476,5.716733366683315e-06,2.718562915080022,2.362561269455541,z vs boundary
compliance_boundary,allpairs_gs_pocock,false rejection of the component compliance gate (first crossing),6713,6000,71,34,-0.006166666666666654,2.8884582615621534e-06,2.2555036667701804,2.225125228345559,z vs boundary
compliance_boundary,allpairs_gs_pocock,false rejection of the component compliance gate (first crossing),6727,4000,45,33,-0.0030000000000000027,4.827550637659394e-06,3.1859182012211367,2.27966933762555,z vs boundary
compliance_boundary,allpairs_gs_pocock,false rejection of the component compliance gate (first crossing),6729,3000,30,21,-0.0030000000000000027,5.618872957652589e-06,2.953067905215827,2.316614868579364,z vs boundary
compliance_boundary,allpairs_gs_pocock,false rejection of the component compliance gate (first crossing),6734,3000,28,20,-0.002666666666666595,5.291245229891455e-06,3.1880305988589206,2.316614868579364,z vs boundary
compliance_boundary,allpairs_gs_pocock,false rejection of the component compliance gate (first crossing),6753,9000,113,53,-0.006666666666666599,2.0282390773186005e-06,2.3405567322204948,2.171334570077069,z vs boundary
compliance_boundary,allpairs_gs_pocock,false rejection of the component compliance gate (first crossing),6763,8000,95,48,-0.005874999999999964,2.212524612451532e-06,2.7731917376663504,2.1866853049598176,z vs boundary
compliance_boundary,allpairs_gs_pocock,false rejection of the component compliance gate (first crossing),6768,7000,91,48,-0.006142857142857117,2.806275532073095e-06,2.3025049329359732,2.2043984518219175,z vs boundary
compliance_boundary,allpairs_gs_pocock,false rejection of the component compliance gate (first crossing),6785,10000,139,72,-0.006700000000000039,2.085703570357027e-06,2.2850075931896177,2.157872091494009,z vs boundary
compliance_boundary,allpairs_gs_pocock,false rejection of the component compliance gate (first crossing),6798,5000,60,33,-0.00539999999999996,3.683224644928998e-06,2.3968658501232545,2.2497804226445255,z vs boundary
compliance_boundary,allpairs_gs_pocock,false rejection of the component compliance gate (first crossing),6808,2000,13,8,-0.0024999999999999467,5.2234867433716644e-06,3.281565029820373,2.362561269455541,z vs boundary
compliance_boundary,allpairs_gs_pocock,false rejection of the component compliance gate (first crossing),6822,3000,35,23,-0.0040000000000000036,6.381608684376379e-06,2.375123328666562,2.316614868579364,z vs boundary
compliance_boundary,allpairs_gs_pocock,false rejection of the component compliance gate (first crossing),6824,1000,7,6,-0.0010000000000000009,1.2927927927927893e-05,2.5030991243817837,2.412201675481822,z vs boundary
compliance_boundary,allpairs_gs_pocock,false rejection of the component compliance gate (first crossing),6828,2000,22,18,-0.0020000000000000018,9.903951975987996e-06,2.5420595735430673,2.362561269455541,z vs boundary
compliance_boundary,allpairs_gs_pocock,false rejection of the component compliance gate (first crossing),6843,2000,17,11,-0.0030000000000000027,6.952226113056432e-06,2.6548262046037157,2.362561269455541,z vs boundary
compliance_boundary,allpairs_gs_pocock,false rejection of the component compliance gate (first crossing),6846,5000,65,38,-0.00539999999999996,4.075463092618576e-06,2.2786065918055973,2.2497804226445255,z vs boundary
compliance_boundary,allpairs_gs_pocock,false rejection of the component compliance gate (first crossing),6897,2000,19,13,-0.0030000000000000027,7.937718859429633e-06,2.4845639733568765,2.362561269455541,z vs boundary
compliance_boundary,allpairs_gs_pocock,false rejection of the component compliance gate (first crossing),6920,8000,101,49,-0.00649999999999995,2.3194266470809014e-06,2.2981465686794427,2.1866853049598176,z vs boundary
compliance_boundary,allpairs_gs_pocock,false rejection of the component compliance gate (first crossing),6933,2000,15,7,-0.0040000000000000036,5.468484242120961e-06,2.5657702658516786,2.362561269455541,z vs boundary
compliance_boundary,allpairs_gs_pocock,false rejection of the component compliance gate (first crossing),6935,7000,81,38,-0.006142857142857117,2.4055768899930257e-06,2.4868872896788283,2.2043984518219175,z vs boundary
compliance_boundary,allpairs_gs_pocock,false rejection of the component compliance gate (first crossing),6937,5000,52,24,-0.005599999999999938,3.0143628725745173e-06,2.5342818337404145,2.2497804226445255,z vs boundary
compliance_boundary,allpairs_gs_pocock,false rejection of the component compliance gate (first crossing),6943,7000,89,47,-0.006000000000000005,2.746369014815501e-06,2.413684747238706,2.2043984518219175,z vs boundary
compliance_boundary,allpairs_gs_pocock,false rejection of the component compliance gate (first crossing),6952,4000,44,23,-0.005249999999999977,4.150021880470144e-06,2.3316771481885916,2.27966933762555,z vs boundary
compliance_boundary,allpairs_gs_pocock,false rejection of the component compliance gate (first crossing),6961,4000,40,20,-0.0050000000000000044,3.7196799199799666e-06,2.5924907720879906,2.27966933762555,z vs boundary
compliance_boundary,allpairs_gs_pocock,false rejection of the component compliance gate (first crossing),6977,1000,7,8,0.0010000000000000009,1.490190190190196e-05,2.8495208239120626,2.412201675481822,z vs boundary
compliance_boundary,allpairs_gs_pocock,false rejection of the component compliance gate (first crossing),7005,7000,84,39,-0.00642857142857145,2.485553329775973e-06,2.2653245196893734,2.2043984518219175,z vs boundary
compliance_boundary,allpairs_gs_pocock,false rejection of the component compliance gate (first crossing),7037,1000,11,13,0.0020000000000000018,2.373373373373377e-05,2.4631917038440423,2.412201675481822,z vs boundary
compliance_boundary,allpairs_gs_pocock,false rejection of the component compliance gate (first crossing),7040,3000,31,18,-0.0043333333333333,5.398651402319246e-06,2.438849628383281,2.316614868579364,z vs boundary
compliance_boundary,allpairs_gs_pocock,false rejection of the component compliance gate (first crossing),7041,6000,61,22,-0.00649999999999995,2.286469041136511e-06,2.314650273601526,2.225125228345559,z vs boundary
compliance_boundary,allpairs_gs_pocock,false rejection of the component compliance gate (first crossing),7064,1000,8,9,0.0010000000000000009,1.6871871871871888e-05,2.678002948532073,2.412201675481822,z vs boundary
compliance_boundary,allpairs_gs_pocock,false rejection of the component compliance gate (first crossing),7079,8000,92,41,-0.0063749999999999085,2.0585678678585027e-06,2.5265355656139574,2.1866853049598176,z vs boundary
compliance_boundary,allpairs_gs_pocock,false rejection of the component compliance gate (first crossing),7101,3000,31,17,-0.004666666666666597,5.288799970360507e-06,2.319103637455875,2.316614868579364,z vs boundary
compliance_boundary,allpairs_gs_pocock,false rejection of the component compliance gate (first crossing),7108,8000,96,42,-0.006750000000000034,2.1350715714464245e-06,2.224216929377708,2.1866853049598176,z vs boundary
compliance_boundary,allpairs_gs_pocock,false rejection of the component compliance gate (first crossing),7110,5000,61,34,-0.00539999999999996,3.76173634726948e-06,2.3717213056917603,2.2497804226445255,z vs boundary
compliance_boundary,allpairs_gs_pocock,false rejection of the component compliance gate (first crossing),7115,1000,5,3,-0.0020000000000000018,7.973973973973868e-06,2.8330391758021154,2.412201675481822,z vs boundary
compliance_boundary,allpairs_gs_pocock,false rejection of the component compliance gate (first crossing),7147,2000,19,18,-0.0004999999999999449,9.168959479739821e-06,3.1373543896607483,2.362561269455541,z vs boundary
compliance_boundary,allpairs_gs_pocock,false rejection of the component compliance gate (first crossing),7186,2000,21,16,-0.0024999999999999467,9.167458729364667e-06,2.477061456319798,2.362561269455541,z vs boundary
compliance_boundary,allpairs_gs_pocock,false rejection of the component compliance gate (first crossing),7199,1000,7,6,-0.0010000000000000009,1.2927927927927893e-05,2.5030991243817837,2.412201675481822,z vs boundary
compliance_boundary,allpairs_gs_pocock,false rejection of the component compliance gate (first crossing),7202,1000,6,8,0.0020000000000000018,1.391391391391389e-05,3.2170409568399396,2.412201675481822,z vs boundary
compliance_boundary,allpairs_gs_pocock,false rejection of the component compliance gate (first crossing),7226,1000,6,7,0.0010000000000000009,1.2927927927927893e-05,3.059343374244403,2.412201675481822,z vs boundary
compliance_boundary,allpairs_gs_pocock,false rejection of the component compliance gate (first crossing),7250,2000,17,10,-0.0034999999999999476,6.704727363681768e-06,2.5102836375562085,2.362561269455541,z vs boundary
compliance_boundary,allpairs_gs_pocock,false rejection of the component compliance gate (first crossing),7256,9000,106,43,-0.007000000000000006,1.8217593450026646e-06,2.222673909966595,2.171334570077069,z vs boundary
compliance_boundary,allpairs_gs_pocock,false rejection of the component compliance gate (first crossing),7269,3000,35,25,-0.0033333333333334103,6.6003482642362645e-06,2.594928017757861,2.316614868579364,z vs boundary
compliance_boundary,allpairs_gs_pocock,false rejection of the component compliance gate (first crossing),7300,9000,111,50,-0.0067777777777777715,1.967542346954872e-06,2.297171630877105,2.171334570077069,z vs boundary
compliance_boundary,allpairs_gs_pocock,false rejection of the component compliance gate (first crossing),7352,2000,18,11,-0.0035000000000000586,7.1979739869934195e-06,2.4227478689612534,2.362561269455541,z vs boundary
compliance_boundary,allpairs_gs_pocock,false rejection of the component compliance gate (first crossing),7369,10000,115,51,-0.006399999999999961,1.644338433843387e-06,2.8074168153070023,2.157872091494009,z vs boundary
compliance_boundary,allpairs_gs_pocock,false rejection of the component compliance gate (first crossing),7406,2000,16,14,-0.0010000000000000009,7.447223611805932e-06,3.297959456320781,2.362561269455541,z vs boundary
compliance_boundary,allpairs_gs_pocock,false rejection of the component compliance gate (first crossing),7469,7000,86,48,-0.005428571428571338,2.7068006799805064e-06,2.7785857228059894,2.2043984518219175,z vs boundary
compliance_boundary,allpairs_gs_pocock,false rejection of the component compliance gate (first crossing),7497,1000,7,8,0.0010000000000000009,1.490190190190196e-05,2.8495208239120626,2.412201675481822,z vs boundary
compliance_boundary,allpairs_gs_pocock,false rejection of the component compliance gate (first crossing),7520,5000,58,29,-0.005800000000000027,3.447049409882035e-06,2.262171549334345,2.2497804226445255,z vs boundary
compliance_boundary,allpairs_gs_pocock,false rejection of the component compliance gate (first crossing),7527,4000,45,24,-0.005249999999999977,4.272927606901717e-06,2.2978985026904377,2.27966933762555,z vs boundary
compliance_boundary,allpairs_gs_pocock,false rejection of the component compliance gate (first crossing),7545,2000,17,13,-0.0020000000000000018,7.446473236618241e-06,2.931667216454269,2.362561269455541,z vs boundary
compliance_boundary,allpairs_gs_pocock,false rejection of the component compliance gate (first crossing),7546,3000,28,15,-0.0043333333333333,4.741988070097355e-06,2.6022405383726563,2.316614868579364,z vs boundary
compliance_boundary,allpairs_gs_pocock,false rejection of the component compliance gate (first crossing),7552,2000,18,14,-0.0020000000000000018,7.938969484742375e-06,2.8392780217759817,2.362561269455541,z vs boundary
compliance_boundary,allpairs_gs_pocock,false rejection of the component compliance gate (first crossing),7557,2000,18,12,-0.0030000000000000027,7.445222611305616e-06,2.5654242532454523,2.362561269455541,z vs boundary
compliance_boundary,allpairs_gs_pocock,false rejection of the component compliance gate (first crossing),7608,2000,18,16,-0.0010000000000000009,8.431715857928974e-06,3.099449238641128,2.362561269455541,z vs boundary
compliance_boundary,allpairs_gs_pocock,false rejection of the component compliance gate (first crossing),7614,9000,107,44,-0.006999999999999895,1.8460418784529118e-06,2.2080071745000125,2.171334570077069,z vs boundary
compliance_boundary,allpairs_gs_pocock,false rejection of the component compliance gate (first crossing),7627,2000,18,11,-0.0035000000000000586,7.1979739869934195e-06,2.4227478689612534,2.362561269455541,z vs boundary
compliance_boundary,allpairs_gs_pocock,false rejection of the component compliance gate (first crossing),7668,2000,19,14,-0.0024999999999999467,8.184467233616778e-06,2.6215977534906734,2.362561269455541,z vs boundary
compliance_boundary,allpairs_gs_pocock,false rejection of the component compliance gate (first crossing),7673,7000,87,46,-0.005857142857142894,2.686433338873501e-06,2.5276208180591246,2.2043984518219175,z vs boundary
compliance_boundary,allpairs_gs_pocock,false rejection of the component compliance gate (first crossing),7692,6000,68,32,-0.006000000000000005,2.752088311014752e-06,2.411175424144166,2.225125228345559,z vs boundary
compliance_boundary,allpairs_gs_pocock,false rejection of the component compliance gate (first crossing),7697,2000,24,22,-0.0010000000000000009,1.1373186593296655e-05,2.6687102718475963,2.362561269455541,z vs boundary
compliance_boundary,allpairs_gs_pocock,false rejection of the component compliance gate (first crossing),7720,10000,126,55,-0.007099999999999995,1.7912781278127578e-06,2.1667883225487987,2.157872091494009,z vs boundary
compliance_boundary,allpairs_gs_pocock,false rejection of the component compliance gate (first crossing),7740,9000,102,39,-0.007000000000000006,1.7245743354199536e-06,2.2844428371984917,2.171334570077069,z vs boundary
compliance_boundary,allpairs_gs_pocock,false rejection of the component compliance gate (first crossing),7761,5000,64,37,-0.005400000000000071,3.997079415883147e-06,2.300840128023668,2.2497804226445255,z vs boundary
compliance_boundary,allpairs_gs_pocock,false rejection of the component compliance gate (first crossing),7773,1000,9,12,0.0030000000000000027,2.0795795795795773e-05,2.8507266791605943,2.412201675481822,z vs boundary
compliance_boundary,allpairs_gs_pocock,false rejection of the component compliance gate (first crossing),7779,6000,68,30,-0.006333333333333302,2.6970976644255214e-06,2.232662582124517,2.225125228345559,z vs boundary
compliance_boundary,allpairs_gs_pocock,false rejection of the component compliance gate (first crossing),7780,1000,7,7,0.0,1.391591591591596e-05,2.680674616681012,2.412201675481822,z vs boundary
compliance_boundary,allpairs_gs_pocock,false rejection of the component compliance gate (first crossing),7820,2000,14,11,-0.0015000000000000568,6.213481740870378e-06,3.409976707672813,2.362561269455541,z vs boundary
compliance_boundary,allpairs_gs_pocock,false rejection of the component compliance gate (first crossing),7829,2000,20,16,-0.0020000000000000018,8.922461230615314e-06,2.678228654153548,2.362561269455541,z vs boundary
compliance_boundary,allpairs_gs_pocock,false rejection of the component compliance gate (first crossing),7849,10000,121,52,-0.006900000000000017,1.712826282628258e-06,2.3686725908433903,2.157872091494009,z vs boundary
compliance_boundary,allpairs_gs_pocock,false rejection of the component compliance gate (first crossing),7851,10000,117,49,-0.006800000000000028,1.6440744074407583e-06,2.495681983668459,2.157872091494009,z vs boundary
compliance_boundary,allpairs_gs_pocock,false rejection of the component compliance gate (first crossing),7913,5000,69,43,-0.005199999999999982,4.428005601120256e-06,2.281062351354538,2.2497804226445255,z vs boundary
compliance_boundary,allpairs_gs_pocock,false rejection of the component compliance gate (first crossing),7928,4000,46,27,-0.004749999999999921,4.519176669167302e-06,2.469617213644013,2.27966933762555,z vs boundary
compliance_boundary,allpairs_gs_pocock,false rejection of the component compliance gate (first crossing),7938,1000,8,9,0.0010000000000000009,1.6871871871871888e-05,2.678002948532073,2.412201675481822,z vs boundary
compliance_boundary,allpairs_gs_pocock,false rejection of the component compliance gate (first crossing),7940,9000,113,51,-0.006888888888888833,2.003830329570228e-06,2.1977842109093078,2.171334570077069,z vs boundary
compliance_boundary,allpairs_gs_pocock,false rejection of the component compliance gate (first crossing),7947,7000,78,39,-0.0055714285714285605,2.3659210791045726e-06,2.8791449308568473,2.2043984518219175,z vs boundary
compliance_boundary,allpairs_gs_pocock,false rejection of the component compliance gate (first crossing),7968,4000,48,30,-0.0045000000000000595,4.826144036008978e-06,2.5035862048835837,2.27966933762555,z vs boundary
compliance_boundary,allpairs_gs_pocock,false rejection of the component compliance gate (first crossing),7991,1000,5,3,-0.0020000000000000018,7.973973973973868e-06,2.8330391758021154,2.412201675481822,z vs boundary
compliance_boundary,allpairs_gs_pocock,false rejection of the component compliance gate (first crossing),7993,6000,74,38,-0.006000000000000005,3.0795873386304785e-06,2.2793642300162493,2.225125228345559,z vs boundary
compliance_boundary,allpairs_gs_pocock,false rejection of the component compliance gate (first crossing),8002,1000,7,7,0.0,1.391591591591596e-05,2.680674616681012,2.412201675481822,z vs boundary
compliance_boundary,allpairs_gs_pocock,false rejection of the component compliance gate (first crossing),8008,4000,43,23,-0.0050000000000000044,4.088865966491671e-06,2.4726837062023774,2.27966933762555,z vs boundary
compliance_boundary,allpairs_gs_pocock,false rejection of the component compliance gate (first crossing),8051,7000,85,42,-0.006142857142857117,2.5659963085105278e-06,2.407895918169728,2.2043984518219175,z vs boundary
compliance_boundary,allpairs_gs_pocock,false rejection of the component compliance gate (first crossing),8061,5000,60,34,-0.005199999999999982,3.7226965393078806e-06,2.4877825635597395,2.2497804226445255,z vs boundary
compliance_boundary,allpairs_gs_pocock,false rejection of the component compliance gate (first crossing),8082,6000,74,38,-0.006000000000000005,3.0795873386304785e-06,2.2793642300162493,2.225125228345559,z vs boundary
compliance_boundary,allpairs_gs_pocock,false rejection of the component compliance gate (first crossing),8098,3000,33,20,-0.0043333333333333,5.83568596939729e-06,2.3457499183755446,2.316614868579364,z vs boundary
compliance_boundary,allpairs_gs_pocock,false rejection of the component compliance gate (first crossing),8126,2000,16,9,-0.0035000000000000586,6.2109804902450675e-06,2.608154258977844,2.362561269455541,z vs boundary
compliance_boundary,allpairs_gs_pocock,false rejection of the component compliance gate (first crossing),8127,3000,29,18,-0.003666666666666707,5.1808010077433235e-06,2.782491782796242,2.316614868579364,z vs boundary
compliance_boundary,allpairs_gs_pocock,false rejection of the component compliance gate (first crossing),8139,9000,112,50,-0.006888888888888944,1.9795834653781936e-06,2.2112029905850834,2.171334570077069,z vs boundary
compliance_boundary,allpairs_gs_pocock,false rejection of the component compliance gate (first crossing),8177,4000,43,23,-0.0050000000000000044,4.088865966491671e-06,2.4726837062023774,2.27966933762555,z vs boundary
compliance_boundary,allpairs_gs_pocock,false rejection of the component compliance gate (first crossing),8185,8000,101,53,-0.006000000000000005,2.381137485935738e-06,2.5921955173768136,2.1866853049598176,z vs boundary
compliance_boundary,allpairs_gs_pocock,false rejection of the component compliance gate (first crossing),8190,5000,54,31,-0.0046000000000000485,3.3696579315862993e-06,2.941716739563134,2.2497804226445255,z vs boundary
compliance_boundary,allpairs_gs_pocock,false rejection of the component compliance gate (first crossing),8194,7000,78,36,-0.006000000000000005,2.3053439121040476e-06,2.634463160645405,2.2043984518219175,z vs boundary
compliance_boundary,allpairs_gs_pocock,false rejection of the component compliance gate (first crossing),8200,3000,36,24,-0.0040000000000000036,6.59953317772588e-06,2.3355794324680637,2.316614868579364,z vs boundary
compliance_boundary,allpairs_gs_pocock,false rejection of the component compliance gate (first crossing),8216,10000,130,62,-0.006800000000000028,1.8994459445944644e-06,2.3218625620102245,2.157872091494009,z vs boundary
compliance_boundary,allpairs_gs_pocock,false rejection of the component compliance gate (first crossing),8231,1000,5,6,0.0010000000000000009,1.09499499499498e-05,3.324195965779543,2.412201675481822,z vs boundary
compliance_boundary,allpairs_gs_pocock,false rejection of the component compliance gate (first crossing),8249,2000,21,16,-0.0024999999999999467,9.167458729364667e-06,2.477061456319798,2.362561269455541,z vs boundary
compliance_boundary,allpairs_gs_pocock,false rejection of the component compliance gate (first crossing),8255,10000,131,61,-0.007000000000000006,1.8993079307930782e-06,2.1768252374159287,2.157872091494009,z vs boundary
compliance_boundary,allpairs_gs_pocock,false rejection of the component compliance gate (first crossing),8268,3000,38,27,-0.003666666666666707,7.144122114779077e-06,2.3695065390984955,2.316614868579364,z vs boundary
compliance_boundary,allpairs_gs_pocock,false rejection of the component compliance gate (first crossing),8293,9000,111,52,-0.006555555555555537,1.9919565822814186e-06,2.440502463352047,2.171334570077069,z vs boundary
compliance_boundary,allpairs_gs_pocock,false rejection of the component compliance gate (first crossing),8315,3000,33,22,-0.003666666666666707,6.054870141899157e-06,2.5738304205542253,2.316614868579364,z vs boundary
compliance_boundary,allpairs_gs_pocock,false rejection of the component compliance gate (first crossing),8321,3000,35,23,-0.0040000000000000036,6.381608684376379e-06,2.375123328666562,2.316614868579364,z vs boundary
compliance_boundary,allpairs_gs_pocock,false rejection of the component compliance gate (first crossing),8323,1000,9,11,0.0020000000000000018,1.981781781781782e-05,2.695586857047883,2.412201675481822,z vs boundary
compliance_boundary,allpairs_gs_pocock,false rejection of the component compliance gate (first crossing),8325,3000,31,20,-0.003666666666666596,5.618131969915936e-06,2.6719995333227593,2.316614868579364,z vs boundary
compliance_boundary,allpairs_gs_pocock,false rejection of the component compliance gate (first crossing),8333,5000,53,26,-0.005400000000000071,3.1327465493098936e-06,2.5989337056806776,2.2497804226445255,z vs boundary
compliance_boundary,allpairs_gs_pocock,false rejection of the component compliance gate (first crossing),8363,7000,89,46,-0.006142857142857117,2.72622911144741e-06,2.3360629881352506,2.2043984518219175,z vs boundary
compliance_boundary,allpairs_gs_pocock,false rejection of the component compliance gate (first crossing),8399,1000,6,7,0.0010000000000000009,1.2927927927927893e-05,3.059343374244403,2.412201675481822,z vs boundary
compliance_boundary,allpairs_gs_pocock,false rejection of the component compliance gate (first crossing),8432,8000,98,44,-0.006750000000000034,2.196485498187243e-06,2.1929018343465874,2.1866853049598176,z vs boundary
compliance_boundary,allpairs_gs_pocock,false rejection of the component compliance gate (first crossing),8445,7000,80,34,-0.006571428571428561,2.3048307192572952e-06,2.2583626617168613,2.2043984518219175,z vs boundary
compliance_boundary,allpairs_gs_pocock,false rejection of the component compliance gate (first crossing),8481,3000,31,17,-0.004666666666666597,5.288799970360507e-06,2.319103637455875,2.316614868579364,z vs boundary
compliance_boundary,allpairs_gs_pocock,false rejection of the component compliance gate (first crossing),8542,5000,52,22,-0.006000000000000005,2.9350830166032834e-06,2.334800601936065,2.2497804226445255,z vs boundary
compliance_boundary,allpairs_gs_pocock,false rejection of the component compliance gate (first crossing),8552,4000,47,30,-0.004250000000000087,4.765113153288316e-06,2.63409379761581,2.27966933762555,z vs boundary
compliance_boundary,allpairs_gs_pocock,false rejection of the component compliance gate (first crossing),8564,2000,18,11,-0.0035000000000000586,7.1979739869934195e-06,2.4227478689612534,2.362561269455541,z vs boundary
compliance_boundary,allpairs_gs_pocock,false rejection of the component compliance gate (first crossing),8571,6000,89,56,-0.00550000000000006,3.977250838102626e-06,2.2564256230993687,2.225125228345559,z vs boundary
compliance_boundary,allpairs_gs_pocock,false rejection of the component compliance gate (first crossing),8602,1000,7,9,0.0020000000000000018,1.588588588588589e-05,3.010755766174645,2.412201675481822,z vs boundary
compliance_boundary,allpairs_gs_pocock,false rejection of the component compliance gate (first crossing),8620,2000,22,17,-0.0025000000000000577,9.658204102051007e-06,2.413309785885626,2.362561269455541,z vs boundary
compliance_boundary,allpairs_gs_pocock,false rejection of the component compliance gate (first crossing),8622,5000,58,31,-0.005400000000000071,3.5261052210442174e-06,2.4496847455507216,2.2497804226445255,z vs boundary
compliance_boundary,allpairs_gs_pocock,false rejection of the component compliance gate (first crossing),8656,3000,32,23,-0.0030000000000000027,6.05561112963591e-06,2.8445858853299497,2.316614868579364,z vs boundary
compliance_boundary,allpairs_gs_pocock,false rejection of the component compliance gate (first crossing),8682,5000,60,37,-0.0046000000000000485,3.841016203240604e-06,2.755311407094231,2.2497804226445255,z vs boundary
compliance_boundary,allpairs_gs_pocock,false rejection of the component compliance gate (first crossing),8685,2000,18,13,-0.0025000000000000577,7.69222111055523e-06,2.704178675255159,2.362561269455541,z vs boundary
compliance_boundary,allpairs_gs_pocock,false rejection of the component compliance gate (first crossing),8732,5000,64,37,-0.005400000000000071,3.997079415883147e-06,2.300840128023668,2.2497804226445255,z vs boundary
compliance_boundary,allpairs_gs_pocock,false rejection of the component compliance gate (first crossing),8754,1000,6,5,-0.0010000000000000009,1.09499499499498e-05,2.719796699274171,2.412201675481822,z vs boundary
compliance_boundary,allpairs_gs_pocock,false rejection of the component compliance gate (first crossing),8779,5000,66,39,-0.00539999999999996,4.1538147629525876e-06,2.2570140829476477,2.2497804226445255,z vs boundary
compliance_boundary,allpairs_gs_pocock,false rejection of the component compliance gate (first crossing),8784,4000,42,22,-0.0050000000000000044,3.965866466616604e-06,2.5107354857624156,2.27966933762555,z vs boundary
compliance_boundary,allpairs_gs_pocock,false rejection of the component compliance gate (first crossing),8805,1000,7,8,0.0010000000000000009,1.490190190190196e-05,2.8495208239120626,2.412201675481822,z vs boundary
compliance_boundary,allpairs_gs_pocock,false rejection of the component compliance gate (first crossing),8827,3000,33,20,-0.0043333333333333,5.83568596939729e-06,2.3457499183755446,2.316614868579364,z vs boundary
compliance_boundary,allpairs_gs_pocock,false rejection of the component compliance gate (first crossing),8829,3000,31,26,-0.0016666666666665941,6.274795302137727e-06,3.3267408617700864,2.316614868579364,z vs boundary
compliance_boundary,allpairs_gs_pocock,false rejection of the component compliance gate (first crossing),8838,4000,51,32,-0.004750000000000032,5.132142410602678e-06,2.3174477645906717,2.27966933762555,z vs boundary
compliance_boundary,allpairs_gs_pocock,false rejection of the component compliance gate (first crossing),8840,4000,42,21,-0.005249999999999977,3.904022880720153e-06,2.4040164354509037,2.27966933762555,z vs boundary
compliance_boundary,allpairs_gs_pocock,false rejection of the component compliance gate (first crossing),8881,2000,18,13,-0.0025000000000000577,7.69222111055523e-06,2.704178675255159,2.362561269455541,z vs boundary
compliance_boundary,allpairs_gs_pocock,false rejection of the component compliance gate (first crossing),8903,5000,56,28,-0.005599999999999938,3.329305861172248e-06,2.4114364923312737,2.2497804226445255,z vs boundary
compliance_boundary,allpairs_gs_pocock,false rejection of the component compliance gate (first crossing),8904,2000,18,11,-0.0035000000000000586,7.1979739869934195e-06,2.4227478689612534,2.362561269455541,z vs boundary
compliance_boundary,allpairs_gs_pocock,false rejection of the component compliance gate (first crossing),8906,1000,5,4,-0.0010000000000000009,8.967967967967913e-06,3.0053529651133797,2.412201675481822,z vs boundary
compliance_boundary,allpairs_gs_pocock,false rejection of the component compliance gate (first crossing),8925,10000,128,58,-0.007000000000000006,1.840436043604379e-06,2.2113673326870606,2.157872091494009,z vs boundary
compliance_boundary,allpairs_gs_pocock,false rejection of the component compliance gate (first crossing),8964,10000,124,56,-0.006799999999999917,1.781666166616652e-06,2.3973796352343557,2.157872091494009,z vs boundary
compliance_boundary,allpairs_gs_pocock,false rejection of the component compliance gate (first crossing),8977,1000,6,5,-0.0010000000000000009,1.09499499499498e-05,2.719796699274171,2.412201675481822,z vs boundary
compliance_boundary,allpairs_gs_pocock,false rejection of the component compliance gate (first crossing),8991,1000,5,4,-0.0010000000000000009,8.967967967967913e-06,3.0053529651133797,2.412201675481822,z vs boundary
compliance_boundary,allpairs_gs_pocock,false rejection of the component compliance gate (first crossing),8997,4000,45,24,-0.005249999999999977,4.272927606901717e-06,2.2978985026904377,2.27966933762555,z vs boundary
compliance_boundary,allpairs_gs_pocock,false rejection of the component compliance gate (first crossing),9011,5000,54,26,-0.005600000000000049,3.1718983796759452e-06,2.47054656523045,2.2497804226445255,z vs boundary
compliance_boundary,allpairs_gs_pocock,false rejection of the component compliance gate (first crossing),9013,10000,115,50,-0.00649999999999995,1.6344384438443821e-06,2.737686787057167,2.157872091494009,z vs boundary
compliance_boundary,allpairs_gs_pocock,false rejection of the component compliance gate (first crossing),9029,3000,28,16,-0.0040000000000000036,4.851987699603455e-06,2.723901537245089,2.316614868579364,z vs boundary
compliance_boundary,allpairs_gs_pocock,false rejection of the component compliance gate (first crossing),9051,2000,21,16,-0.0024999999999999467,9.167458729364667e-06,2.477061456319798,2.362561269455541,z vs boundary
compliance_boundary,allpairs_gs_pocock,false rejection of the component compliance gate (first crossing),9059,6000,68,30,-0.006333333333333302,2.6970976644255214e-06,2.232662582124517,2.225125228345559,z vs boundary
compliance_boundary,allpairs_gs_pocock,false rejection of the component compliance gate (first crossing),9068,1000,8,8,0.0,1.5887887887887957e-05,2.5088050587043664,2.412201675481822,z vs boundary
compliance_boundary,allpairs_gs_pocock,false rejection of the component compliance gate (first crossing),9082,9000,112,53,-0.006555555555555537,2.0162007026843997e-06,2.425784984775949,2.171334570077069,z vs boundary
compliance_boundary,allpairs_gs_pocock,false rejection of the component compliance gate (first crossing),9090,7000,85,41,-0.006285714285714228,2.5458272464579384e-06,2.3278813603256534,2.2043984518219175,z vs boundary
compliance_boundary,allpairs_gs_pocock,false rejection of the component compliance gate (first crossing),9104,2000,17,10,-0.0034999999999999476,6.704727363681768e-06,2.5102836375562085,2.362561269455541,z vs boundary
compliance_boundary,allpairs_gs_pocock,false rejection of the component compliance gate (first crossing),9149,2000,16,8,-0.0040000000000000036,5.962981490745409e-06,2.457081260794524,2.362561269455541,z vs boundary
compliance_boundary,allpairs_gs_pocock,false rejection of the component compliance gate (first crossing),9173,9000,116,58,-0.006444444444444364,2.1253115915485885e-06,2.438912184795006,2.171334570077069,z vs boundary
compliance_boundary,allpairs_gs_pocock,false rejection of the component compliance gate (first crossing),9200,2000,17,12,-0.0024999999999999467,7.199474737368628e-06,2.795186932570725,2.362561269455541,z vs boundary
compliance_boundary,allpairs_gs_pocock,false rejection of the component compliance gate (first crossing),9201,5000,55,28,-0.00539999999999996,3.2901860372074328e-06,2.535990394154728,2.2497804226445255,z vs boundary
compliance_boundary,allpairs_gs_pocock,false rejection of the component compliance gate (first crossing),9240,1000,9,10,0.0010000000000000009,1.8837837837837797e-05,2.5344116610603753,2.412201675481822,z vs boundary
compliance_boundary,allpairs_gs_pocock,false rejection of the component compliance gate (first crossing),9247,7000,88,44,-0.006285714285714228,2.666036839081978e-06,2.274794842192613,2.2043984518219175,z vs boundary
compliance_boundary,allpairs_gs_pocock,false rejection of the component compliance gate (first crossing),9248,2000,16,10,-0.0030000000000000027,6.458729364682314e-06,2.7543840608180346,2.362561269455541,z vs boundary
compliance_boundary,allpairs_gs_pocock,false rejection of the component compliance gate (first crossing),9249,3000,33,24,-0.0030000000000000027,6.2737579193064534e-06,2.7946933502866758,2.316614868579364,z vs boundary
compliance_boundary,allpairs_gs_pocock,false rejection of the component compliance gate (first crossing),9272,1000,8,9,0.0010000000000000009,1.6871871871871888e-05,2.678002948532073,2.412201675481822,z vs boundary
compliance_boundary,allpairs_gs_pocock,false rejection of the component compliance gate (first crossing),9290,1000,6,6,0.0,1.1939939939939825e-05,2.8940026795174894,2.412201675481822,z vs boundary
compliance_boundary,allpairs_gs_pocock,false rejection of the component compliance gate (first crossing),9314,8000,101,48,-0.006624999999999992,2.303989170521306e-06,2.2234817053215328,2.1866853049598176,z vs boundary
compliance_boundary,allpairs_gs_pocock,false rejection of the component compliance gate (first crossing),9321,4000,46,30,-0.0040000000000000036,4.704051012753166e-06,2.7664016757154104,2.27966933762555,z vs boundary
compliance_boundary,allpairs_gs_pocock,false rejection of the component compliance gate (first crossing),9335,7000,87,43,-0.006285714285714339,2.6259786383477483e-06,2.292079693140369,2.2043984518219175,z vs boundary
compliance_boundary,allpairs_gs_pocock,false rejection of the component compliance gate (first crossing),9391,8000,99,48,-0.0063750000000000195,2.273516611451425e-06,2.4041355202526504,2.1866853049598176,z vs boundary
compliance_boundary,allpairs_gs_pocock,false rejection of the component compliance gate (first crossing),9402,1000,8,9,0.0010000000000000009,1.6871871871871888e-05,2.678002948532073,2.412201675481822,z vs boundary
compliance_boundary,allpairs_gs_pocock,false rejection of the component compliance gate (first crossing),9415,10000,133,67,-0.006599999999999939,1.9780198019801947e-06,2.4174839506224006,2.157872091494009,z vs boundary
compliance_boundary,allpairs_gs_pocock,false rejection of the component compliance gate (first crossing),9423,6000,72,36,-0.006000000000000005,2.970495082513729e-06,2.3208419850650928,2.225125228345559,z vs boundary
compliance_boundary,allpairs_gs_pocock,false rejection of the component compliance gate (first crossing),9433,4000,41,22,-0.004750000000000032,3.90464803700921e-06,2.656858082512989,2.27966933762555,z vs boundary
compliance_boundary,allpairs_gs_pocock,false rejection of the component compliance gate (first crossing),9450,1000,8,9,0.0010000000000000009,1.6871871871871888e-05,2.678002948532073,2.412201675481822,z vs boundary
compliance_boundary,allpairs_gs_pocock,false rejection of the component compliance gate (first crossing),9484,3000,31,17,-0.004666666666666597,5.288799970360507e-06,2.319103637455875,2.316614868579364,z vs boundary
compliance_boundary,allpairs_gs_pocock,false rejection of the component compliance gate (first crossing),9495,1000,8,11,0.0030000000000000027,1.883383383383389e-05,2.995532150065845,2.412201675481822,z vs boundary
compliance_boundary,allpairs_gs_pocock,false rejection of the component compliance gate (first crossing),9496,6000,75,39,-0.006000000000000005,3.1341056842806937e-06,2.2594522767969822,2.225125228345559,z vs boundary
compliance_boundary,allpairs_gs_pocock,false rejection of the component compliance gate (first crossing),9498,10000,119,48,-0.007099999999999995,1.6537003700370143e-06,2.2551196338982518,2.157872091494009,z vs boundary
compliance_boundary,allpairs_gs_pocock,false rejection of the component compliance gate (first crossing),9514,10000,118,48,-0.007000000000000006,1.64393639363939e-06,2.3398000704143485,2.157872091494009,z vs boundary
compliance_boundary,allpairs_gs_pocock,false rejection of the component compliance gate (first crossing),9650,8000,98,45,-0.006624999999999992,2.211938601700197e-06,2.269275598920133,2.1866853049598176,z vs boundary
compliance_boundary,allpairs_gs_pocock,false rejection of the component compliance gate (first crossing),9660,5000,55,26,-0.005800000000000027,3.211034206841361e-06,2.343833862090136,2.2497804226445255,z vs boundary
compliance_boundary,allpairs_gs_pocock,false rejection of the component compliance gate (first crossing),9679,4000,38,17,-0.005249999999999977,3.4112746936733872e-06,2.571788579275706,2.27966933762555,z vs boundary
compliance_boundary,allpairs_gs_pocock,false rejection of the component compliance gate (first crossing),9680,2000,19,13,-0.0030000000000000027,7.937718859429633e-06,2.4845639733568765,2.362561269455541,z vs boundary
compliance_boundary,allpairs_gs_pocock,false rejection of the component compliance gate (first crossing),9699,2000,21,17,-0.0020000000000000018,9.413456728364123e-06,2.6074465926443824,2.362561269455541,z vs boundary
compliance_boundary,allpairs_gs_pocock,false rejection of the component compliance gate (first crossing),9711,1000,7,11,0.0040000000000000036,1.784784784784789e-05,3.3138672587532993,2.412201675481822,z vs boundary
compliance_boundary,allpairs_gs_pocock,false rejection of the component compliance gate (first crossing),9712,1000,5,5,0.0,9.959959959959777e-06,3.168627621703963,2.412201675481822,z vs boundary
compliance_boundary,allpairs_gs_pocock,false rejection of the component compliance gate (first crossing),9729,5000,53,26,-0.005400000000000071,3.1327465493098936e-06,2.5989337056806776,2.2497804226445255,z vs boundary
compliance_boundary,allpairs_gs_pocock,false rejection of the component compliance gate (first crossing),9745,3000,27,14,-0.0043333333333333,4.522803897595538e-06,2.6645494701286876,2.316614868579364,z vs boundary
compliance_boundary,allpairs_gs_pocock,false rejection of the component compliance gate (first crossing),9778,3000,33,22,-0.003666666666666707,6.054870141899157e-06,2.5738304205542253,2.316614868579364,z vs boundary
compliance_boundary,allpairs_gs_pocock,false rejection of the component compliance gate (first crossing),9780,10000,126,59,-0.006699999999999928,1.8308260826082428e-06,2.438879787357564,2.157872091494009,z vs boundary
compliance_boundary,allpairs_gs_pocock,false rejection of the component compliance gate (first crossing),9809,9000,110,49,-0.0067777777777777715,1.943287251395587e-06,2.311463221816781,2.171334570077069,z vs boundary
compliance_boundary,allpairs_gs_pocock,false rejection of the component compliance gate (first crossing),9817,7000,84,40,-0.006285714285714339,2.5057340553023585e-06,2.346431175546413,2.2043984518219175,z vs boundary
compliance_boundary,allpairs_gs_pocock,false rejection of the component compliance gate (first crossing),9822,7000,88,44,-0.006285714285714228,2.666036839081978e-06,2.274794842192613,2.2043984518219175,z vs boundary
compliance_boundary,allpairs_gs_pocock,false rejection of the component compliance gate (first crossing),9857,6000,70,35,-0.005833333333333357,2.8887916504602957e-06,2.4514929475340366,2.225125228345559,z vs boundary
compliance_boundary,allpairs_gs_pocock,false rejection of the component compliance gate (first crossing),9872,1000,8,9,0.0010000000000000009,1.6871871871871888e-05,2.678002948532073,2.412201675481822,z vs boundary
compliance_boundary,allpairs_gs_pocock,false rejection of the component compliance gate (first crossing),9913,5000,52,25,-0.00539999999999996,3.0539787957591246e-06,2.632235990956305,2.2497804226445255,z vs boundary
compliance_boundary,allpairs_gs_pocock,false rejection of the component compliance gate (first crossing),9946,9000,107,49,-0.006444444444444364,1.9071392020238258e-06,2.5746385770565228,2.171334570077069,z vs boundary
compliance_boundary,allpairs_gs_pocock,false rejection of the component compliance gate (first crossing),9947,6000,73,38,-0.005833333333333357,3.0524855994517387e-06,2.3848548213984433,2.225125228345559,z vs boundary
compliance_boundary,allpairs_gs_pocock,false rejection of the component compliance gate (first crossing),9962,1000,5,12,0.007000000000000006,1.6847847847847752e-05,4.141681570492704,2.412201675481822,z vs boundary
compliance_boundary,disjoint_betting,false rejection of the component compliance gate (first crossing),114,600,2,6,0.00666666666666671,1.6620293081061028e-05,3.1298308313027703,2.995732273553991,log e-value vs log(1/alpha)
compliance_boundary,disjoint_betting,false rejection of the component compliance gate (first crossing),317,2650,20,15,-0.0018867924528301883,4.98451762327341e-06,3.050535992767634,2.995732273553991,log e-value vs log(1/alpha)
compliance_boundary,disjoint_betting,false rejection of the component compliance gate (first crossing),433,1050,4,6,0.0019047619047618536,9.075482751092174e-06,3.020637081573312,2.995732273553991,log e-value vs log(1/alpha)
compliance_boundary,disjoint_betting,false rejection of the component compliance gate (first crossing),772,500,0,3,0.006000000000000005,1.1951903807615232e-05,3.7161605352580405,2.995732273553991,log e-value vs log(1/alpha)
compliance_boundary,disjoint_betting,false rejection of the component compliance gate (first crossing),876,4100,39,26,-0.003170731707317076,3.7462308170228835e-06,3.047803113097151,2.995732273553991,log e-value vs log(1/alpha)
compliance_boundary,disjoint_betting,false rejection of the component compliance gate (first crossing),1090,600,1,5,0.006666666666666599,1.6620293081061028e-05,3.1298308313027703,2.995732273553991,log e-value vs log(1/alpha)
compliance_boundary,disjoint_betting,false rejection of the component compliance gate (first crossing),1453,1150,4,5,0.0008695652173912327,6.810557713537374e-06,3.1569136650785263,2.995732273553991,log e-value vs log(1/alpha)
compliance_boundary,disjoint_betting,false rejection of the component compliance gate (first crossing),1490,2450,23,22,-0.00040816326530612734,7.499869473876833e-06,3.0147369955771235,2.995732273553991,log e-value vs log(1/alpha)
compliance_boundary,disjoint_betting,false rejection of the component compliance gate (first crossing),1684,9450,111,61,-0.005291005291005235,1.9008808606655247e-06,3.0201485221910356,2.995732273553991,log e-value vs log(1/alpha)
compliance_boundary,disjoint_betting,false rejection of the component compliance gate (first crossing),1687,7800,88,50,-0.004871794871794899,2.232614828904294e-06,3.0160968643529125,2.995732273553991,log e-value vs log(1/alpha)
compliance_boundary,disjoint_betting,false rejection of the component compliance gate (first crossing),1843,750,2,6,0.005333333333333301,1.4203233941551699e-05,3.305386803905281,2.995732273553991,log e-value vs log(1/alpha)
compliance_boundary,disjoint_betting,false rejection of the component compliance gate (first crossing),1898,750,4,10,0.008000000000000007,2.4836671117044947e-05,3.069234313970433,2.995732273553991,log e-value vs log(1/alpha)
compliance_boundary,disjoint_betting,false rejection of the component compliance gate (first crossing),1954,9800,113,60,-0.005408163265306132,1.7777050068305468e-06,3.0845788922334196,2.995732273553991,log e-value vs log(1/alpha)
compliance_boundary,disjoint_betting,false rejection of the component compliance gate (first crossing),2201,2650,21,17,-0.0015094339622642172,5.412360985512645e-06,3.178334235844694,2.995732273553991,log e-value vs log(1/alpha)
compliance_boundary,disjoint_betting,false rejection of the component compliance gate (first crossing),2263,1300,7,9,0.0015384615384614886,9.472921819697445e-06,3.023459238563095,2.995732273553991,log e-value vs log(1/alpha)
compliance_boundary,disjoint_betting,false rejection of the component compliance gate (first crossing),2309,1400,8,10,0.0014285714285714457,9.188779157123894e-06,3.1553210629670487,2.995732273553991,log e-value vs log(1/alpha)
compliance_boundary,disjoint_betting,false rejection of the component compliance gate (first crossing),2407,450,0,3,0.00666666666666671,1.4748824548379114e-05,3.2794389242033426,2.995732273553991,log e-value vs log(1/alpha)
compliance_boundary,disjoint_betting,false rejection of the component compliance gate (first crossing),2511,1300,7,9,0.0015384615384614886,9.472921819697445e-06,3.023459238563095,2.995732273553991,log e-value vs log(1/alpha)
compliance_boundary,disjoint_betting,false rejection of the component compliance gate (first crossing),2778,1200,7,12,0.004166666666666652,1.3190969326290428e-05,3.7458670175049273,2.995732273553991,log e-value vs log(1/alpha)
compliance_boundary,disjoint_betting,false rejection of the component compliance gate (first crossing),2799,1950,14,15,0.0005128205128205332,7.63033960334351e-06,3.53967244671504,2.995732273553991,log e-value vs log(1/alpha)
compliance_boundary,disjoint_betting,false rejection of the component compliance gate (first crossing),3288,850,4,8,0.004705882352941115,1.3831048944208736e-05,3.303648120085041,2.995732273553991,log e-value vs log(1/alpha)
compliance_boundary,disjoint_betting,false rejection of the component compliance gate (first crossing),3358,1100,5,7,0.0018181818181818299,8.268974800532414e-06,3.3170800238534652,2.995732273553991,log e-value vs log(1/alpha)
compliance_boundary,disjoint_betting,false rejection of the component compliance gate (first crossing),3383,600,2,8,0.010000000000000009,2.7657206455203112e-05,3.314891600244206,2.995732273553991,log e-value vs log(1/alpha)
compliance_boundary,disjoint_betting,false rejection of the component compliance gate (first crossing),3491,1550,7,6,-0.000645161290322549,5.4142547069741885e-06,3.0965849050652667,2.995732273553991,log e-value vs log(1/alpha)
compliance_boundary,disjoint_betting,false rejection of the component compliance gate (first crossing),3560,1400,9,12,0.002142857142857113,1.0718662018059548e-05,3.2001148796801933,2.995732273553991,log e-value vs log(1/alpha)
compliance_boundary,disjoint_betting,false rejection of the component compliance gate (first crossing),3593,1000,5,9,0.0040000000000000036,1.3997997997997999e-05,3.115509860406983,2.995732273553991,log e-value vs log(1/alpha)
compliance_boundary,disjoint_betting,false rejection of the component compliance gate (first crossing),3846,2500,22,20,-0.0008000000000000229,6.722432973189276e-06,3.060707916668233,2.995732273553991,log e-value vs log(1/alpha)
compliance_boundary,disjoint_betting,false rejection of the component compliance gate (first crossing),3944,9800,117,65,-0.0053061224489795444,1.8715370959620312e-06,3.0774537152642227,2.995732273553991,log e-value vs log(1/alpha)
compliance_boundary,disjoint_betting,false rejection of the component compliance gate (first crossing),4136,1900,11,9,-0.001052631578947416,5.542500134930326e-06,3.045267890084648,2.995732273553991,log e-value vs log(1/alpha)
compliance_boundary,disjoint_betting,false rejection of the component compliance gate (first crossing),4423,1050,2,2,0.0,3.631576558173317e-06,3.290671505576405,2.995732273553991,log e-value vs log(1/alpha)
compliance_boundary,disjoint_betting,false rejection of the component compliance gate (first crossing),4560,3600,37,29,-0.0022222222222222365,4.938271604938272e-06,3.062390311974267,2.995732273553991,log e-value vs log(1/alpha)
compliance_boundary,disjoint_betting,false rejection of the component compliance gate (first crossing),4812,450,0,3,0.00666666666666671,1.4748824548379114e-05,3.2794389242033426,2.995732273553991,log e-value vs log(1/alpha)
compliance_boundary,disjoint_betting,false rejection of the component compliance gate (first crossing),4854,800,3,7,0.0050000000000000044,1.5613266583229037e-05,2.998762578989806,2.995732273553991,log e-value vs log(1/alpha)
compliance_boundary,disjoint_betting,false rejection of the component compliance gate (first crossing),5102,9400,120,73,-0.0050000000000000044,2.1818187991932143e-06,3.00222799613203,2.995732273553991,log e-value vs log(1/alpha)
compliance_boundary,disjoint_betting,false rejection of the component compliance gate (first crossing),5184,750,2,6,0.005333333333333301,1.4203233941551699e-05,3.305386803905281,2.995732273553991,log e-value vs log(1/alpha)
compliance_boundary,disjoint_betting,false rejection of the component compliance gate (first crossing),5215,3000,28,23,-0.0016666666666665941,5.445333629728428e-06,3.1362151284809516,2.995732273553991,log e-value vs log(1/alpha)
compliance_boundary,disjoint_betting,false rejection of the component compliance gate (first crossing),5310,6750,74,44,-0.004444444444444473,2.5873060297913362e-06,3.049784838654976,2.995732273553991,log e-value vs log(1/alpha)
compliance_boundary,disjoint_betting,false rejection of the component compliance gate (first crossing),5477,7850,90,52,-0.004840764331210168,2.2692014148488063e-06,3.011267303937728,2.995732273553991,log e-value vs log(1/alpha)
compliance_boundary,disjoint_betting,false rejection of the component compliance gate (first crossing),5522,8150,94,55,-0.004785276073619671,2.2406810310291196e-06,3.1868692339404343,2.995732273553991,log e-value vs log(1/alpha)
compliance_boundary,disjoint_betting,false rejection of the component compliance gate (first crossing),5724,9600,102,49,-0.005520833333333308,1.6137466124220113e-06,3.2289296136653305,2.995732273553991,log e-value vs log(1/alpha)
compliance_boundary,disjoint_betting,false rejection of the component compliance gate (first crossing),5789,1600,12,14,0.0012500000000000844,9.379885866166353e-06,3.146978087149719,2.995732273553991,log e-value vs log(1/alpha)
compliance_boundary,disjoint_betting,false rejection of the component compliance gate (first crossing),5814,2750,23,19,-0.0014545454545454861,5.554969650872293e-06,3.1918333139169826,2.995732273553991,log e-value vs log(1/alpha)
compliance_boundary,disjoint_betting,false rejection of the component compliance gate (first crossing),5995,4000,33,19,-0.0034999999999999476,3.24774943735934e-06,3.0839862908503464,2.995732273553991,log e-value vs log(1/alpha)
compliance_boundary,disjoint_betting,false rejection of the component compliance gate (first crossing),6025,400,1,8,0.01750000000000007,5.56234335839599e-05,3.2897369599973803,2.995732273553991,log e-value vs log(1/alpha)
compliance_boundary,disjoint_betting,false rejection of the component compliance gate (first crossing),6127,600,1,5,0.006666666666666599,1.6620293081061028e-05,3.1298308313027703,2.995732273553991,log e-value vs log(1/alpha)
compliance_boundary,disjoint_betting,false rejection of the component compliance gate (first crossing),6308,2050,18,19,0.0004878048780487809,8.80846390151578e-06,3.04289765540748,2.995732273553991,log e-value vs log(1/alpha)
compliance_boundary,disjoint_betting,false rejection of the component compliance gate (first crossing),6479,4200,35,20,-0.0035714285714285587,3.002213030961372e-06,3.3279609934096244,2.995732273553991,log e-value vs log(1/alpha)
compliance_boundary,disjoint_betting,false rejection of the component compliance gate (first crossing),6492,1750,15,18,0.0017142857142856682,1.077999089858928e-05,3.1352491196455907,2.995732273553991,log e-value vs log(1/alpha)
compliance_boundary,disjoint_betting,false rejection of the component compliance gate (first crossing),6606,1000,4,7,0.0030000000000000027,1.1002002002002e-05,3.1786576298156892,2.995732273553991,log e-value vs log(1/alpha)
compliance_boundary,disjoint_betting,false rejection of the component compliance gate (first crossing),6648,450,0,3,0.00666666666666671,1.4748824548379114e-05,3.2794389242033426,2.995732273553991,log e-value vs log(1/alpha)
compliance_boundary,disjoint_betting,false rejection of the component compliance gate (first crossing),6681,5550,58,36,-0.0039639639639639235,3.049418620765783e-06,3.0009089641799025,2.995732273553991,log e-value vs log(1/alpha)
compliance_boundary,disjoint_betting,false rejection of the component compliance gate (first crossing),6727,4700,50,35,-0.0031914893617021045,3.846546239334511e-06,3.052062391996421,2.995732273553991,log e-value vs log(1/alpha)
compliance_boundary,disjoint_betting,false rejection of the component compliance gate (first crossing),6734,2900,25,20,-0.0017241379310344307,5.351593214110077e-06,3.0974103653016374,2.995732273553991,log e-value vs log(1/alpha)
compliance_boundary,disjoint_betting,false rejection of the component compliance gate (first crossing),6808,1550,7,6,-0.000645161290322549,5.4142547069741885e-06,3.0965849050652667,2.995732273553991,log e-value vs log(1/alpha)
compliance_boundary,disjoint_betting,false rejection of the component compliance gate (first crossing),6843,7300,73,36,-0.005068493150684916,2.0046368850194277e-06,3.022639123062914,2.995732273553991,log e-value vs log(1/alpha)
compliance_boundary,disjoint_betting,false rejection of the component compliance gate (first crossing),6977,2000,15,15,0.0,7.503751875937969e-06,3.1532603450041248,2.995732273553991,log e-value vs log(1/alpha)
compliance_boundary,disjoint_betting,false rejection of the component compliance gate (first crossing),7037,2300,21,21,0.0,7.942961968341623e-06,3.114176126865052,2.995732273553991,log e-value vs log(1/alpha)
compliance_boundary,disjoint_betting,false rejection of the component compliance gate (first crossing),7064,850,4,9,0.00588235294117645,1.7973516573538582e-05,3.201703454831954,2.995732273553991,log e-value vs log(1/alpha)
compliance_boundary,disjoint_betting,false rejection of the component compliance gate (first crossing),7147,6300,72,47,-0.003968253968253954,2.9962123907496945e-06,3.1659072731318356,2.995732273553991,log e-value vs log(1/alpha)
compliance_boundary,disjoint_betting,false rejection of the component compliance gate (first crossing),7226,450,0,3,0.00666666666666671,1.4748824548379114e-05,3.2794389242033426,2.995732273553991,log e-value vs log(1/alpha)
compliance_boundary,disjoint_betting,false rejection of the component compliance gate (first crossing),7250,3900,33,20,-0.0033333333333332993,3.4825936082668577e-06,3.0354634958371123,2.995732273553991,log e-value vs log(1/alpha)
compliance_boundary,disjoint_betting,false rejection of the component compliance gate (first crossing),7497,900,4,8,0.004444444444444362,1.4809321742951703e-05,3.04429036948803,2.995732273553991,log e-value vs log(1/alpha)
compliance_boundary,disjoint_betting,false rejection of the component compliance gate (first crossing),7667,350,0,5,0.014285714285714235,4.034851763054792e-05,3.6386796188416732,2.995732273553991,log e-value vs log(1/alpha)
compliance_boundary,disjoint_betting,false rejection of the component compliance gate (first crossing),7820,2250,15,12,-0.0013333333333334085,5.334914282891161e-06,3.1740109765105413,2.995732273553991,log e-value vs log(1/alpha)
compliance_boundary,disjoint_betting,false rejection of the component compliance gate (first crossing),7968,5450,59,39,-0.003669724770642202,3.297519635943205e-06,3.1134752709258406,2.995732273553991,log e-value vs log(1/alpha)
compliance_boundary,disjoint_betting,false rejection of the component compliance gate (first crossing),8321,4700,47,31,-0.0034042553191488967,3.529294685374146e-06,3.0934640310306842,2.995732273553991,log e-value vs log(1/alpha)
compliance_boundary,disjoint_betting,false rejection of the component compliance gate (first crossing),8399,1950,13,12,-0.0005128205128205332,6.577860356918651e-06,3.081796565463541,2.995732273553991,log e-value vs log(1/alpha)
compliance_boundary,disjoint_betting,false rejection of the component compliance gate (first crossing),8656,3850,40,31,-0.002337662337662305,4.789839900325674e-06,3.1049411108188703,2.995732273553991,log e-value vs log(1/alpha)
compliance_boundary,disjoint_betting,false rejection of the component compliance gate (first crossing),8682,6050,69,45,-0.003966942148760366,3.057804606414823e-06,3.055856663527258,2.995732273553991,log e-value vs log(1/alpha)
compliance_boundary,disjoint_betting,false rejection of the component compliance gate (first crossing),8685,5800,60,36,-0.004137931034482789,2.851284991323487e-06,3.032440077175862,2.995732273553991,log e-value vs log(1/alpha)
compliance_boundary,disjoint_betting,false rejection of the component compliance gate (first crossing),8829,3050,31,27,-0.0013114754098361159,5.806230916705898e-06,3.300884017674528,2.995732273553991,log e-value vs log(1/alpha)
compliance_boundary,disjoint_betting,false rejection of the component compliance gate (first crossing),9402,350,0,4,0.011428571428571455,3.23723758844512e-05,3.0315300686542597,2.995732273553991,log e-value vs log(1/alpha)
compliance_boundary,disjoint_betting,false rejection of the component compliance gate (first crossing),9711,750,4,10,0.008000000000000007,2.4836671117044947e-05,3.069234313970433,2.995732273553991,log e-value vs log(1/alpha)
compliance_boundary,disjoint_betting,false rejection of the component compliance gate (first crossing),9872,1650,11,12,0.00060606060606061,8.453017968426757e-06,3.0074997556866,2.995732273553991,log e-value vs log(1/alpha)
compliance_boundary,disjoint_betting,false rejection of the component compliance gate (first crossing),9962,850,5,11,0.007058823529411784,2.2112723700995677e-05,3.145735281427949,2.995732273553991,log e-value vs log(1/alpha)
compliance_boundary,disjoint_betting,false rejection of the component compliance gate (first crossing),9980,300,0,5,0.01666666666666672,5.481233742103308e-05,3.2080143692696876,2.995732273553991,log e-value vs log(1/alpha)
compliance_boundary,disjoint_gs_obf,false rejection of the component compliance gate (first crossing),9,7000,78,36,-0.006000000000000005,2.321719429306227e-06,2.625156042061794,2.1598142720958515,z vs boundary
compliance_boundary,disjoint_gs_obf,false rejection of the component compliance gate (first crossing),17,6000,75,42,-0.005499999999999949,3.1899344335166973e-06,2.51954219246278,2.341741367771298,z vs boundary
compliance_boundary,disjoint_gs_obf,false rejection of the component compliance gate (first crossing),47,10000,131,60,-0.007099999999999995,1.8851475147514753e-06,2.112152774190076,1.794944269526594,z vs boundary
compliance_boundary,disjoint_gs_obf,false rejection of the component compliance gate (first crossing),58,7000,94,51,-0.006142857142857117,2.9542150336345427e-06,2.2441127448296077,2.1598142720958515,z vs boundary
compliance_boundary,disjoint_gs_obf,false rejection of the component compliance gate (first crossing),73,8000,99,45,-0.006750000000000034,2.21333135391924e-06,2.1845407122050253,2.0146286151040447,z vs boundary
compliance_boundary,disjoint_gs_obf,false rejection of the component compliance gate (first crossing),95,8000,103,48,-0.0068749999999999645,2.3225071102637825e-06,2.0505553452856535,2.0146286151040447,z vs boundary
compliance_boundary,disjoint_gs_obf,false rejection of the component compliance gate (first crossing),114,10000,126,54,-0.007199999999999984,1.754991499149915e-06,2.1135889159657166,1.794944269526594,z vs boundary
compliance_boundary,disjoint_gs_obf,false rejection of the component compliance gate (first crossing),126,9000,111,49,-0.006888888888888833,1.9702545824707544e-06,2.2164316787603893,1.8952910023547518,z vs boundary
compliance_boundary,disjoint_gs_obf,false rejection of the component compliance gate (first crossing),132,8000,97,43,-0.006750000000000034,2.1508235404425553e-06,2.216057222345337,2.0146286151040447,z vs boundary
compliance_boundary,disjoint_gs_obf,false rejection of the component compliance gate (first crossing),168,7000,83,42,-0.005857142857142894,2.5464833168586764e-06,2.5961485580894665,2.1598142720958515,z vs boundary
compliance_boundary,disjoint_gs_obf,false rejection of the component compliance gate (first crossing),173,7000,83,40,-0.006142857142857228,2.505171292691959e-06,2.436952201268642,2.1598142720958515,z vs boundary
compliance_boundary,disjoint_gs_obf,false rejection of the component compliance gate (first crossing),179,7000,82,42,-0.005714285714285672,2.526308423069185e-06,2.6963733723060104,2.1598142720958515,z vs boundary
compliance_boundary,disjoint_gs_obf,false rejection of the component compliance gate (first crossing),241,10000,127,52,-0.007500000000000062,1.7845534553455347e-06,1.8714370701497416,1.794944269526594,z vs boundary
compliance_boundary,disjoint_gs_obf,false rejection of the component compliance gate (first crossing),249,10000,127,52,-0.007500000000000062,1.7845534553455347e-06,1.8714370701497416,1.794944269526594,z vs boundary
compliance_boundary,disjoint_gs_obf,false rejection of the component compliance gate (first crossing),254,6000,69,34,-0.005833333333333246,2.8559158007816117e-06,2.4655627420934194,2.341741367771298,z vs boundary
compliance_boundary,disjoint_gs_obf,false rejection of the component compliance gate (first crossing),264,8000,91,34,-0.007125000000000048,1.9470226747093385e-06,2.0604038104916658,2.0146286151040447,z vs boundary
compliance_boundary,disjoint_gs_obf,false rejection of the component compliance gate (first crossing),269,8000,104,55,-0.006125000000000047,2.4487416395799477e-06,2.476282700876173,2.0146286151040447,z vs boundary
compliance_boundary,disjoint_gs_obf,false rejection of the component compliance gate (first crossing),287,9000,106,44,-0.006888888888888833,1.8220899715880639e-06,2.3047860304294328,1.8952910023547518,z vs boundary
compliance_boundary,disjoint_gs_obf,false rejection of the component compliance gate (first crossing),294,8000,98,43,-0.0068749999999999645,2.1974914833104137e-06,2.1080767642972282,2.0146286151040447,z vs boundary
compliance_boundary,disjoint_gs_obf,false rejection of the component compliance gate (first crossing),308,6000,71,37,-0.005666666666666709,2.9951473393713767e-06,2.503877063676871,2.341741367771298,z vs boundary
compliance_boundary,disjoint_gs_obf,false rejection of the component compliance gate (first crossing),309,9000,114,50,-0.007111111111111179,2.019297068672925e-06,2.03296888215576,1.8952910023547518,z vs boundary
compliance_boundary,disjoint_gs_obf,false rejection of the component compliance gate (first crossing),317,3000,24,17,-0.0023333333333332984,4.555259160460894e-06,3.5921133809859263,3.396230702295522,z vs boundary
compliance_boundary,disjoint_gs_obf,false rejection of the component compliance gate (first crossing),319,6000,71,37,-0.005666666666666709,2.9951473393713767e-06,2.503877063676871,2.341741367771298,z vs boundary
compliance_boundary,disjoint_gs_obf,false rejection of the component compliance gate (first crossing),374,6000,65,30,-0.005833333333333357,2.633656535348484e-06,2.567492538115283,2.341741367771298,z vs boundary
compliance_boundary,disjoint_gs_obf,false rejection of the component compliance gate (first crossing),429,5000,56,33,-0.0045999999999999375,3.556479295859172e-06,2.863410528127046,2.5789649844578957,z vs boundary
compliance_boundary,disjoint_gs_obf,false rejection of the component compliance gate (first crossing),433,4000,35,26,-0.0022500000000000853,3.812187421855464e-06,3.9693059984097467,2.906130928702722,z vs boundary
compliance_boundary,disjoint_gs_obf,false rejection of the component compliance gate (first crossing),450,10000,132,59,-0.007299999999999973,1.8648574857485747e-06,1.9771560138112958,1.794944269526594,z vs boundary
compliance_boundary,disjoint_gs_obf,false rejection of the component compliance gate (first crossing),481,9000,121,58,-0.007000000000000006,2.130594757442185e-06,2.055279202890628,1.8952910023547518,z vs boundary
compliance_boundary,disjoint_gs_obf,false rejection of the component compliance gate (first crossing),497,8000,100,51,-0.006124999999999936,2.354979919364921e-06,2.525097213781625,2.0146286151040447,z vs boundary
compliance_boundary,disjoint_gs_obf,false rejection of the component compliance gate (first crossing),519,6000,73,38,-0.005833333333333357,3.0781750662147394e-06,2.3748823524140947,2.341741367771298,z vs boundary
compliance_boundary,disjoint_gs_obf,false rejection of the component compliance gate (first crossing),589,9000,111,48,-0.007000000000000006,1.933041942931931e-06,2.1577474697689305,1.8952910023547518,z vs boundary
compliance_boundary,disjoint_gs_obf,false rejection of the component compliance gate (first crossing),590,9000,115,55,-0.00666666666666671,2.094059833808695e-06,2.30347870642283,1.8952910023547518,z vs boundary
compliance_boundary,disjoint_gs_obf,false rejection of the component compliance gate (first crossing),636,8000,96,43,-0.006624999999999992,2.1666595043130392e-06,2.292864783909416,2.0146286151040447,z vs boundary
compliance_boundary,disjoint_gs_obf,false rejection of the component compliance gate (first crossing),656,9000,113,47,-0.007333333333333303,1.969552172463607e-06,1.9001373183355217,1.8952910023547518,z vs boundary
compliance_boundary,disjoint_gs_obf,false rejection of the component compliance gate (first crossing),665,5000,57,31,-0.005199999999999982,3.435279055811162e-06,2.5897642211147303,2.5789649844578957,z vs boundary
compliance_boundary,disjoint_gs_obf,false rejection of the component compliance gate (first crossing),713,8000,95,38,-0.007124999999999937,2.0095304881860233e-06,2.028105529951568,2.0146286151040447,z vs boundary
compliance_boundary,disjoint_gs_obf,false rejection of the component compliance gate (first crossing),720,9000,117,56,-0.0067777777777777715,2.130934987289397e-06,2.207345870814589,1.8952910023547518,z vs boundary
compliance_boundary,disjoint_gs_obf,false rejection of the component compliance gate (first crossing),729,8000,101,47,-0.006750000000000034,2.307093074134267e-06,2.1396897353443336,2.0146286151040447,z vs boundary
compliance_boundary,disjoint_gs_obf,false rejection of the component compliance gate (first crossing),735,5000,58,33,-0.0050000000000000044,3.635727145429086e-06,2.622251623384211,2.5789649844578957,z vs boundary
compliance_boundary,disjoint_gs_obf,false rejection of the component compliance gate (first crossing),790,8000,100,45,-0.0068749999999999645,2.259999296787098e-06,2.0787194022711253,2.0146286151040447,z vs boundary
compliance_boundary,disjoint_gs_obf,false rejection of the component compliance gate (first crossing),791,6000,68,35,-0.005499999999999949,2.8565455353670056e-06,2.6625142330454565,2.341741367771298,z vs boundary
compliance_boundary,disjoint_gs_obf,false rejection of the component compliance gate (first crossing),812,10000,126,50,-0.00759999999999994,1.7543994399439946e-06,1.8119533058817876,1.794944269526594,z vs boundary
compliance_boundary,disjoint_gs_obf,false rejection of the component compliance gate (first crossing),817,9000,113,47,-0.007333333333333303,1.969552172463607e-06,1.9001373183355217,1.8952910023547518,z vs boundary
compliance_boundary,disjoint_gs_obf,false rejection of the component compliance gate (first crossing),821,9000,106,48,-0.006444444444444475,1.8721366845973282e-06,2.598595560721539,1.8952910023547518,z vs boundary
compliance_boundary,disjoint_gs_obf,false rejection of the component compliance gate (first crossing),868,9000,118,54,-0.007111111111111068,2.118073475928052e-06,1.9849991616657654,1.8952910023547518,z vs boundary
compliance_boundary,disjoint_gs_obf,false rejection of the component compliance gate (first crossing),876,4000,39,26,-0.003250000000000086,3.935843335833958e-06,3.402396094632538,2.906130928702722,z vs boundary
compliance_boundary,disjoint_gs_obf,false rejection of the component compliance gate (first crossing),877,8000,97,43,-0.006750000000000034,2.1508235404425553e-06,2.216057222345337,2.0146286151040447,z vs boundary
compliance_boundary,disjoint_gs_obf,false rejection of the component compliance gate (first crossing),895,8000,102,47,-0.0068750000000000755,2.3225071102637825e-06,2.0505553452856535,2.0146286151040447,z vs boundary
compliance_boundary,disjoint_gs_obf,false rejection of the component compliance gate (first crossing),911,7000,89,44,-0.006428571428571339,2.708768891182705e-06,2.169981303950723,2.1598142720958515,z vs boundary
compliance_boundary,disjoint_gs_obf,false rejection of the component compliance gate (first crossing),942,5000,50,23,-0.00539999999999996,2.914750950190038e-06,2.69436920053474,2.5789649844578957,z vs boundary
compliance_boundary,disjoint_gs_obf,false rejection of the component compliance gate (first crossing),947,8000,99,47,-0.006500000000000061,2.2449993749218655e-06,2.335930580129047,2.0146286151040447,z vs boundary
compliance_boundary,disjoint_gs_obf,false rejection of the component compliance gate (first crossing),962,5000,51,24,-0.00539999999999996,2.9947669533906783e-06,2.658130603716517,2.5789649844578957,z vs boundary
compliance_boundary,disjoint_gs_obf,false rejection of the component compliance gate (first crossing),977,8000,102,50,-0.006500000000000061,2.3700150018752343e-06,2.2734871131481884,2.0146286151040447,z vs boundary
compliance_boundary,disjoint_gs_obf,false rejection of the component compliance gate (first crossing),1010,10000,134,62,-0.007199999999999984,1.935009500950095e-06,2.0128734914804336,1.794944269526594,z vs boundary
compliance_boundary,disjoint_gs_obf,false rejection of the component compliance gate (first crossing),1013,6000,69,38,-0.005166666666666653,2.9127030430997756e-06,2.8320351722749573,2.341741367771298,z vs boundary
compliance_boundary,disjoint_gs_obf,false rejection of the component compliance gate (first crossing),1015,9000,118,59,-0.006555555555555537,2.180652445607811e-06,2.332523124309101,1.8952910023547518,z vs boundary
compliance_boundary,disjoint_gs_obf,false rejection of the component compliance gate (first crossing),1053,7000,78,34,-0.006285714285714228,2.280395741665719e-06,2.459632354931602,2.1598142720958515,z vs boundary
compliance_boundary,disjoint_gs_obf,false rejection of the component compliance gate (first crossing),1072,9000,116,56,-0.006666666666666599,2.094059833808695e-06,2.30347870642283,1.8952910023547518,z vs boundary
compliance_boundary,disjoint_gs_obf,false rejection of the component compliance gate (first crossing),1075,8000,100,50,-0.006249999999999978,2.339159582447806e-06,2.451892030712486,2.0146286151040447,z vs boundary
compliance_boundary,disjoint_gs_obf,false rejection of the component compliance gate (first crossing),1095,6000,74,40,-0.005666666666666598,3.1062769720879408e-06,2.4586800030299107,2.341741367771298,z vs boundary
compliance_boundary,disjoint_gs_obf,false rejection of the component compliance gate (first crossing),1157,9000,113,49,-0.007111111111111068,1.9946029668591433e-06,2.0455147155493956,1.8952910023547518,z vs boundary
compliance_boundary,disjoint_gs_obf,false rejection of the component compliance gate (first crossing),1160,10000,140,67,-0.007299999999999973,2.0448754875487548e-06,1.8881232047206957,1.794944269526594,z vs boundary
compliance_boundary,disjoint_gs_obf,false rejection of the component compliance gate (first crossing),1168,5000,50,23,-0.00539999999999996,2.914750950190038e-06,2.69436920053474,2.5789649844578957,z vs boundary
compliance_boundary,disjoint_gs_obf,false rejection of the component compliance gate (first crossing),1180,10000,124,48,-0.00759999999999994,1.7143954395439545e-06,1.8329716179631046,1.794944269526594,z vs boundary
compliance_boundary,disjoint_gs_obf,false rejection of the component compliance gate (first crossing),1207,5000,57,34,-0.0045999999999999375,3.556479295859172e-06,2.863410528127046,2.5789649844578957,z vs boundary
compliance_boundary,disjoint_gs_obf,false rejection of the component compliance gate (first crossing),1231,7000,83,37,-0.006571428571428561,2.4023373601476597e-06,2.2120564418716837,2.1598142720958515,z vs boundary
compliance_boundary,disjoint_gs_obf,false rejection of the component compliance gate (first crossing),1304,6000,67,31,-0.006000000000000005,2.6611101850308386e-06,2.4520457149947172,2.341741367771298,z vs boundary
compliance_boundary,disjoint_gs_obf,false rejection of the component compliance gate (first crossing),1315,8000,112,60,-0.006500000000000061,2.6825540692586577e-06,2.1369472516943104,2.0146286151040447,z vs boundary
compliance_boundary,disjoint_gs_obf,false rejection of the component compliance gate (first crossing),1322,7000,86,41,-0.006428571428571339,2.5863024163801823e-06,2.2207635256178624,2.1598142720958515,z vs boundary
compliance_boundary,disjoint_gs_obf,false rejection of the component compliance gate (first crossing),1356,7000,83,41,-0.006000000000000005,2.5258302206437653e-06,2.5168533651025564,2.1598142720958515,z vs boundary
compliance_boundary,disjoint_gs_obf,false rejection of the component compliance gate (first crossing),1377,6000,68,36,-0.005333333333333301,2.884628919634754e-06,2.7476524900133046,2.341741367771298,z vs boundary
compliance_boundary,disjoint_gs_obf,false rejection of the component compliance gate (first crossing),1382,8000,107,53,-0.006750000000000034,2.4946165145643207e-06,2.0576971896858374,2.0146286151040447,z vs boundary
compliance_boundary,disjoint_gs_obf,false rejection of the component compliance gate (first crossing),1404,8000,99,43,-0.007000000000000006,2.2129016127015876e-06,2.0166949095698246,2.0146286151040447,z vs boundary
compliance_boundary,disjoint_gs_obf,false rejection of the component compliance gate (first crossing),1451,6000,75,41,-0.005666666666666598,3.1618417884462224e-06,2.436980365224616,2.341741367771298,z vs boundary
compliance_boundary,disjoint_gs_obf,false rejection of the component compliance gate (first crossing),1453,7000,82,40,-0.006000000000000005,2.4850080623762577e-06,2.5374418025258767,2.1598142720958515,z vs boundary
compliance_boundary,disjoint_gs_obf,false rejection of the component compliance gate (first crossing),1490,7000,90,49,-0.005857142857142894,2.8322384247312298e-06,2.4616995860416964,2.1598142720958515,z vs boundary
compliance_boundary,disjoint_gs_obf,false rejection of the component compliance gate (first crossing),1509,6000,74,41,-0.005499999999999949,3.1343696171584153e-06,2.5417767881487316,2.341741367771298,z vs boundary
compliance_boundary,disjoint_gs_obf,false rejection of the component compliance gate (first crossing),1537,9000,108,41,-0.007444444444444476,1.784163946885731e-06,1.9132333694873214,1.8952910023547518,z vs boundary
compliance_boundary,disjoint_gs_obf,false rejection of the component compliance gate (first crossing),1544,7000,84,40,-0.006285714285714339,2.5253286912707644e-06,2.337310184655885,2.1598142720958515,z vs boundary
compliance_boundary,disjoint_gs_obf,false rejection of the component compliance gate (first crossing),1571,9000,109,50,-0.006555555555555537,1.933711427469993e-06,2.476984862587647,1.8952910023547518,z vs boundary
compliance_boundary,disjoint_gs_obf,false rejection of the component compliance gate (first crossing),1582,10000,141,68,-0.007299999999999973,2.0248734873487344e-06,1.8974258682310439,1.794944269526594,z vs boundary
compliance_boundary,disjoint_gs_obf,false rejection of the component compliance gate (first crossing),1584,6000,74,40,-0.005666666666666598,3.1618417884462224e-06,2.436980365224616,2.341741367771298,z vs boundary
compliance_boundary,disjoint_gs_obf,false rejection of the component compliance gate (first crossing),1606,4000,43,29,-0.0035000000000000586,4.4980620155038755e-06,3.0647894022490147,2.906130928702722,z vs boundary
compliance_boundary,disjoint_gs_obf,false rejection of the component compliance gate (first crossing),1611,9000,113,53,-0.006666666666666599,2.044671630181131e-06,2.331132502446258,1.8952910023547518,z vs boundary
compliance_boundary,disjoint_gs_obf,false rejection of the component compliance gate (first crossing),1682,7000,78,36,-0.006000000000000005,2.2808972710387196e-06,2.64854361156094,2.1598142720958515,z vs boundary
compliance_boundary,disjoint_gs_obf,false rejection of the component compliance gate (first crossing),1684,6000,70,40,-0.0050000000000000044,2.9963327221203536e-06,2.8885173851447954,2.341741367771298,z vs boundary
compliance_boundary,disjoint_gs_obf,false rejection of the component compliance gate (first crossing),1687,6000,71,35,-0.006000000000000005,2.8833694504639662e-06,2.3556450155851514,2.341741367771298,z vs boundary
compliance_boundary,disjoint_gs_obf,false rejection of the component compliance gate (first crossing),1691,9000,119,60,-0.006555555555555537,2.2053465474215927e-06,2.3194272882536136,1.8952910023547518,z vs boundary
compliance_boundary,disjoint_gs_obf,false rejection of the component compliance gate (first crossing),1704,10000,129,55,-0.007400000000000073,1.8147054705470549e-06,1.930057616043321,1.794944269526594,z vs boundary
compliance_boundary,disjoint_gs_obf,false rejection of the component compliance gate (first crossing),1719,4000,42,26,-0.0040000000000000036,4.2470617654413606e-06,2.9114340834104895,2.906130928702722,z vs boundary
compliance_boundary,disjoint_gs_obf,false rejection of the component compliance gate (first crossing),1737,9000,118,54,-0.007111111111111068,2.0933793741142708e-06,1.9966726455724175,1.8952910023547518,z vs boundary
compliance_boundary,disjoint_gs_obf,false rejection of the component compliance gate (first crossing),1764,9000,121,63,-0.006444444444444475,2.267242313617837e-06,2.361339868640233,1.8952910023547518,z vs boundary
compliance_boundary,disjoint_gs_obf,false rejection of the component compliance gate (first crossing),1776,9000,113,50,-0.007000000000000006,2.0071242483732757e-06,2.11755220426005,1.8952910023547518,z vs boundary
compliance_boundary,disjoint_gs_obf,false rejection of the component compliance gate (first crossing),1777,8000,88,32,-0.007000000000000006,1.8691086385798224e-06,2.1943403160815977,2.0146286151040447,z vs boundary
compliance_boundary,disjoint_gs_obf,false rejection of the component compliance gate (first crossing),1810,9000,127,68,-0.006555555555555537,2.3782052601180654e-06,2.233544022554063,1.8952910023547518,z vs boundary
compliance_boundary,disjoint_gs_obf,false rejection of the component compliance gate (first crossing),1813,6000,77,44,-0.00550000000000006,3.3010640662332614e-06,2.4767691936472502,2.341741367771298,z vs boundary
compliance_boundary,disjoint_gs_obf,false rejection of the component compliance gate (first crossing),1830,4000,41,25,-0.0040000000000000036,4.122030507626907e-06,2.955259686656782,2.906130928702722,z vs boundary
compliance_boundary,disjoint_gs_obf,false rejection of the component compliance gate (first crossing),1836,8000,104,54,-0.006249999999999978,2.464175209401175e-06,2.38888627725556,2.0146286151040447,z vs boundary
compliance_boundary,disjoint_gs_obf,false rejection of the component compliance gate (first crossing),1839,6000,73,38,-0.005833333333333357,3.0226102498564573e-06,2.3966117428018068,2.341741367771298,z vs boundary
compliance_boundary,disjoint_gs_obf,false rejection of the component compliance gate (first crossing),1859,10000,126,52,-0.007399999999999962,1.7747014701470148e-06,1.951689355257127,1.794944269526594,z vs boundary
compliance_boundary,disjoint_gs_obf,false rejection of the component compliance gate (first crossing),1860,6000,69,37,-0.005333333333333301,2.884628919634754e-06,2.7476524900133046,2.341741367771298,z vs boundary
compliance_boundary,disjoint_gs_obf,false rejection of the component compliance gate (first crossing),1862,8000,99,49,-0.006249999999999978,2.2453978622327793e-06,2.5025606720627915,2.0146286151040447,z vs boundary
compliance_boundary,disjoint_gs_obf,false rejection of the component compliance gate (first crossing),1920,6000,66,29,-0.006166666666666654,2.6329897575521846e-06,2.362392204128282,2.341741367771298,z vs boundary
compliance_boundary,disjoint_gs_obf,false rejection of the component compliance gate (first crossing),1944,8000,108,56,-0.00649999999999995,2.526284535566946e-06,2.2020486648070188,2.0146286151040447,z vs boundary
compliance_boundary,disjoint_gs_obf,false rejection of the component compliance gate (first crossing),1954,7000,86,44,-0.005999999999999894,2.6074745371787806e-06,2.477136583816696,2.1598142720958515,z vs boundary
compliance_boundary,disjoint_gs_obf,false rejection of the component compliance gate (first crossing),1961,7000,80,36,-0.006285714285714339,2.3212178999332267e-06,2.4379082244484302,2.1598142720958515,z vs boundary
compliance_boundary,disjoint_gs_obf,false rejection of the component compliance gate (first crossing),1969,7000,89,45,-0.006285714285714228,2.7294394826083026e-06,2.2482187899167827,2.1598142720958515,z vs boundary
compliance_boundary,disjoint_gs_obf,false rejection of the component compliance gate (first crossing),1977,6000,70,35,-0.005833333333333357,2.8559158007816117e-06,2.4655627420934194,2.341741367771298,z vs boundary
compliance_boundary,disjoint_gs_obf,false rejection of the component compliance gate (first crossing),1987,7000,91,46,-0.00642857142857145,2.708768891182705e-06,2.169981303950723,2.1598142720958515,z vs boundary
compliance_boundary,disjoint_gs_obf,false rejection of the component compliance gate (first crossing),2002,8000,101,47,-0.006750000000000034,2.307093074134267e-06,2.1396897353443336,2.0146286151040447,z vs boundary
compliance_boundary,disjoint_gs_obf,false rejection of the component compliance gate (first crossing),2003,10000,143,70,-0.007299999999999973,2.104881488148815e-06,1.8610152838209195,1.794944269526594,z vs boundary
compliance_boundary,disjoint_gs_obf,false rejection of the component compliance gate (first crossing),2005,8000,96,44,-0.006500000000000061,2.1512376547068387e-06,2.386293448052363,2.0146286151040447,z vs boundary
compliance_boundary,disjoint_gs_obf,false rejection of the component compliance gate (first crossing),2015,6000,69,37,-0.005333333333333301,2.940193735993036e-06,2.721565600281498,2.341741367771298,z vs boundary
compliance_boundary,disjoint_gs_obf,false rejection of the component compliance gate (first crossing),2019,5000,64,41,-0.0046000000000000485,4.196607321464293e-06,2.6359950648918864,2.5789649844578957,z vs boundary
compliance_boundary,disjoint_gs_obf,false rejection of the component compliance gate (first crossing),2040,9000,115,51,-0.007111111111111068,1.9946029668591433e-06,2.0455147155493956,1.8952910023547518,z vs boundary
compliance_boundary,disjoint_gs_obf,false rejection of the component compliance gate (first crossing),2044,7000,83,42,-0.005857142857142894,2.5464833168586764e-06,2.5961485580894665,2.1598142720958515,z vs boundary
compliance_boundary,disjoint_gs_obf,false rejection of the component compliance gate (first crossing),2090,9000,115,53,-0.006888888888888833,2.0443368879121e-06,2.1759017895108443,1.8952910023547518,z vs boundary
compliance_boundary,disjoint_gs_obf,false rejection of the component compliance gate (first crossing),2109,4000,41,25,-0.0040000000000000036,3.996999249812453e-06,3.0011259148454195,2.906130928702722,z vs boundary
compliance_boundary,disjoint_gs_obf,false rejection of the component compliance gate (first crossing),2168,9000,121,61,-0.00666666666666671,2.2175303428776037e-06,2.2384322783117594,1.8952910023547518,z vs boundary
compliance_boundary,disjoint_gs_obf,false rejection of the component compliance gate (first crossing),2174,10000,135,60,-0.007499999999999951,1.9045654565456544e-06,1.8115155112925287,1.794944269526594,z vs boundary
compliance_boundary,disjoint_gs_obf,false rejection of the component compliance gate (first crossing),2225,7000,85,44,-0.005857142857142783,2.6281276333936917e-06,2.555504979686037,2.1598142720958515,z vs boundary
compliance_boundary,disjoint_gs_obf,false rejection of the component compliance gate (first crossing),2255,9000,111,48,-0.007000000000000006,1.9577360447457128e-06,2.1440958008909266,1.8952910023547518,z vs boundary
compliance_boundary,disjoint_gs_obf,false rejection of the component compliance gate (first crossing),2263,4000,38,24,-0.0034999999999999476,3.872905726431608e-06,3.3028959604011843,2.906130928702722,z vs boundary
compliance_boundary,disjoint_gs_obf,false rejection of the component compliance gate (first crossing),2281,8000,103,51,-0.00649999999999995,2.3700150018752343e-06,2.2734871131481884,2.0146286151040447,z vs boundary
compliance_boundary,disjoint_gs_obf,false rejection of the component compliance gate (first crossing),2282,10000,131,58,-0.007299999999999973,1.8248534853485348e-06,1.9987098993587322,1.794944269526594,z vs boundary
compliance_boundary,disjoint_gs_obf,false rejection of the component compliance gate (first crossing),2296,7000,91,49,-0.006000000000000005,2.8524074867838263e-06,2.368395392269082,2.1598142720958515,z vs boundary
compliance_boundary,disjoint_gs_obf,false rejection of the component compliance gate (first crossing),2332,10000,143,70,-0.007299999999999973,2.104881488148815e-06,1.8610152838209195,1.794944269526594,z vs boundary
compliance_boundary,disjoint_gs_obf,false rejection of the component compliance gate (first crossing),2340,7000,82,38,-0.006285714285714228,2.4436843747357496e-06,2.376034553075219,2.1598142720958515,z vs boundary
compliance_boundary,disjoint_gs_obf,false rejection of the component compliance gate (first crossing),2348,8000,101,48,-0.006624999999999992,2.2916751312664085e-06,2.2294475069925097,2.0146286151040447,z vs boundary
compliance_boundary,disjoint_gs_obf,false rejection of the component compliance gate (first crossing),2351,9000,113,49,-0.007111111111111068,1.9946029668591433e-06,2.0455147155493956,1.8952910023547518,z vs boundary
compliance_boundary,disjoint_gs_obf,false rejection of the component compliance gate (first crossing),2360,9000,109,43,-0.007333333333333303,1.87077576520848e-06,1.9496554345639245,1.8952910023547518,z vs boundary
compliance_boundary,disjoint_gs_obf,false rejection of the component compliance gate (first crossing),2365,4000,43,29,-0.0035000000000000586,4.373030757689421e-06,3.1082940040413596,2.906130928702722,z vs boundary
compliance_boundary,disjoint_gs_obf,false rejection of the component compliance gate (first crossing),2382,5000,54,29,-0.0050000000000000044,3.315663132626525e-06,2.745900550655009,2.5789649844578957,z vs boundary
compliance_boundary,disjoint_gs_obf,false rejection of the component compliance gate (first crossing),2403,10000,130,58,-0.007199999999999984,1.8750035003500347e-06,2.0448289726556004,1.794944269526594,z vs boundary
compliance_boundary,disjoint_gs_obf,false rejection of the component compliance gate (first crossing),2408,4000,45,31,-0.0034999999999999476,4.748124531132783e-06,2.9829934943980296,2.906130928702722,z vs boundary
compliance_boundary,disjoint_gs_obf,false rejection of the component compliance gate (first crossing),2417,10000,126,51,-0.007499999999999951,1.7445494549454946e-06,1.8927722753729883,1.794944269526594,z vs boundary
compliance_boundary,disjoint_gs_obf,false rejection of the component compliance gate (first crossing),2482,10000,129,55,-0.007400000000000073,1.8347074707470746e-06,1.919508030077738,1.794944269526594,z vs boundary
compliance_boundary,disjoint_gs_obf,false rejection of the component compliance gate (first crossing),2510,9000,111,48,-0.007000000000000006,1.9577360447457128e-06,2.1440958008909266,1.8952910023547518,z vs boundary
compliance_boundary,disjoint_gs_obf,false rejection of the component compliance gate (first crossing),2533,8000,102,48,-0.006750000000000034,2.338346980872609e-06,2.1253422871006133,2.0146286151040447,z vs boundary
compliance_boundary,disjoint_gs_obf,false rejection of the component compliance gate (first crossing),2542,10000,122,55,-0.006700000000000039,1.7656875687568755e-06,2.483459089539029,1.794944269526594,z vs boundary
compliance_boundary,disjoint_gs_obf,false rejection of the component compliance gate (first crossing),2570,9000,118,53,-0.00722222222222213,2.1055494506248295e-06,1.9143210566451077,1.8952910023547518,z vs boundary
compliance_boundary,disjoint_gs_obf,false rejection of the component compliance gate (first crossing),2582,8000,104,52,-0.006500000000000061,2.432522815351919e-06,2.2440864486815104,2.0146286151040447,z vs boundary
compliance_boundary,disjoint_gs_obf,false rejection of the component compliance gate (first crossing),2612,7000,89,44,-0.006428571428571339,2.708768891182705e-06,2.169981303950723,2.1598142720958515,z vs boundary
compliance_boundary,disjoint_gs_obf,false rejection of the component compliance gate (first crossing),2624,7000,86,44,-0.005999999999999894,2.648296695446288e-06,2.4579705324999273,2.1598142720958515,z vs boundary
compliance_boundary,disjoint_gs_obf,false rejection of the component compliance gate (first crossing),2655,7000,81,37,-0.006285714285714228,2.402862216468242e-06,2.3961327426133283,2.1598142720958515,z vs boundary
compliance_boundary,disjoint_gs_obf,false rejection of the component compliance gate (first crossing),2660,7000,81,38,-0.006142857142857117,2.382704817889436e-06,2.498794852649295,2.1598142720958515,z vs boundary
compliance_boundary,disjoint_gs_obf,false rejection of the component compliance gate (first crossing),2661,8000,99,43,-0.007000000000000006,2.2129016127015876e-06,2.0166949095698246,2.0146286151040447,z vs boundary
compliance_boundary,disjoint_gs_obf,false rejection of the component compliance gate (first crossing),2666,10000,120,48,-0.007199999999999984,1.6349794979497948e-06,2.1897870130547092,1.794944269526594,z vs boundary
compliance_boundary,disjoint_gs_obf,false rejection of the component compliance gate (first crossing),2670,6000,69,34,-0.005833333333333246,2.8559158007816117e-06,2.4655627420934194,2.341741367771298,z vs boundary
compliance_boundary,disjoint_gs_obf,false rejection of the component compliance gate (first crossing),2691,8000,99,46,-0.006624999999999992,2.260421224528066e-06,2.2448074184759954,2.0146286151040447,z vs boundary
compliance_boundary,disjoint_gs_obf,false rejection of the component compliance gate (first crossing),2707,8000,97,45,-0.006500000000000061,2.213745468183523e-06,2.352362252272395,2.0146286151040447,z vs boundary
compliance_boundary,disjoint_gs_obf,false rejection of the component compliance gate (first crossing),2709,6000,72,38,-0.005666666666666709,3.0507121557296588e-06,2.4809698202101007,2.341741367771298,z vs boundary
compliance_boundary,disjoint_gs_obf,false rejection of the component compliance gate (first crossing),2719,6000,68,34,-0.005666666666666598,2.8284528902965307e-06,2.5766036800833283,2.341741367771298,z vs boundary
compliance_boundary,disjoint_gs_obf,false rejection of the component compliance gate (first crossing),2725,9000,116,53,-0.006999999999999895,2.0565124520008394e-06,2.0919706298992753,1.8952910023547518,z vs boundary
compliance_boundary,disjoint_gs_obf,false rejection of the component compliance gate (first crossing),2753,8000,93,43,-0.006249999999999978,2.0891283285410676e-06,2.5944703307872308,2.0146286151040447,z vs boundary
compliance_boundary,disjoint_gs_obf,false rejection of the component compliance gate (first crossing),2778,6000,71,39,-0.005333333333333412,2.940193735993036e-06,2.721565600281498,2.341741367771298,z vs boundary
compliance_boundary,disjoint_gs_obf,false rejection of the component compliance gate (first crossing),2798,8000,99,45,-0.006750000000000034,2.244585260657582e-06,2.1692784784269192,2.0146286151040447,z vs boundary
compliance_boundary,disjoint_gs_obf,false rejection of the component compliance gate (first crossing),2799,8000,98,43,-0.0068749999999999645,2.1974914833104137e-06,2.1080767642972282,2.0146286151040447,z vs boundary
compliance_boundary,disjoint_gs_obf,false rejection of the component compliance gate (first crossing),2841,8000,104,52,-0.006500000000000061,2.432522815351919e-06,2.2440864486815104,2.0146286151040447,z vs boundary
compliance_boundary,disjoint_gs_obf,false rejection of the component compliance gate (first crossing),2853,9000,109,48,-0.0067777777777777715,1.9333821727791425e-06,2.317376686831509,1.8952910023547518,z vs boundary
compliance_boundary,disjoint_gs_obf,false rejection of the component compliance gate (first crossing),2894,7000,85,40,-0.00642857142857145,2.545480258112675e-06,2.238500017349255,2.1598142720958515,z vs boundary
compliance_boundary,disjoint_gs_obf,false rejection of the component compliance gate (first crossing),2905,10000,134,61,-0.007299999999999973,1.924863486348635e-06,1.946093925421855,1.794944269526594,z vs boundary
compliance_boundary,disjoint_gs_obf,false rejection of the component compliance gate (first crossing),2907,7000,84,38,-0.006571428571428561,2.4431595184151673e-06,2.1934982376063172,2.1598142720958515,z vs boundary
compliance_boundary,disjoint_gs_obf,false rejection of the component compliance gate (first crossing),2909,7000,79,40,-0.0055714285714285605,2.4244833810077825e-06,2.8441601558997176,2.1598142720958515,z vs boundary
compliance_boundary,disjoint_gs_obf,false rejection of the component compliance gate (first crossing),2910,5000,48,24,-0.0048000000000000265,2.8759671934386877e-06,3.0662769604437483,2.5789649844578957,z vs boundary
compliance_boundary,disjoint_gs_obf,false rejection of the component compliance gate (first crossing),2943,6000,78,46,-0.005333333333333301,3.440277083217573e-06,2.5159967148979367,2.341741367771298,z vs boundary
compliance_boundary,disjoint_gs_obf,false rejection of the component compliance gate (first crossing),2949,9000,122,60,-0.006888888888888833,2.2171956006085723e-06,2.089361163099739,1.8952910023547518,z vs boundary
compliance_boundary,disjoint_gs_obf,false rejection of the component compliance gate (first crossing),2979,10000,130,58,-0.007199999999999984,1.8750035003500347e-06,2.0448289726556004,1.794944269526594,z vs boundary
compliance_boundary,disjoint_gs_obf,false rejection of the component compliance gate (first crossing),2991,10000,141,70,-0.007099999999999995,2.105169516951695e-06,1.9987315207847018,1.794944269526594,z vs boundary
compliance_boundary,disjoint_gs_obf,false rejection of the component compliance gate (first crossing),2999,6000,66,34,-0.005333333333333301,2.717934470559908e-06,2.8306572767149834,2.341741367771298,z vs boundary
compliance_boundary,disjoint_gs_obf,false rejection of the component compliance gate (first crossing),3017,5000,59,35,-0.0048000000000000265,3.7561432286457292e-06,2.6830716563430315,2.5789649844578957,z vs boundary
compliance_boundary,disjoint_gs_obf,false rejection of the component compliance gate (first crossing),3035,9000,112,51,-0.0067777777777777715,2.007464478220488e-06,2.2742151788989946,1.8952910023547518,z vs boundary
compliance_boundary,disjoint_gs_obf,false rejection of the component compliance gate (first crossing),3094,8000,101,50,-0.0063750000000000195,2.3545892455306913e-06,2.3623836752770964,2.0146286151040447,z vs boundary
compliance_boundary,disjoint_gs_obf,false rejection of the component compliance gate (first crossing),3103,6000,68,35,-0.005499999999999949,2.8565455353670056e-06,2.6625142330454565,2.341741367771298,z vs boundary
compliance_boundary,disjoint_gs_obf,false rejection of the component compliance gate (first crossing),3122,8000,107,53,-0.006750000000000034,2.4633626078259787e-06,2.070709560068212,2.0146286151040447,z vs boundary
compliance_boundary,disjoint_gs_obf,false rejection of the component compliance gate (first crossing),3210,8000,94,42,-0.006500000000000061,2.088729841230154e-06,2.4217366181460562,2.0146286151040447,z vs boundary
compliance_boundary,disjoint_gs_obf,false rejection of the component compliance gate (first crossing),3221,9000,116,53,-0.006999999999999895,2.0812065538146213e-06,2.0795226848172192,1.8952910023547518,z vs boundary
compliance_boundary,disjoint_gs_obf,false rejection of the component compliance gate (first crossing),3227,6000,67,31,-0.006000000000000005,2.71667500138912e-06,2.426840020072153,2.341741367771298,z vs boundary
compliance_boundary,disjoint_gs_obf,false rejection of the component compliance gate (first crossing),3260,4000,41,25,-0.0040000000000000036,4.122030507626907e-06,2.955259686656782,2.906130928702722,z vs boundary
compliance_boundary,disjoint_gs_obf,false rejection of the component compliance gate (first crossing),3281,7000,79,32,-0.006714285714285673,2.2183664721782413e-06,2.20603881534702,2.1598142720958515,z vs boundary
compliance_boundary,disjoint_gs_obf,false rejection of the component compliance gate (first crossing),3288,4000,38,31,-0.0017499999999999183,4.187781320330083e-06,4.031456247453011,2.906130928702722,z vs boundary
compliance_boundary,disjoint_gs_obf,false rejection of the component compliance gate (first crossing),3307,7000,75,29,-0.006571428571428561,2.1165822522751063e-06,2.356652924368549,2.1598142720958515,z vs boundary
compliance_boundary,disjoint_gs_obf,false rejection of the component compliance gate (first crossing),3325,4000,34,15,-0.004749999999999921,3.0576237809452367e-06,3.002391208092822,2.906130928702722,z vs boundary
compliance_boundary,disjoint_gs_obf,false rejection of the component compliance gate (first crossing),3350,10000,134,64,-0.007000000000000006,1.9752975297529752e-06,2.1345434246258823,1.794944269526594,z vs boundary
compliance_boundary,disjoint_gs_obf,false rejection of the component compliance gate (first crossing),3351,9000,111,47,-0.007111111111111068,1.94521476323158e-06,2.071319339117395,1.8952910023547518,z vs boundary
compliance_boundary,disjoint_gs_obf,false rejection of the component compliance gate (first crossing),3353,5000,55,31,-0.0048000000000000265,3.4360792158431685e-06,2.8052512196159327,2.5789649844578957,z vs boundary
compliance_boundary,disjoint_gs_obf,false rejection of the component compliance gate (first crossing),3402,9000,116,55,-0.0067777777777777715,2.106240885475615e-06,2.2202479054715485,1.8952910023547518,z vs boundary
compliance_boundary,disjoint_gs_obf,false rejection of the component compliance gate (first crossing),3430,9000,113,48,-0.007222222222222241,1.9820789415559206e-06,1.973045159159582,1.8952910023547518,z vs boundary
compliance_boundary,disjoint_gs_obf,false rejection of the component compliance gate (first crossing),3432,10000,120,49,-0.007099999999999995,1.6851275127512753e-06,2.233991998414352,1.794944269526594,z vs boundary
compliance_boundary,disjoint_gs_obf,false rejection of the component compliance gate (first crossing),3443,6000,73,38,-0.005833333333333357,3.0226102498564573e-06,2.3966117428018068,2.341741367771298,z vs boundary
compliance_boundary,disjoint_gs_obf,false rejection of the component compliance gate (first crossing),3460,9000,127,64,-0.007000000000000006,2.328147571952439e-06,1.9661470780412376,1.8952910023547518,z vs boundary
compliance_boundary,disjoint_gs_obf,false rejection of the component compliance gate (first crossing),3473,10000,115,40,-0.007499999999999951,1.5445294529452946e-06,2.0116013179563903,1.794944269526594,z vs boundary
compliance_boundary,disjoint_gs_obf,false rejection of the component compliance gate (first crossing),3492,10000,134,60,-0.007399999999999962,1.934717471747175e-06,1.869237870355306,1.794944269526594,z vs boundary
compliance_boundary,disjoint_gs_obf,false rejection of the component compliance gate (first crossing),3503,8000,93,36,-0.007125000000000048,2.0095304881860233e-06,2.028105529951568,2.0146286151040447,z vs boundary
compliance_boundary,disjoint_gs_obf,false rejection of the component compliance gate (first crossing),3525,9000,116,51,-0.00722222222222213,2.0561612469972662e-06,1.9371752620409155,1.8952910023547518,z vs boundary
compliance_boundary,disjoint_gs_obf,false rejection of the component compliance gate (first crossing),3530,6000,65,29,-0.006000000000000005,2.605545368672557e-06,2.4780534608933755,2.341741367771298,z vs boundary
compliance_boundary,disjoint_gs_obf,false rejection of the component compliance gate (first crossing),3541,10000,129,57,-0.007199999999999984,1.855001500150015e-06,2.055823843721603,1.794944269526594,z vs boundary
compliance_boundary,disjoint_gs_obf,false rejection of the component compliance gate (first crossing),3545,6000,77,43,-0.005666666666666709,3.217406604804505e-06,2.415845314065979,2.341741367771298,z vs boundary
compliance_boundary,disjoint_gs_obf,false rejection of the component compliance gate (first crossing),3577,7000,93,53,-0.005714285714285672,2.8937078474767535e-06,2.5193927407900953,2.1598142720958515,z vs boundary
compliance_boundary,disjoint_gs_obf,false rejection of the component compliance gate (first crossing),3578,10000,128,55,-0.007300000000000084,1.8048514851485147e-06,2.0097545871240823,1.794944269526594,z vs boundary
compliance_boundary,disjoint_gs_obf,false rejection of the component compliance gate (first crossing),3604,8000,98,43,-0.0068749999999999645,2.1662375765720713e-06,2.123229693315241,2.0146286151040447,z vs boundary
compliance_boundary,disjoint_gs_obf,false rejection of the component compliance gate (first crossing),3608,10000,120,45,-0.007500000000000062,1.6445394539453946e-06,1.9494758527209504,1.794944269526594,z vs boundary
compliance_boundary,disjoint_gs_obf,false rejection of the component compliance gate (first crossing),3611,5000,54,29,-0.0050000000000000044,3.315663132626525e-06,2.745900550655009,2.5789649844578957,z vs boundary
compliance_boundary,disjoint_gs_obf,false rejection of the component compliance gate (first crossing),3618,10000,127,51,-0.007600000000000051,1.7744014401440145e-06,1.8017117094593469,1.794944269526594,z vs boundary
compliance_boundary,disjoint_gs_obf,false rejection of the component compliance gate (first crossing),3627,7000,87,42,-0.00642857142857145,2.62712457464769e-06,2.2034420603555427,2.1598142720958515,z vs boundary
compliance_boundary,disjoint_gs_obf,false rejection of the component compliance gate (first crossing),3632,8000,96,42,-0.006750000000000034,2.1195696337042133e-06,2.2323357610611847,2.0146286151040447,z vs boundary
compliance_boundary,disjoint_gs_obf,false rejection of the component compliance gate (first crossing),3638,5000,53,28,-0.0050000000000000044,3.235647129425885e-06,2.77964560248695,2.5789649844578957,z vs boundary
compliance_boundary,disjoint_gs_obf,false rejection of the component compliance gate (first crossing),3691,8000,107,55,-0.006500000000000061,2.526284535566946e-06,2.2020486648070188,2.0146286151040447,z vs boundary
compliance_boundary,disjoint_gs_obf,false rejection of the component compliance gate (first crossing),3695,5000,50,25,-0.0050000000000000044,2.995599119823965e-06,2.8888710528393653,2.5789649844578957,z vs boundary
compliance_boundary,disjoint_gs_obf,false rejection of the component compliance gate (first crossing),3714,10000,137,65,-0.007200000000000095,1.975013501350135e-06,1.9923837774192155,1.794944269526594,z vs boundary
compliance_boundary,disjoint_gs_obf,false rejection of the component compliance gate (first crossing),3718,10000,145,72,-0.007299999999999973,2.1648874887488747e-06,1.8350423808683962,1.794944269526594,z vs boundary
compliance_boundary,disjoint_gs_obf,false rejection of the component compliance gate (first crossing),3721,6000,76,42,-0.005666666666666709,3.2729714211627864e-06,2.395250784088906,2.341741367771298,z vs boundary
compliance_boundary,disjoint_gs_obf,false rejection of the component compliance gate (first crossing),3735,9000,117,54,-0.007000000000000006,2.0565124520008394e-06,2.0919706298992753,1.8952910023547518,z vs boundary
compliance_boundary,disjoint_gs_obf,false rejection of the component compliance gate (first crossing),3740,10000,136,62,-0.007399999999999962,1.9547194719471947e-06,1.8596496313920092,1.794944269526594,z vs boundary
compliance_boundary,disjoint_gs_obf,false rejection of the component compliance gate (first crossing),3745,10000,136,64,-0.007199999999999984,1.975013501350135e-06,1.9923837774192155,1.794944269526594,z vs boundary
compliance_boundary,disjoint_gs_obf,false rejection of the component compliance gate (first crossing),3772,8000,97,44,-0.006625000000000103,2.1979134110513812e-06,2.2765043666547484,2.0146286151040447,z vs boundary
compliance_boundary,disjoint_gs_obf,false rejection of the component compliance gate (first crossing),3814,6000,69,38,-0.005166666666666653,2.9682678594580576e-06,2.8054026490471835,2.341741367771298,z vs boundary
compliance_boundary,disjoint_gs_obf,false rejection of the component compliance gate (first crossing),3831,10000,130,60,-0.007000000000000006,1.8552855285528553e-06,2.202499792653687,1.794944269526594,z vs boundary
compliance_boundary,disjoint_gs_obf,false rejection of the component compliance gate (first crossing),3836,8000,102,47,-0.0068750000000000755,2.259999296787098e-06,2.0787194022711253,2.0146286151040447,z vs boundary
compliance_boundary,disjoint_gs_obf,false rejection of the component compliance gate (first crossing),3846,6000,73,40,-0.005499999999999949,3.1343696171584153e-06,2.5417767881487316,2.341741367771298,z vs boundary
compliance_boundary,disjoint_gs_obf,false rejection of the component compliance gate (first crossing),3894,9000,115,52,-0.007000000000000006,2.0565124520008394e-06,2.0919706298992753,1.8952910023547518,z vs boundary
compliance_boundary,disjoint_gs_obf,false rejection of the component compliance gate (first crossing),3903,9000,116,52,-0.007111111111111068,2.068685272300489e-06,2.0085545319132994,1.8952910023547518,z vs boundary
compliance_boundary,disjoint_gs_obf,false rejection of the component compliance gate (first crossing),3918,7000,94,51,-0.006142857142857117,2.8725707170995274e-06,2.2757804360774605,2.1598142720958515,z vs boundary
compliance_boundary,disjoint_gs_obf,false rejection of the component compliance gate (first crossing),3944,5000,58,37,-0.0042000000000000925,3.717215443088618e-06,3.0082860318988436,2.5789649844578957,z vs boundary
compliance_boundary,disjoint_gs_obf,false rejection of the component compliance gate (first crossing),3951,5000,49,27,-0.0044000000000000705,3.036735347069414e-06,3.213546249729658,2.5789649844578957,z vs boundary
compliance_boundary,disjoint_gs_obf,false rejection of the component compliance gate (first crossing),3964,8000,99,46,-0.006624999999999992,2.260421224528066e-06,2.2448074184759954,2.0146286151040447,z vs boundary
compliance_boundary,disjoint_gs_obf,false rejection of the component compliance gate (first crossing),3974,7000,90,52,-0.005428571428571449,2.894162722954591e-06,2.687141063002908,2.1598142720958515,z vs boundary
compliance_boundary,disjoint_gs_obf,false rejection of the component compliance gate (first crossing),3992,8000,88,37,-0.0063750000000000195,1.9170345511938995e-06,2.618141053997092,2.0146286151040447,z vs boundary
compliance_boundary,disjoint_gs_obf,false rejection of the component compliance gate (first crossing),4002,9000,125,62,-0.006999999999999895,2.2787593683248753e-06,1.9873393012944027,1.8952910023547518,z vs boundary
compliance_boundary,disjoint_gs_obf,false rejection of the component compliance gate (first crossing),4011,5000,48,21,-0.005400000000000071,2.754718943788758e-06,2.771527447142157,2.5789649844578957,z vs boundary
compliance_boundary,disjoint_gs_obf,false rejection of the component compliance gate (first crossing),4059,6000,78,44,-0.005666666666666709,3.38410105387935e-06,2.355593981278551,2.341741367771298,z vs boundary
compliance_boundary,disjoint_gs_obf,false rejection of the component compliance gate (first crossing),4063,7000,79,38,-0.005857142857142783,2.3831946837886463e-06,2.6836149164800576,2.1598142720958515,z vs boundary
compliance_boundary,disjoint_gs_obf,false rejection of the component compliance gate (first crossing),4087,8000,101,46,-0.0068749999999999645,2.259999296787098e-06,2.0787194022711253,2.0146286151040447,z vs boundary
compliance_boundary,disjoint_gs_obf,false rejection of the component compliance gate (first crossing),4128,9000,117,55,-0.006888888888888944,2.1184191933534452e-06,2.1375169664675275,1.8952910023547518,z vs boundary
compliance_boundary,disjoint_gs_obf,false rejection of the component compliance gate (first crossing),4203,8000,95,44,-0.0063750000000000195,2.1045579916239528e-06,2.4987773590748112,2.0146286151040447,z vs boundary
compliance_boundary,disjoint_gs_obf,false rejection of the component compliance gate (first crossing),4222,8000,93,37,-0.007000000000000006,1.9941242655331915e-06,2.1244433051461127,2.0146286151040447,z vs boundary
compliance_boundary,disjoint_gs_obf,false rejection of the component compliance gate (first crossing),4235,10000,131,57,-0.007399999999999962,1.8547094709470947e-06,1.9091295646089388,1.794944269526594,z vs boundary
compliance_boundary,disjoint_gs_obf,false rejection of the component compliance gate (first crossing),4236,10000,128,57,-0.007099999999999995,1.8251415141514151e-06,2.146593085625007,1.794944269526594,z vs boundary
compliance_boundary,disjoint_gs_obf,false rejection of the component compliance gate (first crossing),4253,10000,127,52,-0.007500000000000062,1.7845534553455347e-06,1.8714370701497416,1.794944269526594,z vs boundary
compliance_boundary,disjoint_gs_obf,false rejection of the component compliance gate (first crossing),4264,10000,131,61,-0.007000000000000006,1.915291529152915e-06,2.167723125697581,1.794944269526594,z vs boundary
compliance_boundary,disjoint_gs_obf,false rejection of the component compliance gate (first crossing),4267,8000,104,49,-0.0068749999999999645,2.3850149237404674e-06,2.023505882378602,2.0146286151040447,z vs boundary
compliance_boundary,disjoint_gs_obf,false rejection of the component compliance gate (first crossing),4275,7000,84,38,-0.006571428571428561,2.483981676682675e-06,2.1753994166913446,2.1598142720958515,z vs boundary
compliance_boundary,disjoint_gs_obf,false rejection of the component compliance gate (first crossing),4293,7000,89,48,-0.005857142857142783,2.791416266463722e-06,2.4796344155321504,2.1598142720958515,z vs boundary
compliance_boundary,disjoint_gs_obf,false rejection of the component compliance gate (first crossing),4313,10000,122,48,-0.007399999999999962,1.6746914691469148e-06,2.0091203101594175,1.794944269526594,z vs boundary
compliance_boundary,disjoint_gs_obf,false rejection of the component compliance gate (first crossing),4330,10000,129,57,-0.007199999999999984,1.855001500150015e-06,2.055823843721603,1.794944269526594,z vs boundary
compliance_boundary,disjoint_gs_obf,false rejection of the component compliance gate (first crossing),4387,10000,132,57,-0.007499999999999951,1.8845634563456345e-06,1.8211034870231186,1.794944269526594,z vs boundary
compliance_boundary,disjoint_gs_obf,false rejection of the component compliance gate (first crossing),4423,9000,106,41,-0.007222222222222241,1.7845261270456663e-06,2.0793904441372577,1.8952910023547518,z vs boundary
compliance_boundary,disjoint_gs_obf,false rejection of the component compliance gate (first crossing),4443,10000,133,63,-0.007000000000000006,1.9552955295529553e-06,2.1454334673738376,1.794944269526594,z vs boundary
compliance_boundary,disjoint_gs_obf,false rejection of the component compliance gate (first crossing),4468,7000,78,31,-0.006714285714285673,2.2183664721782413e-06,2.20603881534702,2.1598142720958515,z vs boundary
compliance_boundary,disjoint_gs_obf,false rejection of the component compliance gate (first crossing),4474,8000,97,45,-0.006500000000000061,2.213745468183523e-06,2.352362252272395,2.0146286151040447,z vs boundary
compliance_boundary,disjoint_gs_obf,false rejection of the component compliance gate (first crossing),4538,10000,137,63,-0.007400000000000073,1.974721472147215e-06,1.8502074430899482,1.794944269526594,z vs boundary
compliance_boundary,disjoint_gs_obf,false rejection of the component compliance gate (first crossing),4544,9000,123,62,-0.0067777777777777715,2.2790995981720874e-06,2.134390288434807,1.8952910023547518,z vs boundary
compliance_boundary,disjoint_gs_obf,false rejection of the component compliance gate (first crossing),4547,9000,115,53,-0.006888888888888833,2.0443368879121e-06,2.1759017895108443,1.8952910023547518,z vs boundary
compliance_boundary,disjoint_gs_obf,false rejection of the component compliance gate (first crossing),4550,10000,124,50,-0.007399999999999962,1.734697469746975e-06,1.974065122208426,1.794944269526594,z vs boundary
compliance_boundary,disjoint_gs_obf,false rejection of the component compliance gate (first crossing),4559,10000,136,65,-0.007099999999999995,1.9851575157515755e-06,2.0582613158550345,1.794944269526594,z vs boundary
compliance_boundary,disjoint_gs_obf,false rejection of the component compliance gate (first crossing),4560,4000,42,30,-0.0030000000000000027,4.373843460865216e-06,3.347082539028431,2.906130928702722,z vs boundary
compliance_boundary,disjoint_gs_obf,false rejection of the component compliance gate (first crossing),4573,8000,104,50,-0.006750000000000034,2.369600887610952e-06,2.1112796371856124,2.0146286151040447,z vs boundary
compliance_boundary,disjoint_gs_obf,false rejection of the component compliance gate (first crossing),4605,9000,104,37,-0.007444444444444476,1.7100816414443856e-06,1.9542355269168314,1.8952910023547518,z vs boundary
compliance_boundary,disjoint_gs_obf,false rejection of the component compliance gate (first crossing),4732,7000,88,49,-0.0055714285714285605,2.7510606471478435e-06,2.6700142028947105,2.1598142720958515,z vs boundary
compliance_boundary,disjoint_gs_obf,false rejection of the component compliance gate (first crossing),4742,9000,114,49,-0.007222222222222241,2.0067730433697025e-06,1.9608680484965595,1.8952910023547518,z vs boundary
compliance_boundary,disjoint_gs_obf,false rejection of the component compliance gate (first crossing),4745,5000,55,31,-0.0048000000000000265,3.2760472094418883e-06,2.87295132403083,2.5789649844578957,z vs boundary
compliance_boundary,disjoint_gs_obf,false rejection of the component compliance gate (first crossing),4759,7000,92,48,-0.006285714285714228,2.8519059574108255e-06,2.1994176594872563,2.1598142720958515,z vs boundary
compliance_boundary,disjoint_gs_obf,false rejection of the component compliance gate (first crossing),4785,4000,36,18,-0.0045000000000000595,3.3707801950487622e-06,2.995694159534385,2.906130928702722,z vs boundary
compliance_boundary,disjoint_gs_obf,false rejection of the component compliance gate (first crossing),4793,10000,143,69,-0.007399999999999962,2.074731473147315e-06,1.8050631505713344,1.794944269526594,z vs boundary
compliance_boundary,disjoint_gs_obf,false rejection of the component compliance gate (first crossing),4800,7000,88,43,-0.00642857142857145,2.5863024163801823e-06,2.2207635256178624,2.1598142720958515,z vs boundary
compliance_boundary,disjoint_gs_obf,false rejection of the component compliance gate (first crossing),4806,9000,116,53,-0.006999999999999895,2.0565124520008394e-06,2.0919706298992753,1.8952910023547518,z vs boundary
compliance_boundary,disjoint_gs_obf,false rejection of the component compliance gate (first crossing),4812,9000,112,46,-0.007333333333333414,1.944858070649825e-06,1.912162406197671,1.8952910023547518,z vs boundary
compliance_boundary,disjoint_gs_obf,false rejection of the component compliance gate (first crossing),4825,7000,87,44,-0.006142857142857117,2.6684599257619893e-06,2.3612141742846475,2.1598142720958515,z vs boundary
compliance_boundary,disjoint_gs_obf,false rejection of the component compliance gate (first crossing),4832,8000,97,43,-0.006750000000000034,2.1820774471808977e-06,2.2001296844798213,2.0146286151040447,z vs boundary
compliance_boundary,disjoint_gs_obf,false rejection of the component compliance gate (first crossing),4843,10000,122,49,-0.007299999999999973,1.6848394839483948e-06,2.080101361992031,1.794944269526594,z vs boundary
compliance_boundary,disjoint_gs_obf,false rejection of the component compliance gate (first crossing),4847,5000,53,31,-0.0044000000000000705,3.3567993598719744e-06,3.05650658062867,2.5789649844578957,z vs boundary
compliance_boundary,disjoint_gs_obf,false rejection of the component compliance gate (first crossing),4922,9000,122,59,-0.007000000000000006,2.20467706288353e-06,2.020453049007677,1.8952910023547518,z vs boundary
compliance_boundary,disjoint_gs_obf,false rejection of the component compliance gate (first crossing),4931,9000,118,53,-0.00722222222222213,2.0808553488110477e-06,1.9256464513443665,1.8952910023547518,z vs boundary
compliance_boundary,disjoint_gs_obf,false rejection of the component compliance gate (first crossing),4939,9000,119,55,-0.007111111111111179,2.142767577741834e-06,1.973528058445016,1.8952910023547518,z vs boundary
compliance_boundary,disjoint_gs_obf,false rejection of the component compliance gate (first crossing),4941,7000,81,36,-0.00642857142857145,2.3821916250426446e-06,2.313948142989767,2.1598142720958515,z vs boundary
compliance_boundary,disjoint_gs_obf,false rejection of the component compliance gate (first crossing),4969,6000,69,34,-0.005833333333333246,2.80035098442333e-06,2.489903550998383,2.341741367771298,z vs boundary
compliance_boundary,disjoint_gs_obf,false rejection of the component compliance gate (first crossing),4979,9000,115,50,-0.007222222222222241,1.9573848397421388e-06,1.9854519862323456,1.8952910023547518,z vs boundary
compliance_boundary,disjoint_gs_obf,false rejection of the component compliance gate (first crossing),5004,6000,68,37,-0.005166666666666653,2.9127030430997756e-06,2.8320351722749573,2.341741367771298,z vs boundary
compliance_boundary,disjoint_gs_obf,false rejection of the component compliance gate (first crossing),5012,6000,72,44,-0.004666666666666708,3.219129114111611e-06,2.97255247468748,2.341741367771298,z vs boundary
compliance_boundary,disjoint_gs_obf,false rejection of the component compliance gate (first crossing),5030,5000,55,29,-0.005199999999999982,3.3552630526105224e-06,2.62046250591086,2.5789649844578957,z vs boundary
compliance_boundary,disjoint_gs_obf,false rejection of the component compliance gate (first crossing),5041,6000,66,29,-0.006166666666666654,2.6329897575521846e-06,2.362392204128282,2.341741367771298,z vs boundary
compliance_boundary,disjoint_gs_obf,false rejection of the component compliance gate (first crossing),5057,9000,119,54,-0.007222222222222241,2.130243552438611e-06,1.9031931656194316,1.8952910023547518,z vs boundary
compliance_boundary,disjoint_gs_obf,false rejection of the component compliance gate (first crossing),5062,10000,125,49,-0.00759999999999994,1.7143954395439545e-06,1.8329716179631046,1.794944269526594,z vs boundary
compliance_boundary,disjoint_gs_obf,false rejection of the component compliance gate (first crossing),5102,7000,93,53,-0.005714285714285672,2.9753521640117687e-06,2.484585958532947,2.1598142720958515,z vs boundary
compliance_boundary,disjoint_gs_obf,false rejection of the component compliance gate (first crossing),5118,7000,82,39,-0.006142857142857117,2.4235269761569435e-06,2.4776604879100743,2.1598142720958515,z vs boundary
compliance_boundary,disjoint_gs_obf,false rejection of the component compliance gate (first crossing),5119,10000,122,48,-0.007399999999999962,1.6746914691469148e-06,2.0091203101594175,1.794944269526594,z vs boundary
compliance_boundary,disjoint_gs_obf,false rejection of the component compliance gate (first crossing),5157,7000,80,36,-0.006285714285714339,2.3620400582007344e-06,2.4167497294863707,2.1598142720958515,z vs boundary
compliance_boundary,disjoint_gs_obf,false rejection of the component compliance gate (first crossing),5215,3000,28,23,-0.0016666666666665941,5.445333629728428e-06,3.571136964743294,3.396230702295522,z vs boundary
compliance_boundary,disjoint_gs_obf,false rejection of the component compliance gate (first crossing),5238,10000,130,57,-0.007299999999999973,1.8648574857485747e-06,1.9771560138112958,1.794944269526594,z vs boundary
compliance_boundary,disjoint_gs_obf,false rejection of the component compliance gate (first crossing),5270,9000,106,45,-0.0067777777777777715,1.8592998673377976e-06,2.363092758358195,1.8952910023547518,z vs boundary
compliance_boundary,disjoint_gs_obf,false rejection of the component compliance gate (first crossing),5288,10000,125,51,-0.007399999999999962,1.7546994699469947e-06,1.9627815885599993,1.794944269526594,z vs boundary
compliance_boundary,disjoint_gs_obf,false rejection of the component compliance gate (first crossing),5306,10000,139,65,-0.007400000000000073,2.034727472747275e-06,1.822721110320881,1.794944269526594,z vs boundary
compliance_boundary,disjoint_gs_obf,false rejection of the component compliance gate (first crossing),5310,6000,67,36,-0.005166666666666653,2.857138226741494e-06,2.859440878895235,2.341741367771298,z vs boundary
compliance_boundary,disjoint_gs_obf,false rejection of the component compliance gate (first crossing),5345,10000,126,55,-0.007099999999999995,1.805139513951395e-06,2.158453074841289,1.794944269526594,z vs boundary
compliance_boundary,disjoint_gs_obf,false rejection of the component compliance gate (first crossing),5351,10000,120,44,-0.007600000000000051,1.6143854385438545e-06,1.888894168740945,1.794944269526594,z vs boundary
compliance_boundary,disjoint_gs_obf,false rejection of the component compliance gate (first crossing),5362,10000,131,62,-0.006900000000000017,1.9254315431543154e-06,2.2340745060478877,1.794944269526594,z vs boundary
compliance_boundary,disjoint_gs_obf,false rejection of the component compliance gate (first crossing),5406,7000,89,45,-0.006285714285714228,2.688617324340795e-06,2.2652222124008614,2.1598142720958515,z vs boundary
compliance_boundary,disjoint_gs_obf,false rejection of the component compliance gate (first crossing),5433,6000,71,38,-0.00550000000000006,3.0232399844418512e-06,2.58807109520287,2.341741367771298,z vs boundary
compliance_boundary,disjoint_gs_obf,false rejection of the component compliance gate (first crossing),5437,7000,91,48,-0.006142857142857117,2.790926400564512e-06,2.3088277425815082,2.1598142720958515,z vs boundary
compliance_boundary,disjoint_gs_obf,false rejection of the component compliance gate (first crossing),5465,10000,140,70,-0.007000000000000006,2.095309530953095e-06,2.0725125089735976,1.794944269526594,z vs boundary
compliance_boundary,disjoint_gs_obf,false rejection of the component compliance gate (first crossing),5477,5000,53,32,-0.0042000000000000925,3.397151430286057e-06,3.1468101363646626,2.5789649844578957,z vs boundary
compliance_boundary,disjoint_gs_obf,false rejection of the component compliance gate (first crossing),5483,8000,93,38,-0.0068749999999999645,2.041221949618702e-06,2.1872826437762187,2.0146286151040447,z vs boundary
compliance_boundary,disjoint_gs_obf,false rejection of the component compliance gate (first crossing),5517,9000,114,49,-0.007222222222222241,2.0067730433697025e-06,1.9608680484965595,1.8952910023547518,z vs boundary
compliance_boundary,disjoint_gs_obf,false rejection of the component compliance gate (first crossing),5522,7000,83,48,-0.0050000000000000044,2.670279427673341e-06,3.059790200501879,2.1598142720958515,z vs boundary
compliance_boundary,disjoint_gs_obf,false rejection of the component compliance gate (first crossing),5554,6000,69,36,-0.005499999999999949,2.912110351725287e-06,2.636990709448415,2.341741367771298,z vs boundary
compliance_boundary,disjoint_gs_obf,false rejection of the component compliance gate (first crossing),5560,9000,109,47,-0.006888888888888833,1.8961722770294095e-06,2.2593141669560075,1.8952910023547518,z vs boundary
compliance_boundary,disjoint_gs_obf,false rejection of the component compliance gate (first crossing),5588,7000,83,41,-0.006000000000000005,2.5258302206437653e-06,2.5168533651025564,2.1598142720958515,z vs boundary
compliance_boundary,disjoint_gs_obf,false rejection of the component compliance gate (first crossing),5595,5000,55,32,-0.0046000000000000485,3.476463292658532e-06,2.896175903021958,2.5789649844578957,z vs boundary
compliance_boundary,disjoint_gs_obf,false rejection of the component compliance gate (first crossing),5609,8000,98,42,-0.007000000000000006,2.1816477059632456e-06,2.0310889520398914,2.0146286151040447,z vs boundary
compliance_boundary,disjoint_gs_obf,false rejection of the component compliance gate (first crossing),5613,8000,97,42,-0.0068750000000000755,2.1662375765720713e-06,2.123229693315241,2.0146286151040447,z vs boundary
compliance_boundary,disjoint_gs_obf,false rejection of the component compliance gate (first crossing),5621,7000,83,37,-0.006571428571428561,2.4431595184151673e-06,2.1934982376063172,2.1598142720958515,z vs boundary
compliance_boundary,disjoint_gs_obf,false rejection of the component compliance gate (first crossing),5632,9000,108,43,-0.007222222222222241,1.858608432487012e-06,2.0375278219032955,1.8952910023547518,z vs boundary
compliance_boundary,disjoint_gs_obf,false rejection of the component compliance gate (first crossing),5638,7000,89,45,-0.006285714285714228,2.688617324340795e-06,2.2652222124008614,2.1598142720958515,z vs boundary
compliance_boundary,disjoint_gs_obf,false rejection of the component compliance gate (first crossing),5649,9000,125,64,-0.0067777777777777715,2.328487801799651e-06,2.1116333134882854,1.8952910023547518,z vs boundary
compliance_boundary,disjoint_gs_obf,false rejection of the component compliance gate (first crossing),5657,6000,77,43,-0.005666666666666709,3.328536237521068e-06,2.375174121873974,2.341741367771298,z vs boundary
compliance_boundary,disjoint_gs_obf,false rejection of the component compliance gate (first crossing),5666,6000,70,38,-0.005333333333333412,2.995758552351318e-06,2.6962079011449505,2.341741367771298,z vs boundary
compliance_boundary,disjoint_gs_obf,false rejection of the component compliance gate (first crossing),5688,10000,137,66,-0.007099999999999995,2.0251615161516154e-06,2.0378310017237924,1.794944269526594,z vs boundary
compliance_boundary,disjoint_gs_obf,false rejection of the component compliance gate (first crossing),5724,8000,86,37,-0.006125000000000047,1.8861713182897862e-06,2.821507042226745,2.0146286151040447,z vs boundary
compliance_boundary,disjoint_gs_obf,false rejection of the component compliance gate (first crossing),5736,10000,127,53,-0.007400000000000073,1.794703470347035e-06,1.9407830771946326,1.794944269526594,z vs boundary
compliance_boundary,disjoint_gs_obf,false rejection of the component compliance gate (first crossing),5745,8000,102,47,-0.0068750000000000755,2.2912532035254405e-06,2.064493306242959,2.0146286151040447,z vs boundary
compliance_boundary,disjoint_gs_obf,false rejection of the component compliance gate (first crossing),5751,9000,109,45,-0.007111111111111068,1.8958265596040165e-06,2.0981258615110185,1.8952910023547518,z vs boundary
compliance_boundary,disjoint_gs_obf,false rejection of the component compliance gate (first crossing),5766,8000,100,47,-0.006624999999999992,2.260421224528066e-06,2.2448074184759954,2.0146286151040447,z vs boundary
compliance_boundary,disjoint_gs_obf,false rejection of the component compliance gate (first crossing),5784,8000,103,49,-0.006749999999999923,2.369600887610952e-06,2.1112796371856124,2.0146286151040447,z vs boundary
compliance_boundary,disjoint_gs_obf,false rejection of the component compliance gate (first crossing),5789,6000,74,41,-0.005499999999999949,3.1343696171584153e-06,2.5417767881487316,2.341741367771298,z vs boundary
compliance_boundary,disjoint_gs_obf,false rejection of the component compliance gate (first crossing),5792,8000,103,48,-0.0068749999999999645,2.3537610170021254e-06,2.0368959224415217,2.0146286151040447,z vs boundary
compliance_boundary,disjoint_gs_obf,false rejection of the component compliance gate (first crossing),5797,10000,121,45,-0.007600000000000051,1.6343874387438746e-06,1.877300231908086,1.794944269526594,z vs boundary
compliance_boundary,disjoint_gs_obf,false rejection of the component compliance gate (first crossing),5814,3000,27,21,-0.0020000000000000018,5.333777925975325e-06,3.46395723846838,3.396230702295522,z vs boundary
compliance_boundary,disjoint_gs_obf,false rejection of the component compliance gate (first crossing),5827,5000,59,34,-0.0050000000000000044,3.635727145429086e-06,2.622251623384211,2.5789649844578957,z vs boundary
compliance_boundary,disjoint_gs_obf,false rejection of the component compliance gate (first crossing),5832,10000,122,45,-0.00770000000000004,1.6242334233423344e-06,1.8046941662300462,1.794944269526594,z vs boundary
compliance_boundary,disjoint_gs_obf,false rejection of the component compliance gate (first crossing),5851,8000,103,49,-0.006749999999999923,2.338346980872609e-06,2.1253422871006133,2.0146286151040447,z vs boundary
compliance_boundary,disjoint_gs_obf,false rejection of the component compliance gate (first crossing),5853,7000,83,40,-0.006142857142857228,2.4235269761569435e-06,2.4776604879100743,2.1598142720958515,z vs boundary
compliance_boundary,disjoint_gs_obf,false rejection of the component compliance gate (first crossing),5917,9000,116,56,-0.006666666666666599,2.069365731994913e-06,2.3171818535115962,1.8952910023547518,z vs boundary
compliance_boundary,disjoint_gs_obf,false rejection of the component compliance gate (first crossing),5920,8000,102,47,-0.0068750000000000755,2.3225071102637825e-06,2.0505553452856535,2.0146286151040447,z vs boundary
compliance_boundary,disjoint_gs_obf,false rejection of the component compliance gate (first crossing),5945,7000,80,34,-0.006571428571428561,2.279870885345137e-06,2.270691192488151,2.1598142720958515,z vs boundary
compliance_boundary,disjoint_gs_obf,false rejection of the component compliance gate (first crossing),5974,8000,94,45,-0.006125000000000047,2.1674564789348668e-06,2.6320644165356177,2.0146286151040447,z vs boundary
compliance_boundary,disjoint_gs_obf,false rejection of the component compliance gate (first crossing),5985,7000,79,35,-0.006285714285714228,2.3212178999332267e-06,2.4379082244484302,2.1598142720958515,z vs boundary
compliance_boundary,disjoint_gs_obf,false rejection of the component compliance gate (first crossing),5995,4000,33,19,-0.0034999999999999476,3.24774943735934e-06,3.6068003117400695,2.906130928702722,z vs boundary
compliance_boundary,disjoint_gs_obf,false rejection of the component compliance gate (first crossing),5997,8000,94,42,-0.006500000000000061,2.1199837479684962e-06,2.403819083021478,2.0146286151040447,z vs boundary
compliance_boundary,disjoint_gs_obf,false rejection of the component compliance gate (first crossing),6003,9000,115,55,-0.00666666666666671,2.069365731994913e-06,2.3171818535115962,1.8952910023547518,z vs boundary
compliance_boundary,disjoint_gs_obf,false rejection of the component compliance gate (first crossing),6025,6000,64,30,-0.005666666666666709,2.606193624863403e-06,2.6842240210676986,2.341741367771298,z vs boundary
compliance_boundary,disjoint_gs_obf,false rejection of the component compliance gate (first crossing),6032,10000,129,55,-0.007400000000000073,1.8347074707470746e-06,1.919508030077738,1.794944269526594,z vs boundary
compliance_boundary,disjoint_gs_obf,false rejection of the component compliance gate (first crossing),6039,6000,75,41,-0.005666666666666598,3.217406604804505e-06,2.415845314065979,2.341741367771298,z vs boundary
compliance_boundary,disjoint_gs_obf,false rejection of the component compliance gate (first crossing),6045,9000,117,54,-0.007000000000000006,2.105900655628403e-06,2.0672943363345726,1.8952910023547518,z vs boundary
compliance_boundary,disjoint_gs_obf,false rejection of the component compliance gate (first crossing),6046,7000,92,48,-0.006285714285714228,2.77026164087581e-06,2.2315926056339976,2.1598142720958515,z vs boundary
compliance_boundary,disjoint_gs_obf,false rejection of the component compliance gate (first crossing),6068,9000,121,58,-0.007000000000000006,2.20467706288353e-06,2.020453049007677,1.8952910023547518,z vs boundary
compliance_boundary,disjoint_gs_obf,false rejection of the component compliance gate (first crossing),6192,7000,83,37,-0.006571428571428561,2.4431595184151673e-06,2.1934982376063172,2.1598142720958515,z vs boundary
compliance_boundary,disjoint_gs_obf,false rejection of the component compliance gate (first crossing),6200,6000,72,40,-0.005333333333333301,3.0513233687095997e-06,2.6715460425866464,2.341741367771298,z vs boundary
compliance_boundary,disjoint_gs_obf,false rejection of the component compliance gate (first crossing),6201,10000,125,57,-0.006799999999999917,1.7955555555555554e-06,2.3880892565039744,1.794944269526594,z vs boundary
compliance_boundary,disjoint_gs_obf,false rejection of the component compliance gate (first crossing),6224,8000,112,59,-0.006624999999999992,2.6042141986498314e-06,2.091391920702028,2.0146286151040447,z vs boundary
compliance_boundary,disjoint_gs_obf,false rejection of the component compliance gate (first crossing),6233,7000,83,37,-0.006571428571428561,2.4431595184151673e-06,2.1934982376063172,2.1598142720958515,z vs boundary
compliance_boundary,disjoint_gs_obf,false rejection of the component compliance gate (first crossing),6246,9000,126,62,-0.007111111111111068,2.290932188624525e-06,1.9086430769813805,1.8952910023547518,z vs boundary
compliance_boundary,disjoint_gs_obf,false rejection of the component compliance gate (first crossing),6277,5000,55,33,-0.0043999999999999595,3.4368153630726142e-06,3.020716212468129,2.5789649844578957,z vs boundary
compliance_boundary,disjoint_gs_obf,false rejection of the component compliance gate (first crossing),6281,9000,113,49,-0.007111111111111068,1.9946029668591433e-06,2.0455147155493956,1.8952910023547518,z vs boundary
compliance_boundary,disjoint_gs_obf,false rejection of the component compliance gate (first crossing),6302,7000,77,40,-0.005285714285714338,2.3841044347443217e-06,3.0531859983226592,2.1598142720958515,z vs boundary
compliance_boundary,disjoint_gs_obf,false rejection of the component compliance gate (first crossing),6308,3000,28,26,-0.0006666666666665932,5.779556148345745e-06,3.882303942856034,3.396230702295522,z vs boundary
compliance_boundary,disjoint_gs_obf,false rejection of the component compliance gate (first crossing),6324,7000,86,45,-0.005857142857142783,2.587305475126184e-06,2.575586286805879,2.1598142720958515,z vs boundary
compliance_boundary,disjoint_gs_obf,false rejection of the component compliance gate (first crossing),6350,9000,108,42,-0.007333333333333303,1.8460816633946982e-06,1.9626518950835496,1.8952910023547518,z vs boundary
compliance_boundary,disjoint_gs_obf,false rejection of the component compliance gate (first crossing),6356,9000,119,56,-0.007000000000000006,2.130594757442185e-06,2.055279202890628,1.8952910023547518,z vs boundary
compliance_boundary,disjoint_gs_obf,false rejection of the component compliance gate (first crossing),6359,7000,93,50,-0.006142857142857117,2.8725707170995274e-06,2.2757804360774605,2.1598142720958515,z vs boundary
compliance_boundary,disjoint_gs_obf,false rejection of the component compliance gate (first crossing),6379,9000,109,45,-0.007111111111111068,1.8958265596040165e-06,2.0981258615110185,1.8952910023547518,z vs boundary
compliance_boundary,disjoint_gs_obf,false rejection of the component compliance gate (first crossing),6380,9000,118,55,-0.007000000000000006,2.130594757442185e-06,2.055279202890628,1.8952910023547518,z vs boundary
compliance_boundary,disjoint_gs_obf,false rejection of the component compliance gate (first crossing),6387,9000,116,52,-0.007111111111111068,2.068685272300489e-06,2.0085545319132994,1.8952910023547518,z vs boundary
compliance_boundary,disjoint_gs_obf,false rejection of the component compliance gate (first crossing),6424,9000,117,55,-0.006888888888888944,2.1184191933534452e-06,2.1375169664675275,1.8952910023547518,z vs boundary
compliance_boundary,disjoint_gs_obf,false rejection of the component compliance gate (first crossing),6438,9000,108,43,-0.007222222222222241,1.858608432487012e-06,2.0375278219032955,1.8952910023547518,z vs boundary
compliance_boundary,disjoint_gs_obf,false rejection of the component compliance gate (first crossing),6455,5000,59,36,-0.0046000000000000485,3.796527305461092e-06,2.7714081893024662,2.5789649844578957,z vs boundary
compliance_boundary,disjoint_gs_obf,false rejection of the component compliance gate (first crossing),6463,9000,119,56,-0.007000000000000006,2.130594757442185e-06,2.055279202890628,1.8952910023547518,z vs boundary
compliance_boundary,disjoint_gs_obf,false rejection of the component compliance gate (first crossing),6466,9000,111,47,-0.007111111111111068,1.8958265596040165e-06,2.0981258615110185,1.8952910023547518,z vs boundary
compliance_boundary,disjoint_gs_obf,false rejection of the component compliance gate (first crossing),6468,8000,105,59,-0.005750000000000033,2.5274331166395798e-06,2.673308591946963,2.0146286151040447,z vs boundary
compliance_boundary,disjoint_gs_obf,false rejection of the component compliance gate (first crossing),6479,4000,34,18,-0.0040000000000000036,3.1217804451112777e-06,3.395862306901373,2.906130928702722,z vs boundary
compliance_boundary,disjoint_gs_obf,false rejection of the component compliance gate (first crossing),6480,5000,52,28,-0.0047999999999999154,3.1960312062412484e-06,2.9086926805832403,2.5789649844578957,z vs boundary
compliance_boundary,disjoint_gs_obf,false rejection of the component compliance gate (first crossing),6496,5000,58,34,-0.0048000000000000265,3.676127225445089e-06,2.7121148520694383,2.5789649844578957,z vs boundary
compliance_boundary,disjoint_gs_obf,false rejection of the component compliance gate (first crossing),6511,7000,81,34,-0.006714285714285673,2.259188630445749e-06,2.18601707107897,2.1598142720958515,z vs boundary
compliance_boundary,disjoint_gs_obf,false rejection of the component compliance gate (first crossing),6516,5000,52,30,-0.0043999999999999595,3.276783356671334e-06,3.093600024116216,2.5789649844578957,z vs boundary
compliance_boundary,disjoint_gs_obf,false rejection of the component compliance gate (first crossing),6560,9000,113,49,-0.007111111111111068,1.9946029668591433e-06,2.0455147155493956,1.8952910023547518,z vs boundary
compliance_boundary,disjoint_gs_obf,false rejection of the component compliance gate (first crossing),6623,8000,100,49,-0.0063749999999999085,2.323335338792349e-06,2.3782201901533275,2.0146286151040447,z vs boundary
compliance_boundary,disjoint_gs_obf,false rejection of the component compliance gate (first crossing),6668,9000,112,48,-0.007111111111111179,1.969908865045362e-06,2.0582957211315516,1.8952910023547518,z vs boundary
compliance_boundary,disjoint_gs_obf,false rejection of the component compliance gate (first crossing),6678,8000,99,45,-0.006750000000000034,2.21333135391924e-06,2.1845407122050253,2.0146286151040447,z vs boundary
compliance_boundary,disjoint_gs_obf,false rejection of the component compliance gate (first crossing),6681,5000,56,32,-0.0048000000000000265,3.5160952190438083e-06,2.7731478836129235,2.5789649844578957,z vs boundary
compliance_boundary,disjoint_gs_obf,false rejection of the component compliance gate (first crossing),6697,7000,87,42,-0.00642857142857145,2.62712457464769e-06,2.2034420603555427,2.1598142720958515,z vs boundary
compliance_boundary,disjoint_gs_obf,false rejection of the component compliance gate (first crossing),6727,4000,45,33,-0.0030000000000000027,4.873968492123031e-06,3.170711160893561,2.906130928702722,z vs boundary
compliance_boundary,disjoint_gs_obf,false rejection of the component compliance gate (first crossing),6729,7000,84,43,-0.005857142857142894,2.587305475126184e-06,2.575586286805879,2.1598142720958515,z vs boundary
compliance_boundary,disjoint_gs_obf,false rejection of the component compliance gate (first crossing),6734,5000,58,35,-0.0046000000000000485,3.716511302260452e-06,2.8010833426177038,2.5789649844578957,z vs boundary
compliance_boundary,disjoint_gs_obf,false rejection of the component compliance gate (first crossing),6753,9000,113,53,-0.006666666666666599,2.044671630181131e-06,2.331132502446258,1.8952910023547518,z vs boundary
compliance_boundary,disjoint_gs_obf,false rejection of the component compliance gate (first crossing),6763,7000,88,43,-0.00642857142857145,2.62712457464769e-06,2.2034420603555427,2.1598142720958515,z vs boundary
compliance_boundary,disjoint_gs_obf,false rejection of the component compliance gate (first crossing),6768,7000,91,48,-0.006142857142857117,2.790926400564512e-06,2.3088277425815082,2.1598142720958515,z vs boundary
compliance_boundary,disjoint_gs_obf,false rejection of the component compliance gate (first crossing),6785,8000,112,59,-0.006624999999999992,2.6354681053881734e-06,2.078954070800642,2.0146286151040447,z vs boundary
compliance_boundary,disjoint_gs_obf,false rejection of the component compliance gate (first crossing),6822,5000,59,34,-0.0050000000000000044,3.635727145429086e-06,2.622251623384211,2.5789649844578957,z vs boundary
compliance_boundary,disjoint_gs_obf,false rejection of the component compliance gate (first crossing),6843,6000,64,30,-0.005666666666666709,2.550628808505121e-06,2.713304076366492,2.341741367771298,z vs boundary
compliance_boundary,disjoint_gs_obf,false rejection of the component compliance gate (first crossing),6846,6000,78,47,-0.005166666666666653,3.468351206682595e-06,2.5952859378095847,2.341741367771298,z vs boundary
compliance_boundary,disjoint_gs_obf,false rejection of the component compliance gate (first crossing),6864,10000,132,57,-0.007499999999999951,1.8445594559455946e-06,1.8407452117548595,1.794944269526594,z vs boundary
compliance_boundary,disjoint_gs_obf,false rejection of the component compliance gate (first crossing),6881,9000,115,52,-0.007000000000000006,2.0565124520008394e-06,2.0919706298992753,1.8952910023547518,z vs boundary
compliance_boundary,disjoint_gs_obf,false rejection of the component compliance gate (first crossing),6904,8000,91,34,-0.007125000000000048,1.9470226747093385e-06,2.0604038104916658,2.0146286151040447,z vs boundary
compliance_boundary,disjoint_gs_obf,false rejection of the component compliance gate (first crossing),6920,7000,89,44,-0.006428571428571339,2.708768891182705e-06,2.169981303950723,2.1598142720958515,z vs boundary
compliance_boundary,disjoint_gs_obf,false rejection of the component compliance gate (first crossing),6935,7000,81,38,-0.006142857142857117,2.4235269761569435e-06,2.4776604879100743,2.1598142720958515,z vs boundary
compliance_boundary,disjoint_gs_obf,false rejection of the component compliance gate (first crossing),6937,6000,61,27,-0.005666666666666709,2.4394991757885574e-06,2.774417145797529,2.341741367771298,z vs boundary
compliance_boundary,disjoint_gs_obf,false rejection of the component compliance gate (first crossing),6943,7000,89,47,-0.006000000000000005,2.770763170248811e-06,2.403036061795212,2.1598142720958515,z vs boundary
compliance_boundary,disjoint_gs_obf,false rejection of the component compliance gate (first crossing),6952,7000,80,39,-0.005857142857142894,2.424016842056154e-06,2.6609219828128023,2.1598142720958515,z vs boundary
compliance_boundary,disjoint_gs_obf,false rejection of the component compliance gate (first crossing),6961,8000,102,48,-0.006750000000000034,2.307093074134267e-06,2.1396897353443336,2.0146286151040447,z vs boundary
compliance_boundary,disjoint_gs_obf,false rejection of the component compliance gate (first crossing),6973,10000,131,56,-0.007499999999999951,1.8445594559455946e-06,1.8407452117548595,1.794944269526594,z vs boundary
compliance_boundary,disjoint_gs_obf,false rejection of the component compliance gate (first crossing),6990,10000,123,51,-0.007199999999999984,1.714987498749875e-06,2.1380977279942055,1.794944269526594,z vs boundary
compliance_boundary,disjoint_gs_obf,false rejection of the component compliance gate (first crossing),7005,7000,84,39,-0.00642857142857145,2.423013783310152e-06,2.2943730162140623,2.1598142720958515,z vs boundary
compliance_boundary,disjoint_gs_obf,false rejection of the component compliance gate (first crossing),7019,9000,122,60,-0.006888888888888833,2.241889702422354e-06,2.077822289713385,1.8952910023547518,z vs boundary
compliance_boundary,disjoint_gs_obf,false rejection of the component compliance gate (first crossing),7037,4000,38,24,-0.0034999999999999476,3.872905726431608e-06,3.3028959604011843,2.906130928702722,z vs boundary
compliance_boundary,disjoint_gs_obf,false rejection of the component compliance gate (first crossing),7041,7000,72,24,-0.006857142857142784,1.952745435936912e-06,2.2490640573746035,2.1598142720958515,z vs boundary
compliance_boundary,disjoint_gs_obf,false rejection of the component compliance gate (first crossing),7070,10000,127,52,-0.007500000000000062,1.7845534553455347e-06,1.8714370701497416,1.794944269526594,z vs boundary
compliance_boundary,disjoint_gs_obf,false rejection of the component compliance gate (first crossing),7079,8000,92,41,-0.0063749999999999085,2.0733040848856103e-06,2.517540751576871,2.0146286151040447,z vs boundary
compliance_boundary,disjoint_gs_obf,false rejection of the component compliance gate (first crossing),7108,8000,96,42,-0.006750000000000034,2.1195696337042133e-06,2.2323357610611847,2.0146286151040447,z vs boundary
compliance_boundary,disjoint_gs_obf,false rejection of the component compliance gate (first crossing),7147,5000,58,38,-0.0040000000000000036,3.837567513502701e-06,3.062832423108285,2.5789649844578957,z vs boundary
compliance_boundary,disjoint_gs_obf,false rejection of the component compliance gate (first crossing),7152,9000,117,53,-0.007111111111111068,2.0933793741142708e-06,1.9966726455724175,1.8952910023547518,z vs boundary
compliance_boundary,disjoint_gs_obf,false rejection of the component compliance gate (first crossing),7202,4000,42,26,-0.0040000000000000036,4.2470617654413606e-06,2.9114340834104895,2.906130928702722,z vs boundary
compliance_boundary,disjoint_gs_obf,false rejection of the component compliance gate (first crossing),7229,10000,128,53,-0.007500000000000062,1.7845534553455347e-06,1.8714370701497416,1.794944269526594,z vs boundary
compliance_boundary,disjoint_gs_obf,false rejection of the component compliance gate (first crossing),7250,4000,35,20,-0.003750000000000031,3.434843085771443e-06,3.372302825240595,2.906130928702722,z vs boundary
compliance_boundary,disjoint_gs_obf,false rejection of the component compliance gate (first crossing),7256,9000,106,43,-0.007000000000000006,1.8342655356768034e-06,2.215083752943153,1.8952910023547518,z vs boundary
compliance_boundary,disjoint_gs_obf,false rejection of the component compliance gate (first crossing),7258,9000,117,52,-0.007222222222222241,2.0561612469972662e-06,1.9371752620409155,1.8952910023547518,z vs boundary
compliance_boundary,disjoint_gs_obf,false rejection of the component compliance gate (first crossing),7270,10000,134,59,-0.007499999999999951,1.9245674567456747e-06,1.8020773981739575,1.794944269526594,z vs boundary
compliance_boundary,disjoint_gs_obf,false rejection of the component compliance gate (first crossing),7300,9000,111,50,-0.0067777777777777715,1.9580762745929244e-06,2.302717629111597,1.8952910023547518,z vs boundary
compliance_boundary,disjoint_gs_obf,false rejection of the component compliance gate (first crossing),7341,10000,127,51,-0.007600000000000051,1.7543994399439946e-06,1.8119533058817876,1.794944269526594,z vs boundary
compliance_boundary,disjoint_gs_obf,false rejection of the component compliance gate (first crossing),7369,9000,106,42,-0.007111111111111068,1.7970501523488892e-06,2.1550171947232966,1.8952910023547518,z vs boundary
compliance_boundary,disjoint_gs_obf,false rejection of the component compliance gate (first crossing),7406,7000,87,43,-0.006285714285714339,2.6477951660732873e-06,2.2826173578429274,2.1598142720958515,z vs boundary
compliance_boundary,disjoint_gs_obf,false rejection of the component compliance gate (first crossing),7439,9000,118,54,-0.007111111111111068,2.118073475928052e-06,1.9849991616657654,1.8952910023547518,z vs boundary
compliance_boundary,disjoint_gs_obf,false rejection of the component compliance gate (first crossing),7469,7000,86,48,-0.005428571428571338,2.6492297733495454e-06,2.808614442139714,2.1598142720958515,z vs boundary
compliance_boundary,disjoint_gs_obf,false rejection of the component compliance gate (first crossing),7520,6000,68,37,-0.005166666666666653,2.9127030430997756e-06,2.8320351722749573,2.341741367771298,z vs boundary
compliance_boundary,disjoint_gs_obf,false rejection of the component compliance gate (first crossing),7527,6000,69,38,-0.005166666666666653,2.9127030430997756e-06,2.8320351722749573,2.341741367771298,z vs boundary
compliance_boundary,disjoint_gs_obf,false rejection of the component compliance gate (first crossing),7552,4000,46,35,-0.002749999999999919,4.811812328082021e-06,3.3050928628615868,2.906130928702722,z vs boundary
compliance_boundary,disjoint_gs_obf,false rejection of the component compliance gate (first crossing),7611,10000,139,65,-0.007400000000000073,2.034727472747275e-06,1.822721110320881,1.794944269526594,z vs boundary
compliance_boundary,disjoint_gs_obf,false rejection of the component compliance gate (first crossing),7614,9000,107,44,-0.006999999999999895,1.8589596374905853e-06,2.2003221696432322,1.8952910023547518,z vs boundary
compliance_boundary,disjoint_gs_obf,false rejection of the component compliance gate (first crossing),7673,7000,87,46,-0.005857142857142894,2.6689497916611993e-06,2.535886174364154,2.1598142720958515,z vs boundary
compliance_boundary,disjoint_gs_obf,false rejection of the component compliance gate (first crossing),7692,6000,68,32,-0.006000000000000005,2.6611101850308386e-06,2.4520457149947172,2.341741367771298,z vs boundary
compliance_boundary,disjoint_gs_obf,false rejection of the component compliance gate (first crossing),7720,10000,126,55,-0.007099999999999995,1.7851375137513753e-06,2.170511841943192,1.794944269526594,z vs boundary
compliance_boundary,disjoint_gs_obf,false rejection of the component compliance gate (first crossing),7724,10000,137,63,-0.007400000000000073,1.974721472147215e-06,1.8502074430899482,1.794944269526594,z vs boundary
compliance_boundary,disjoint_gs_obf,false rejection of the component compliance gate (first crossing),7740,9000,102,39,-0.007000000000000006,1.7354891284216764e-06,2.277247877586564,1.8952910023547518,z vs boundary
compliance_boundary,disjoint_gs_obf,false rejection of the component compliance gate (first crossing),7763,8000,106,51,-0.0068749999999999645,2.3537610170021254e-06,2.0368959224415217,2.0146286151040447,z vs boundary
compliance_boundary,disjoint_gs_obf,false rejection of the component compliance gate (first crossing),7779,7000,81,35,-0.006571428571428561,2.3206930436126445e-06,2.2506312848561,2.1598142720958515,z vs boundary
compliance_boundary,disjoint_gs_obf,false rejection of the component compliance gate (first crossing),7780,6000,67,32,-0.005833333333333357,2.7447861680650477e-06,2.514979793251947,2.341741367771298,z vs boundary
compliance_boundary,disjoint_gs_obf,false rejection of the component compliance gate (first crossing),7790,10000,140,70,-0.007000000000000006,2.095309530953095e-06,2.0725125089735976,1.794944269526594,z vs boundary
compliance_boundary,disjoint_gs_obf,false rejection of the component compliance gate (first crossing),7794,9000,121,56,-0.007222222222222241,2.130243552438611e-06,1.9031931656194316,1.8952910023547518,z vs boundary
compliance_boundary,disjoint_gs_obf,false rejection of the component compliance gate (first crossing),7820,6000,65,29,-0.006000000000000005,2.605545368672557e-06,2.4780534608933755,2.341741367771298,z vs boundary
compliance_boundary,disjoint_gs_obf,false rejection of the component compliance gate (first crossing),7828,8000,95,39,-0.007000000000000006,2.0566320790098763e-06,2.0919097877507844,2.0146286151040447,z vs boundary
compliance_boundary,disjoint_gs_obf,false rejection of the component compliance gate (first crossing),7848,9000,114,49,-0.007222222222222241,2.0067730433697025e-06,1.9608680484965595,1.8952910023547518,z vs boundary
compliance_boundary,disjoint_gs_obf,false rejection of the component compliance gate (first crossing),7849,10000,121,52,-0.006900000000000017,1.7254115411541152e-06,2.3600181582592956,1.794944269526594,z vs boundary
compliance_boundary,disjoint_gs_obf,false rejection of the component compliance gate (first crossing),7851,10000,117,49,-0.006800000000000028,1.6555415541554155e-06,2.487023765401773,1.794944269526594,z vs boundary
compliance_boundary,disjoint_gs_obf,false rejection of the component compliance gate (first crossing),7858,10000,140,67,-0.007299999999999973,2.004871487148715e-06,1.9068674016177394,1.794944269526594,z vs boundary
compliance_boundary,disjoint_gs_obf,false rejection of the component compliance gate (first crossing),7928,5000,57,33,-0.0047999999999999154,3.596111222244449e-06,2.7421220811223646,2.5789649844578957,z vs boundary
compliance_boundary,disjoint_gs_obf,false rejection of the component compliance gate (first crossing),7931,10000,131,57,-0.007399999999999962,1.8347074707470746e-06,1.919508030077738,1.794944269526594,z vs boundary
compliance_boundary,disjoint_gs_obf,false rejection of the component compliance gate (first crossing),7940,9000,113,51,-0.006888888888888833,2.019642786098318e-06,2.1891637120039698,1.8952910023547518,z vs boundary
compliance_boundary,disjoint_gs_obf,false rejection of the component compliance gate (first crossing),7941,9000,111,45,-0.007333333333333303,1.8954698670222619e-06,1.9369137845368163,1.8952910023547518,z vs boundary
compliance_boundary,disjoint_gs_obf,false rejection of the component compliance gate (first crossing),7947,7000,78,39,-0.0055714285714285605,2.383661222740275e-06,2.8684110580719904,2.1598142720958515,z vs boundary
compliance_boundary,disjoint_gs_obf,false rejection of the component compliance gate (first crossing),7966,9000,118,53,-0.00722222222222213,2.0808553488110477e-06,1.9256464513443665,1.8952910023547518,z vs boundary
compliance_boundary,disjoint_gs_obf,false rejection of the component compliance gate (first crossing),7968,5000,57,35,-0.0043999999999999595,3.6768633726745347e-06,2.920446675280076,2.5789649844578957,z vs boundary
compliance_boundary,disjoint_gs_obf,false rejection of the component compliance gate (first crossing),7993,7000,87,43,-0.006285714285714339,2.6477951660732873e-06,2.2826173578429274,2.1598142720958515,z vs boundary
compliance_boundary,disjoint_gs_obf,false rejection of the component compliance gate (first crossing),7995,10000,122,49,-0.007299999999999973,1.6848394839483948e-06,2.080101361992031,1.794944269526594,z vs boundary
compliance_boundary,disjoint_gs_obf,false rejection of the component compliance gate (first crossing),7999,8000,98,43,-0.0068749999999999645,2.1662375765720713e-06,2.123229693315241,2.0146286151040447,z vs boundary
compliance_boundary,disjoint_gs_obf,false rejection of the component compliance gate (first crossing),8008,6000,66,32,-0.005666666666666709,2.7173232575799675e-06,2.628763067848686,2.341741367771298,z vs boundary
compliance_boundary,disjoint_gs_obf,false rejection of the component compliance gate (first crossing),8051,7000,85,42,-0.006142857142857117,2.586815609226974e-06,2.3981866866882053,2.1598142720958515,z vs boundary
compliance_boundary,disjoint_gs_obf,false rejection of the component compliance gate (first crossing),8061,6000,73,42,-0.005166666666666653,3.1349623085329033e-06,2.729798467792127,2.341741367771298,z vs boundary
compliance_boundary,disjoint_gs_obf,false rejection of the component compliance gate (first crossing),8112,7000,89,44,-0.006428571428571339,2.6679467329151975e-06,2.1865196842781423,2.1598142720958515,z vs boundary
compliance_boundary,disjoint_gs_obf,false rejection of the component compliance gate (first crossing),8127,6000,67,31,-0.006000000000000005,2.71667500138912e-06,2.426840020072153,2.341741367771298,z vs boundary
compliance_boundary,disjoint_gs_obf,false rejection of the component compliance gate (first crossing),8139,9000,112,50,-0.006888888888888944,1.9949486842845363e-06,2.2026711190633366,1.8952910023547518,z vs boundary
compliance_boundary,disjoint_gs_obf,false rejection of the component compliance gate (first crossing),8147,8000,104,49,-0.0068749999999999645,2.3850149237404674e-06,2.023505882378602,2.0146286151040447,z vs boundary
compliance_boundary,disjoint_gs_obf,false rejection of the component compliance gate (first crossing),8179,9000,124,60,-0.007111111111111068,2.266238086810743e-06,1.9190136835084166,1.8952910023547518,z vs boundary
compliance_boundary,disjoint_gs_obf,false rejection of the component compliance gate (first crossing),8185,8000,101,53,-0.006000000000000005,2.402050256282035e-06,2.5808867412956844,2.0146286151040447,z vs boundary
compliance_boundary,disjoint_gs_obf,false rejection of the component compliance gate (first crossing),8190,5000,54,31,-0.0046000000000000485,3.3964472894578913e-06,2.930092429230574,2.5789649844578957,z vs boundary
compliance_boundary,disjoint_gs_obf,false rejection of the component compliance gate (first crossing),8194,7000,78,36,-0.006000000000000005,2.321719429306227e-06,2.625156042061794,2.1598142720958515,z vs boundary
compliance_boundary,disjoint_gs_obf,false rejection of the component compliance gate (first crossing),8216,8000,107,53,-0.006750000000000034,2.4633626078259787e-06,2.070709560068212,2.0146286151040447,z vs boundary
compliance_boundary,disjoint_gs_obf,false rejection of the component compliance gate (first crossing),8255,9000,119,54,-0.007222222222222241,2.130243552438611e-06,1.9031931656194316,1.8952910023547518,z vs boundary
compliance_boundary,disjoint_gs_obf,false rejection of the component compliance gate (first crossing),8268,4000,46,34,-0.0030000000000000027,4.998999749937484e-06,3.130808343287254,2.906130928702722,z vs boundary
compliance_boundary,disjoint_gs_obf,false rejection of the component compliance gate (first crossing),8273,9000,129,67,-0.006888888888888833,2.390054313305045e-06,2.0123876192406005,1.8952910023547518,z vs boundary
compliance_boundary,disjoint_gs_obf,false rejection of the component compliance gate (first crossing),8293,9000,111,52,-0.006555555555555537,2.0077937329113386e-06,2.4308582643493573,1.8952910023547518,z vs boundary
compliance_boundary,disjoint_gs_obf,false rejection of the component compliance gate (first crossing),8313,10000,116,39,-0.00770000000000004,1.5442254225422545e-06,1.850855385803241,1.794944269526594,z vs boundary
compliance_boundary,disjoint_gs_obf,false rejection of the component compliance gate (first crossing),8315,6000,74,39,-0.005833333333333357,3.0226102498564573e-06,2.3966117428018068,2.341741367771298,z vs boundary
compliance_boundary,disjoint_gs_obf,false rejection of the component compliance gate (first crossing),8321,5000,51,32,-0.0038000000000000256,3.3177755551110225e-06,3.403832557667727,2.5789649844578957,z vs boundary
compliance_boundary,disjoint_gs_obf,false rejection of the component compliance gate (first crossing),8325,9000,114,54,-0.00666666666666671,2.069365731994913e-06,2.3171818535115962,1.8952910023547518,z vs boundary
compliance_boundary,disjoint_gs_obf,false rejection of the component compliance gate (first crossing),8333,5000,53,26,-0.005400000000000071,3.154798959791959e-06,2.5898343524558847,2.5789649844578957,z vs boundary
compliance_boundary,disjoint_gs_obf,false rejection of the component compliance gate (first crossing),8356,10000,135,62,-0.007299999999999973,1.9648674867486747e-06,1.926181161329474,1.794944269526594,z vs boundary
compliance_boundary,disjoint_gs_obf,false rejection of the component compliance gate (first crossing),8359,10000,126,50,-0.00759999999999994,1.7343974397439747e-06,1.8223715627510257,1.794944269526594,z vs boundary
compliance_boundary,disjoint_gs_obf,false rejection of the component compliance gate (first crossing),8363,7000,89,46,-0.006142857142857117,2.709282084029497e-06,2.343357837036783,2.1598142720958515,z vs boundary
compliance_boundary,disjoint_gs_obf,false rejection of the component compliance gate (first crossing),8399,5000,52,27,-0.0050000000000000044,3.155631126225245e-06,2.8146661406567826,2.5789649844578957,z vs boundary
compliance_boundary,disjoint_gs_obf,false rejection of the component compliance gate (first crossing),8432,8000,98,44,-0.006750000000000034,2.1820774471808977e-06,2.2001296844798213,2.0146286151040447,z vs boundary
compliance_boundary,disjoint_gs_obf,false rejection of the component compliance gate (first crossing),8445,7000,80,34,-0.006571428571428561,2.3206930436126445e-06,2.2506312848561,2.1598142720958515,z vs boundary
compliance_boundary,disjoint_gs_obf,false rejection of the component compliance gate (first crossing),8468,10000,132,58,-0.007399999999999962,1.8547094709470947e-06,1.9091295646089388,1.794944269526594,z vs boundary
compliance_boundary,disjoint_gs_obf,false rejection of the component compliance gate (first crossing),8544,10000,135,62,-0.007299999999999973,1.9648674867486747e-06,1.926181161329474,1.794944269526594,z vs boundary
compliance_boundary,disjoint_gs_obf,false rejection of the component compliance gate (first crossing),8546,10000,125,51,-0.007399999999999962,1.7546994699469947e-06,1.9627815885599993,1.794944269526594,z vs boundary
compliance_boundary,disjoint_gs_obf,false rejection of the component compliance gate (first crossing),8552,5000,60,37,-0.0046000000000000485,3.796527305461092e-06,2.7714081893024662,2.5789649844578957,z vs boundary
compliance_boundary,disjoint_gs_obf,false rejection of the component compliance gate (first crossing),8571,8000,115,66,-0.006125000000000047,2.823788520440055e-06,2.305980458600373,2.0146286151040447,z vs boundary
compliance_boundary,disjoint_gs_obf,false rejection of the component compliance gate (first crossing),8593,9000,114,48,-0.007333333333333414,1.944858070649825e-06,1.912162406197671,1.8952910023547518,z vs boundary
compliance_boundary,disjoint_gs_obf,false rejection of the component compliance gate (first crossing),8643,10000,126,53,-0.007299999999999973,1.7848494849484948e-06,2.020984417805506,1.794944269526594,z vs boundary
compliance_boundary,disjoint_gs_obf,false rejection of the component compliance gate (first crossing),8656,4000,42,31,-0.002749999999999919,4.561749812453114e-06,3.3944723476542022,2.906130928702722,z vs boundary
compliance_boundary,disjoint_gs_obf,false rejection of the component compliance gate (first crossing),8666,9000,128,65,-0.007000000000000006,2.328147571952439e-06,1.9661470780412376,1.8952910023547518,z vs boundary
compliance_boundary,disjoint_gs_obf,false rejection of the component compliance gate (first crossing),8668,9000,115,50,-0.007222222222222241,1.9820789415559206e-06,1.973045159159582,1.8952910023547518,z vs boundary
compliance_boundary,disjoint_gs_obf,false rejection of the component compliance gate (first crossing),8682,5000,60,37,-0.0046000000000000485,3.796527305461092e-06,2.7714081893024662,2.5789649844578957,z vs boundary
compliance_boundary,disjoint_gs_obf,false rejection of the component compliance gate (first crossing),8685,4000,41,25,-0.0040000000000000036,4.122030507626907e-06,2.955259686656782,2.906130928702722,z vs boundary
compliance_boundary,disjoint_gs_obf,false rejection of the component compliance gate (first crossing),8686,10000,129,54,-0.007500000000000062,1.8245574557455745e-06,1.8508074402497592,1.794944269526594,z vs boundary
compliance_boundary,disjoint_gs_obf,false rejection of the component compliance gate (first crossing),8732,6000,75,42,-0.005499999999999949,3.245499249874979e-06,2.497881072778983,2.341741367771298,z vs boundary
compliance_boundary,disjoint_gs_obf,false rejection of the component compliance gate (first crossing),8784,6000,67,31,-0.006000000000000005,2.71667500138912e-06,2.426840020072153,2.341741367771298,z vs boundary
compliance_boundary,disjoint_gs_obf,false rejection of the component compliance gate (first crossing),8827,8000,111,58,-0.006624999999999992,2.6042141986498314e-06,2.091391920702028,2.0146286151040447,z vs boundary
compliance_boundary,disjoint_gs_obf,false rejection of the component compliance gate (first crossing),8829,3000,31,26,-0.0016666666666665941,5.8899262717202036e-06,3.4337116718295793,3.396230702295522,z vs boundary
compliance_boundary,disjoint_gs_obf,false rejection of the component compliance gate (first crossing),8840,8000,98,45,-0.006624999999999992,2.2291673177897237e-06,2.260489237217038,2.0146286151040447,z vs boundary
compliance_boundary,disjoint_gs_obf,false rejection of the component compliance gate (first crossing),8867,9000,110,46,-0.007111111111111179,1.920520661417798e-06,2.0845933434919184,1.8952910023547518,z vs boundary
compliance_boundary,disjoint_gs_obf,false rejection of the component compliance gate (first crossing),8903,7000,84,39,-0.00642857142857145,2.46383594157766e-06,2.275286424054894,2.1598142720958515,z vs boundary
compliance_boundary,disjoint_gs_obf,false rejection of the component compliance gate (first crossing),8923,10000,144,70,-0.007399999999999962,2.094733473347335e-06,1.7964244677367314,1.794944269526594,z vs boundary
compliance_boundary,disjoint_gs_obf,false rejection of the component compliance gate (first crossing),8925,10000,128,58,-0.007000000000000006,1.8552855285528553e-06,2.202499792653687,1.794944269526594,z vs boundary
compliance_boundary,disjoint_gs_obf,false rejection of the component compliance gate (first crossing),8964,8000,102,48,-0.006750000000000034,2.338346980872609e-06,2.1253422871006133,2.0146286151040447,z vs boundary
compliance_boundary,disjoint_gs_obf,false rejection of the component compliance gate (first crossing),9011,6000,66,35,-0.005166666666666653,2.8015734103832116e-06,2.887657919072721,2.341741367771298,z vs boundary
compliance_boundary,disjoint_gs_obf,false rejection of the component compliance gate (first crossing),9013,9000,111,45,-0.007333333333333303,1.920163968836043e-06,1.9244187259545005,1.8952910023547518,z vs boundary
compliance_boundary,disjoint_gs_obf,false rejection of the component compliance gate (first crossing),9029,10000,127,51,-0.007600000000000051,1.7744014401440145e-06,1.8017117094593469,1.794944269526594,z vs boundary
compliance_boundary,disjoint_gs_obf,false rejection of the component compliance gate (first crossing),9051,10000,133,58,-0.007499999999999951,1.8645614561456148e-06,1.8308453337931663,1.794944269526594,z vs boundary
compliance_boundary,disjoint_gs_obf,false rejection of the component compliance gate (first crossing),9061,10000,129,58,-0.007099999999999995,1.8451435143514352e-06,2.1349264725066357,1.794944269526594,z vs boundary
compliance_boundary,disjoint_gs_obf,false rejection of the component compliance gate (first crossing),9082,9000,112,53,-0.006555555555555537,2.0077937329113386e-06,2.4308582643493573,1.8952910023547518,z vs boundary
compliance_boundary,disjoint_gs_obf,false rejection of the component compliance gate (first crossing),9087,10000,123,49,-0.007399999999999962,1.7146954695469548e-06,1.985545518906564,1.794944269526594,z vs boundary
compliance_boundary,disjoint_gs_obf,false rejection of the component compliance gate (first crossing),9090,7000,85,41,-0.006285714285714228,2.566150849538272e-06,2.318644766965779,2.1598142720958515,z vs boundary
compliance_boundary,disjoint_gs_obf,false rejection of the component compliance gate (first crossing),9173,8000,106,52,-0.006750000000000034,2.369600887610952e-06,2.1112796371856124,2.0146286151040447,z vs boundary
compliance_boundary,disjoint_gs_obf,false rejection of the component compliance gate (first crossing),9183,10000,135,62,-0.007299999999999973,1.9648674867486747e-06,1.926181161329474,1.794944269526594,z vs boundary
compliance_boundary,disjoint_gs_obf,false rejection of the component compliance gate (first crossing),9200,4000,36,21,-0.003750000000000031,3.434843085771443e-06,3.372302825240595,2.906130928702722,z vs boundary
compliance_boundary,disjoint_gs_obf,false rejection of the component compliance gate (first crossing),9219,10000,133,59,-0.007399999999999962,1.914715471547155e-06,1.878975964385097,1.794944269526594,z vs boundary
compliance_boundary,disjoint_gs_obf,false rejection of the component compliance gate (first crossing),9247,7000,88,44,-0.006285714285714228,2.688617324340795e-06,2.2652222124008614,2.1598142720958515,z vs boundary
compliance_boundary,disjoint_gs_obf,false rejection of the component compliance gate (first crossing),9249,10000,130,60,-0.007000000000000006,1.8952895289528951e-06,2.1791316731259363,1.794944269526594,z vs boundary
compliance_boundary,disjoint_gs_obf,false rejection of the component compliance gate (first crossing),9273,10000,126,51,-0.007499999999999951,1.7645514551455147e-06,1.8820139799205444,1.794944269526594,z vs boundary
compliance_boundary,disjoint_gs_obf,false rejection of the component compliance gate (first crossing),9314,8000,101,48,-0.006624999999999992,2.2916751312664085e-06,2.2294475069925097,2.0146286151040447,z vs boundary
compliance_boundary,disjoint_gs_obf,false rejection of the component compliance gate (first crossing),9335,7000,87,43,-0.006285714285714339,2.6477951660732873e-06,2.2826173578429274,2.1598142720958515,z vs boundary
compliance_boundary,disjoint_gs_obf,false rejection of the component compliance gate (first crossing),9391,8000,99,48,-0.0063750000000000195,2.260827525315664e-06,2.4108727873121767,2.0146286151040447,z vs boundary
compliance_boundary,disjoint_gs_obf,false rejection of the component compliance gate (first crossing),9413,10000,132,57,-0.007499999999999951,1.8645614561456148e-06,1.8308453337931663,1.794944269526594,z vs boundary
compliance_boundary,disjoint_gs_obf,false rejection of the component compliance gate (first crossing),9415,10000,133,67,-0.006599999999999939,1.9958435843584357e-06,2.4066651318182,1.794944269526594,z vs boundary
compliance_boundary,disjoint_gs_obf,false rejection of the component compliance gate (first crossing),9498,9000,110,44,-0.007333333333333303,1.8954698670222619e-06,1.9369137845368163,1.8952910023547518,z vs boundary
compliance_boundary,disjoint_gs_obf,false rejection of the component compliance gate (first crossing),9502,8000,99,44,-0.0068750000000000755,2.2287453900487557e-06,2.0932436997257207,2.0146286151040447,z vs boundary
compliance_boundary,disjoint_gs_obf,false rejection of the component compliance gate (first crossing),9509,9000,112,46,-0.007333333333333414,1.944858070649825e-06,1.912162406197671,1.8952910023547518,z vs boundary
compliance_boundary,disjoint_gs_obf,false rejection of the component compliance gate (first crossing),9514,10000,118,48,-0.007000000000000006,1.6352635263526351e-06,2.3459966068828493,1.794944269526594,z vs boundary
compliance_boundary,disjoint_gs_obf,false rejection of the component compliance gate (first crossing),9554,10000,132,58,-0.007399999999999962,1.8747114711471148e-06,1.8989176429801973,1.794944269526594,z vs boundary
compliance_boundary,disjoint_gs_obf,false rejection of the component compliance gate (first crossing),9570,10000,126,53,-0.007299999999999973,1.7648474847484746e-06,2.0324046224972845,1.794944269526594,z vs boundary
compliance_boundary,disjoint_gs_obf,false rejection of the component compliance gate (first crossing),9650,8000,98,45,-0.006624999999999992,2.1979134110513812e-06,2.2765043666547484,2.0146286151040447,z vs boundary
compliance_boundary,disjoint_gs_obf,false rejection of the component compliance gate (first crossing),9669,10000,128,57,-0.007099999999999995,1.8251415141514151e-06,2.146593085625007,1.794944269526594,z vs boundary
compliance_boundary,disjoint_gs_obf,false rejection of the component compliance gate (first crossing),9679,7000,85,40,-0.00642857142857145,2.545480258112675e-06,2.238500017349255,2.1598142720958515,z vs boundary
compliance_boundary,disjoint_gs_obf,false rejection of the component compliance gate (first crossing),9729,5000,53,26,-0.005400000000000071,3.154798959791959e-06,2.5898343524558847,2.5789649844578957,z vs boundary
compliance_boundary,disjoint_gs_obf,false rejection of the component compliance gate (first crossing),9743,9000,114,49,-0.007222222222222241,2.0067730433697025e-06,1.9608680484965595,1.8952910023547518,z vs boundary
compliance_boundary,disjoint_gs_obf,false rejection of the component compliance gate (first crossing),9745,6000,66,36,-0.0050000000000000044,2.8296382730455075e-06,2.972381460444092,2.341741367771298,z vs boundary
compliance_boundary,disjoint_gs_obf,false rejection of the component compliance gate (first crossing),9747,9000,111,45,-0.007333333333333303,1.8954698670222619e-06,1.9369137845368163,1.8952910023547518,z vs boundary
compliance_boundary,disjoint_gs_obf,false rejection of the component compliance gate (first crossing),9763,9000,125,61,-0.007111111111111068,2.2415439849969615e-06,1.9295551940787157,1.8952910023547518,z vs boundary
compliance_boundary,disjoint_gs_obf,false rejection of the component compliance gate (first crossing),9780,10000,126,59,-0.006699999999999928,1.8256935693569357e-06,2.442305553272586,1.794944269526594,z vs boundary
compliance_boundary,disjoint_gs_obf,false rejection of the component compliance gate (first crossing),9809,7000,83,37,-0.006571428571428561,2.4023373601476597e-06,2.2120564418716837,2.1598142720958515,z vs boundary
compliance_boundary,disjoint_gs_obf,false rejection of the component compliance gate (first crossing),9817,7000,84,40,-0.006285714285714339,2.5253286912707644e-06,2.337310184655885,2.1598142720958515,z vs boundary
compliance_boundary,disjoint_gs_obf,false rejection of the component compliance gate (first crossing),9822,7000,88,44,-0.006285714285714228,2.6477951660732873e-06,2.2826173578429274,2.1598142720958515,z vs boundary
compliance_boundary,disjoint_gs_obf,false rejection of the component compliance gate (first crossing),9826,10000,124,49,-0.007499999999999951,1.7245474547454745e-06,1.9037172008632566,1.794944269526594,z vs boundary
compliance_boundary,disjoint_gs_obf,false rejection of the component compliance gate (first crossing),9857,6000,70,35,-0.005833333333333357,2.9114806171398933e-06,2.441922107517302,2.341741367771298,z vs boundary
compliance_boundary,disjoint_gs_obf,false rejection of the component compliance gate (first crossing),9913,5000,52,25,-0.00539999999999996,2.9947669533906783e-06,2.658130603716517,2.5789649844578957,z vs boundary
compliance_boundary,disjoint_gs_obf,false rejection of the component compliance gate (first crossing),9946,9000,107,49,-0.006444444444444364,1.9215248882248917e-06,2.5649828276962827,1.8952910023547518,z vs boundary
compliance_boundary,disjoint_gs_obf,false rejection of the component compliance gate (first crossing),9947,6000,73,38,-0.005833333333333357,3.0781750662147394e-06,2.3748823524140947,2.341741367771298,z vs boundary
